rank,local_train_index,sample_id,harmful_influence,observed_label,label,demo,id_student,code_module,code_presentation,final_result
1,1860,BBB_2014B_537605,3.3599340554246737e-07,0,0,A,537605,BBB,2014B,Fail
2,1637,BBB_2013B_526506,3.3555252798578294e-07,0,0,B,526506,BBB,2013B,Withdrawn
3,2142,BBB_2014J_496373,3.313380432246049e-07,0,0,B,496373,BBB,2014J,Withdrawn
4,3516,BBB_2013J_542562,3.301789774923236e-07,0,0,B,542562,BBB,2013J,Withdrawn
5,1169,BBB_2013B_500585,3.2525682058803795e-07,0,0,B,500585,BBB,2013B,Withdrawn
6,329,BBB_2013J_2509297,3.25243945553666e-07,0,0,B,2509297,BBB,2013J,Withdrawn
7,235,BBB_2013B_503390,3.2389061743742786e-07,0,0,B,503390,BBB,2013B,Fail
8,1052,BBB_2014B_484446,3.2193483434639347e-07,0,0,B,484446,BBB,2014B,Withdrawn
9,378,BBB_2014J_656576,3.191026110016537e-07,0,0,B,656576,BBB,2014J,Withdrawn
10,3914,BBB_2013B_183806,3.167491513522691e-07,0,0,B,183806,BBB,2013B,Fail
11,1826,BBB_2013J_590310,3.1651546805733233e-07,0,0,B,590310,BBB,2013J,Withdrawn
12,1121,BBB_2013J_595047,3.1522114340987173e-07,0,0,B,595047,BBB,2013J,Withdrawn
13,1058,BBB_2013J_280151,3.1272534783965966e-07,0,0,B,280151,BBB,2013J,Fail
14,326,BBB_2013J_575520,3.1236777431331575e-07,0,0,B,575520,BBB,2013J,Withdrawn
15,2068,BBB_2013B_510492,3.108796136075398e-07,0,0,B,510492,BBB,2013B,Fail
16,224,BBB_2014B_2690719,3.1049555104800675e-07,0,0,A,2690719,BBB,2014B,Withdrawn
17,3789,BBB_2013J_576550,3.100408036971203e-07,0,0,B,576550,BBB,2013J,Withdrawn
18,2564,BBB_2014B_591309,3.097293586051819e-07,0,0,B,591309,BBB,2014B,Withdrawn
19,1433,BBB_2013J_475594,3.0967359521127946e-07,0,0,B,475594,BBB,2013J,Fail
20,2840,BBB_2013B_499931,3.0896819680492627e-07,0,0,B,499931,BBB,2013B,Fail
21,2501,BBB_2013J_600211,3.080191106619168e-07,0,0,B,600211,BBB,2013J,Fail
22,868,BBB_2013J_589239,3.080191106619168e-07,0,0,B,589239,BBB,2013J,Withdrawn
23,2855,BBB_2013B_335421,3.078579879911558e-07,0,0,B,335421,BBB,2013B,Fail
24,3819,BBB_2013J_551628,3.0780134352426103e-07,0,0,B,551628,BBB,2013J,Withdrawn
25,3901,BBB_2014J_165498,3.0777368920098525e-07,0,0,B,165498,BBB,2014J,Withdrawn
26,203,BBB_2014B_140719,3.0711905196767475e-07,0,0,B,140719,BBB,2014B,Fail
27,1975,BBB_2014J_686703,3.069076512929314e-07,0,0,B,686703,BBB,2014J,Withdrawn
28,2323,BBB_2013J_564791,3.0690051744386437e-07,0,0,B,564791,BBB,2013J,Withdrawn
29,3536,BBB_2013B_509295,3.066065517032257e-07,0,0,B,509295,BBB,2013B,Withdrawn
30,1413,BBB_2013J_551515,3.0615208856943354e-07,0,0,B,551515,BBB,2013J,Withdrawn
31,980,BBB_2013J_490500,3.0547249707524315e-07,0,0,B,490500,BBB,2013J,Fail
32,2362,BBB_2013J_577905,3.0547249707524315e-07,0,0,B,577905,BBB,2013J,Withdrawn
33,530,BBB_2014J_2629503,3.0529955097335915e-07,0,0,B,2629503,BBB,2014J,Withdrawn
34,1764,BBB_2014B_597730,3.05177508153065e-07,0,0,B,597730,BBB,2014B,Fail
35,1231,BBB_2013J_529597,3.05153605495434e-07,0,0,B,529597,BBB,2013J,Fail
36,614,BBB_2013J_576882,3.0426704711317143e-07,0,0,B,576882,BBB,2013J,Fail
37,1521,BBB_2014J_682731,3.0389594485313864e-07,0,0,B,682731,BBB,2014J,Withdrawn
38,1874,BBB_2013J_607286,3.0330966183100827e-07,0,0,B,607286,BBB,2013J,Withdrawn
39,404,BBB_2014B_577905,3.0321140798150736e-07,0,0,B,577905,BBB,2014B,Fail
40,52,BBB_2014J_653551,3.0204802214939264e-07,0,0,B,653551,BBB,2014J,Withdrawn
41,1520,BBB_2014J_485853,3.014284857272287e-07,0,0,B,485853,BBB,2014J,Withdrawn
42,2281,BBB_2014B_2300911,3.0131545258882397e-07,0,0,B,2300911,BBB,2014B,Withdrawn
43,521,BBB_2014J_681961,3.012581544226123e-07,0,0,B,681961,BBB,2014J,Withdrawn
44,3765,BBB_2013B_501008,3.007749000971671e-07,0,0,B,501008,BBB,2013B,Withdrawn
45,1469,BBB_2014J_630343,3.006836379881861e-07,0,0,B,630343,BBB,2014J,Withdrawn
46,2400,BBB_2014J_617811,3.0038725640224584e-07,0,0,B,617811,BBB,2014J,Withdrawn
47,811,BBB_2013B_485352,2.997063006660028e-07,0,0,B,485352,BBB,2013B,Withdrawn
48,2653,BBB_2013J_553893,2.9947779012218234e-07,0,0,B,553893,BBB,2013J,Fail
49,2486,BBB_2014B_606501,2.9913360322098015e-07,0,0,B,606501,BBB,2014B,Withdrawn
50,2492,BBB_2013J_78255,2.9868695605728135e-07,0,0,B,78255,BBB,2013J,Withdrawn
51,1164,BBB_2013B_2578041,2.9865665851502854e-07,0,0,B,2578041,BBB,2013B,Withdrawn
52,1021,BBB_2013J_587120,2.981064994855842e-07,0,0,B,587120,BBB,2013J,Withdrawn
53,2093,BBB_2014J_675116,2.9771223353236564e-07,0,0,B,675116,BBB,2014J,Withdrawn
54,1926,BBB_2013J_607848,2.9764109399366134e-07,0,0,B,607848,BBB,2013J,Withdrawn
55,1037,BBB_2013B_242149,2.9711713978031185e-07,0,0,B,242149,BBB,2013B,Withdrawn
56,1500,BBB_2013B_127209,2.968219803278771e-07,0,0,B,127209,BBB,2013B,Withdrawn
57,2510,BBB_2013J_582591,2.9645269705724786e-07,0,0,B,582591,BBB,2013J,Fail
58,956,BBB_2013J_576375,2.9645269705724786e-07,0,0,B,576375,BBB,2013J,Withdrawn
59,2166,BBB_2013B_232745,2.961555765068624e-07,0,0,B,232745,BBB,2013B,Withdrawn
60,119,BBB_2013J_521209,2.958126685825846e-07,0,0,A,521209,BBB,2013J,Withdrawn
61,3419,BBB_2013J_430352,2.9562340841948753e-07,0,0,B,430352,BBB,2013J,Withdrawn
62,2447,BBB_2014B_526948,2.954883200345648e-07,0,0,B,526948,BBB,2014B,Withdrawn
63,843,BBB_2014J_691343,2.947020334431727e-07,0,0,A,691343,BBB,2014J,Withdrawn
64,3086,BBB_2013B_508103,2.945790242847579e-07,0,0,B,508103,BBB,2013B,Withdrawn
65,393,BBB_2013J_604917,2.9430086101456254e-07,1,1,B,604917,BBB,2013J,Pass
66,1232,BBB_2013J_592147,2.9430086101456254e-07,1,1,B,592147,BBB,2013J,Pass
67,2306,BBB_2013J_515203,2.93738537493482e-07,0,0,B,515203,BBB,2013J,Fail
68,26,BBB_2013J_242149,2.93659098815624e-07,0,0,B,242149,BBB,2013J,Fail
69,2942,BBB_2013B_421205,2.933224720891303e-07,0,0,B,421205,BBB,2013B,Fail
70,2725,BBB_2014J_65807,2.929200491053052e-07,0,0,B,65807,BBB,2014J,Withdrawn
71,1252,BBB_2013B_291701,2.928550486558379e-07,0,0,B,291701,BBB,2013B,Withdrawn
72,3079,BBB_2013B_503353,2.927998252744146e-07,0,0,B,503353,BBB,2013B,Withdrawn
73,1716,BBB_2014B_2439442,2.927990863099694e-07,0,0,B,2439442,BBB,2014B,Withdrawn
74,3435,BBB_2014J_648820,2.9267928880472027e-07,0,0,B,648820,BBB,2014J,Withdrawn
75,1774,BBB_2013J_581959,2.9244264965200273e-07,0,0,B,581959,BBB,2013J,Withdrawn
76,2267,BBB_2013B_512911,2.922712667441374e-07,0,0,B,512911,BBB,2013B,Fail
77,3476,BBB_2014B_75118,2.9209951435404946e-07,0,0,B,75118,BBB,2014B,Withdrawn
78,3801,BBB_2013B_357038,2.919915118582139e-07,0,0,B,357038,BBB,2013B,Fail
79,1202,BBB_2013J_612484,2.9159218684071675e-07,1,1,B,612484,BBB,2013J,Pass
80,85,BBB_2013J_606414,2.9159218684071675e-07,1,1,B,606414,BBB,2013J,Pass
81,184,BBB_2013J_476816,2.9154608682802063e-07,0,0,B,476816,BBB,2013J,Fail
82,2992,BBB_2014B_529705,2.913463958975626e-07,0,0,B,529705,BBB,2014B,Withdrawn
83,1025,BBB_2013B_478317,2.908683427449432e-07,0,0,B,478317,BBB,2013B,Withdrawn
84,3713,BBB_2014J_522478,2.906824647652684e-07,0,0,B,522478,BBB,2014J,Fail
85,2040,BBB_2014B_586435,2.9067993523312907e-07,0,0,B,586435,BBB,2014B,Withdrawn
86,3367,BBB_2013J_591895,2.9062960038572783e-07,0,0,B,591895,BBB,2013J,Withdrawn
87,20,BBB_2013J_305173,2.906270424318791e-07,0,0,A,305173,BBB,2013J,Fail
88,472,BBB_2013J_503878,2.904359632793785e-07,0,0,B,503878,BBB,2013J,Fail
89,1226,BBB_2013J_528642,2.901440439018188e-07,0,0,B,528642,BBB,2013J,Withdrawn
90,256,BBB_2014B_523021,2.90120880208633e-07,0,0,B,523021,BBB,2014B,Withdrawn
91,3874,BBB_2014J_605383,2.8995955858590605e-07,0,0,B,605383,BBB,2014J,Withdrawn
92,2250,BBB_2013B_503878,2.8981585842302593e-07,0,0,B,503878,BBB,2013B,Withdrawn
93,919,BBB_2014B_607848,2.8965996534680016e-07,0,0,B,607848,BBB,2014B,Fail
94,3702,BBB_2013J_496091,2.895527586588287e-07,0,0,B,496091,BBB,2013J,Fail
95,1532,BBB_2013J_513076,2.893612531806866e-07,0,0,B,513076,BBB,2013J,Fail
96,3021,BBB_2013J_588504,2.893612531806866e-07,0,0,B,588504,BBB,2013J,Withdrawn
97,3639,BBB_2014B_543963,2.8932223017363867e-07,0,0,A,543963,BBB,2014B,Withdrawn
98,2421,BBB_2013J_259182,2.892033421630913e-07,0,0,A,259182,BBB,2013J,Withdrawn
99,3352,BBB_2013J_90243,2.891817700856336e-07,1,1,B,90243,BBB,2013J,Pass
100,1613,BBB_2013J_596372,2.891817700856336e-07,1,1,B,596372,BBB,2013J,Pass
101,2795,BBB_2013J_611060,2.891817700856336e-07,1,1,B,611060,BBB,2013J,Pass
102,2456,BBB_2014B_599769,2.8911017579957843e-07,0,0,B,599769,BBB,2014B,Fail
103,1948,BBB_2014B_581647,2.887287564590224e-07,0,0,B,581647,BBB,2014B,Withdrawn
104,1959,BBB_2014J_2145101,2.8830581300098856e-07,0,0,B,2145101,BBB,2014J,Withdrawn
105,1185,BBB_2014J_630286,2.8830581300098856e-07,0,0,B,630286,BBB,2014J,Fail
106,3026,BBB_2013B_476859,2.881086231809604e-07,0,0,B,476859,BBB,2013B,Fail
107,697,BBB_2014B_616848,2.8805564511458215e-07,0,0,B,616848,BBB,2014B,Withdrawn
108,778,BBB_2014B_631190,2.8786476491404756e-07,0,0,A,631190,BBB,2014B,Withdrawn
109,3795,BBB_2014B_2683697,2.878435907405219e-07,0,0,B,2683697,BBB,2014B,Fail
110,1737,BBB_2014B_473509,2.8778165983567305e-07,0,0,A,473509,BBB,2014B,Fail
111,1476,BBB_2014B_582496,2.8763022896782786e-07,0,0,B,582496,BBB,2014B,Withdrawn
112,1450,BBB_2014B_435057,2.8763022896782786e-07,0,0,B,435057,BBB,2014B,Fail
113,2016,BBB_2014J_598769,2.875664222301566e-07,0,0,B,598769,BBB,2014J,Fail
114,802,BBB_2014J_652315,2.8743249913532054e-07,0,0,B,652315,BBB,2014J,Withdrawn
115,2475,BBB_2014B_570177,2.8729806444971473e-07,0,0,B,570177,BBB,2014B,Fail
116,2522,BBB_2014B_78255,2.8719432521029375e-07,0,0,B,78255,BBB,2014B,Fail
117,538,BBB_2014J_357901,2.8717113309539855e-07,0,0,B,357901,BBB,2014J,Fail
118,1361,BBB_2014J_435287,2.870966682166909e-07,0,0,B,435287,BBB,2014J,Fail
119,2204,BBB_2013J_603052,2.8699017207145516e-07,0,0,B,603052,BBB,2013J,Withdrawn
120,3501,BBB_2014B_508400,2.8686480391115765e-07,0,0,B,508400,BBB,2014B,Fail
121,1402,BBB_2014B_231959,2.868162312097411e-07,0,0,B,231959,BBB,2014B,Fail
122,1315,BBB_2013J_613164,2.867167552267347e-07,1,1,B,613164,BBB,2013J,Distinction
123,1776,BBB_2013B_545219,2.867109571980109e-07,0,0,B,545219,BBB,2013B,Withdrawn
124,1557,BBB_2013B_544351,2.867109571980109e-07,0,0,B,544351,BBB,2013B,Fail
125,1173,BBB_2013B_535526,2.867109571980109e-07,0,0,B,535526,BBB,2013B,Withdrawn
126,3035,BBB_2013B_560012,2.8643864879995817e-07,0,0,B,560012,BBB,2013B,Fail
127,2252,BBB_2014J_694682,2.861071948245808e-07,0,0,B,694682,BBB,2014J,Withdrawn
128,3231,BBB_2013B_496674,2.8585304789885413e-07,0,0,B,496674,BBB,2013B,Fail
129,2203,BBB_2014B_542562,2.8577173338817374e-07,0,0,B,542562,BBB,2014B,Withdrawn
130,1516,BBB_2014J_678016,2.855945524515846e-07,0,0,B,678016,BBB,2014J,Withdrawn
131,193,BBB_2014J_696527,2.8535910701066314e-07,0,0,A,696527,BBB,2014J,Withdrawn
132,1287,BBB_2014J_616660,2.853411444903031e-07,1,1,B,616660,BBB,2014J,Pass
133,2896,BBB_2013B_500659,2.853227840660111e-07,0,0,B,500659,BBB,2013B,Withdrawn
134,2842,BBB_2014B_579255,2.8514185146377713e-07,0,0,B,579255,BBB,2014B,Withdrawn
135,3269,BBB_2014B_388041,2.8506005378403643e-07,0,0,B,388041,BBB,2014B,Withdrawn
136,276,BBB_2013B_2572118,2.850042051250057e-07,0,0,B,2572118,BBB,2013B,Fail
137,1093,BBB_2013J_364666,2.849396025794704e-07,0,0,B,364666,BBB,2013J,Fail
138,696,BBB_2014B_483411,2.8493275294749765e-07,0,0,B,483411,BBB,2014B,Fail
139,875,BBB_2013J_446873,2.84794367644281e-07,0,0,B,446873,BBB,2013J,Fail
140,1228,BBB_2014B_628903,2.8474880764406407e-07,0,0,B,628903,BBB,2014B,Fail
141,3083,BBB_2014B_104238,2.8474880764406407e-07,0,0,B,104238,BBB,2014B,Withdrawn
142,2657,BBB_2013J_585816,2.846983306881157e-07,0,0,B,585816,BBB,2013J,Fail
143,1501,BBB_2013J_98268,2.843988511358475e-07,1,1,B,98268,BBB,2013J,Pass
144,1320,BBB_2013B_438379,2.8423286835277395e-07,0,0,B,438379,BBB,2013B,Withdrawn
145,3088,BBB_2013B_296408,2.842151332060894e-07,0,0,B,296408,BBB,2013B,Withdrawn
146,1133,BBB_2013B_387276,2.8412179631231993e-07,0,0,B,387276,BBB,2013B,Withdrawn
147,2912,BBB_2013J_274247,2.8407976060407236e-07,0,0,B,274247,BBB,2013J,Fail
148,866,BBB_2014J_2681505,2.839539661181334e-07,1,1,B,2681505,BBB,2014J,Pass
149,3152,BBB_2013J_162646,2.839511523688998e-07,0,0,B,162646,BBB,2013J,Fail
150,2804,BBB_2013J_2680344,2.83854888039059e-07,1,1,B,2680344,BBB,2013J,Pass
151,1800,BBB_2013J_585611,2.83854888039059e-07,1,1,B,585611,BBB,2013J,Pass
152,2221,BBB_2013J_583433,2.83854888039059e-07,1,1,B,583433,BBB,2013J,Pass
153,2509,BBB_2014J_655406,2.8378593697198085e-07,0,0,B,655406,BBB,2014J,Withdrawn
154,1007,BBB_2014J_678085,2.8378593697198085e-07,0,0,B,678085,BBB,2014J,Fail
155,3097,BBB_2013B_468021,2.8372789984132396e-07,0,0,B,468021,BBB,2013B,Fail
156,417,BBB_2013J_434035,2.8365300863697485e-07,0,0,B,434035,BBB,2013J,Withdrawn
157,629,BBB_2013J_572029,2.835931525169144e-07,0,0,B,572029,BBB,2013J,Withdrawn
158,398,BBB_2013J_437030,2.835475356732786e-07,0,0,B,437030,BBB,2013J,Withdrawn
159,3587,BBB_2014B_568042,2.834877932400559e-07,0,0,B,568042,BBB,2014B,Fail
160,3867,BBB_2014J_102067,2.834321719547006e-07,0,0,B,102067,BBB,2014J,Withdrawn
161,1082,BBB_2014B_544050,2.833217536135635e-07,0,0,B,544050,BBB,2014B,Fail
162,1535,BBB_2013J_2211448,2.8329498036328005e-07,0,0,B,2211448,BBB,2013J,Fail
163,291,BBB_2013B_528175,2.8320619094301946e-07,0,0,B,528175,BBB,2013B,Withdrawn
164,1054,BBB_2013J_613173,2.831936001257418e-07,1,1,B,613173,BBB,2013J,Pass
165,766,BBB_2013J_106588,2.831936001257418e-07,1,1,B,106588,BBB,2013J,Distinction
166,388,BBB_2013J_590362,2.831936001257418e-07,1,1,B,590362,BBB,2013J,Pass
167,3722,BBB_2013B_27891,2.8313579036876035e-07,0,0,A,27891,BBB,2013B,Withdrawn
168,3650,BBB_2014B_600407,2.830242067375366e-07,0,0,B,600407,BBB,2014B,Withdrawn
169,1543,BBB_2013J_585004,2.828099638918502e-07,0,0,B,585004,BBB,2013J,Withdrawn
170,2542,BBB_2014J_191973,2.827056277965312e-07,1,1,B,191973,BBB,2014J,Pass
171,1004,BBB_2014B_545223,2.8267351126487483e-07,0,0,B,545223,BBB,2014B,Fail
172,490,BBB_2013J_1990650,2.8242774874343013e-07,0,0,B,1990650,BBB,2013J,Fail
173,2724,BBB_2013B_530493,2.823789486683381e-07,0,0,B,530493,BBB,2013B,Fail
174,149,BBB_2013J_100282,2.82334497114789e-07,0,0,B,100282,BBB,2013J,Withdrawn
175,2764,BBB_2013B_153704,2.821398084051907e-07,0,0,B,153704,BBB,2013B,Withdrawn
176,1481,BBB_2013B_466037,2.821398084051907e-07,0,0,B,466037,BBB,2013B,Fail
177,476,BBB_2014J_631561,2.820197835262661e-07,0,0,B,631561,BBB,2014J,Fail
178,2906,BBB_2014B_348771,2.819333815295977e-07,0,0,B,348771,BBB,2014B,Fail
179,3609,BBB_2013J_1726951,2.8192494028189685e-07,1,1,B,1726951,BBB,2013J,Distinction
180,1653,BBB_2014J_597744,2.81894045883746e-07,0,0,B,597744,BBB,2014J,Withdrawn
181,1331,BBB_2014J_349924,2.81894045883746e-07,0,0,B,349924,BBB,2014J,Withdrawn
182,1378,BBB_2013J_414028,2.81763561815751e-07,1,1,B,414028,BBB,2013J,Distinction
183,1356,BBB_2013J_574320,2.81763561815751e-07,1,1,A,574320,BBB,2013J,Distinction
184,463,BBB_2014B_616354,2.817162680912588e-07,0,0,B,616354,BBB,2014B,Fail
185,1061,BBB_2014B_1730702,2.8160056331216765e-07,0,0,B,1730702,BBB,2014B,Fail
186,517,BBB_2013J_591501,2.8155608333690907e-07,1,1,B,591501,BBB,2013J,Distinction
187,3780,BBB_2013J_108118,2.8155608333690907e-07,1,1,B,108118,BBB,2013J,Pass
188,3115,BBB_2014B_352953,2.8152473419140733e-07,0,0,B,352953,BBB,2014B,Withdrawn
189,2850,BBB_2014B_408469,2.814498429870582e-07,0,0,B,408469,BBB,2014B,Withdrawn
190,377,BBB_2013B_558974,2.8134198259976984e-07,0,0,B,558974,BBB,2013B,Withdrawn
191,983,BBB_2014J_615165,2.813038975091331e-07,0,0,B,615165,BBB,2014J,Withdrawn
192,3089,BBB_2013J_380240,2.812618333791761e-07,0,0,B,380240,BBB,2013J,Fail
193,1491,BBB_2013B_484885,2.8123372430854943e-07,0,0,B,484885,BBB,2013B,Fail
194,982,BBB_2013B_2423078,2.8116642170061823e-07,0,0,A,2423078,BBB,2013B,Withdrawn
195,2304,BBB_2014B_484983,2.811011370340566e-07,0,0,B,484983,BBB,2014B,Withdrawn
196,238,BBB_2014J_118877,2.809446471019328e-07,0,0,B,118877,BBB,2014J,Withdrawn
197,68,BBB_2013J_571516,2.8077644742552366e-07,1,1,B,571516,BBB,2013J,Pass
198,3644,BBB_2014B_76196,2.8072687996427703e-07,0,0,B,76196,BBB,2014B,Withdrawn
199,3004,BBB_2013B_488185,2.8068183155482984e-07,0,0,B,488185,BBB,2013B,Fail
200,1650,BBB_2013B_547267,2.8068183155482984e-07,0,0,A,547267,BBB,2013B,Withdrawn
201,2580,BBB_2013B_542602,2.8068183155482984e-07,0,0,B,542602,BBB,2013B,Withdrawn
202,2956,BBB_2014J_305909,2.804409859891166e-07,1,1,B,305909,BBB,2014J,Pass
203,3762,BBB_2013J_380205,2.8041512223353493e-07,0,0,B,380205,BBB,2013J,Fail
204,2612,BBB_2013J_607889,2.8014031272505235e-07,1,1,B,607889,BBB,2013J,Pass
205,628,BBB_2013J_287679,2.8014031272505235e-07,1,1,B,287679,BBB,2013J,Pass
206,2754,BBB_2014B_579448,2.800854872475611e-07,0,0,B,579448,BBB,2014B,Withdrawn
207,1217,BBB_2013B_524769,2.798877574150538e-07,0,0,B,524769,BBB,2013B,Withdrawn
208,3104,BBB_2013B_333129,2.7988144779556023e-07,0,0,B,333129,BBB,2013B,Fail
209,2396,BBB_2013B_377905,2.798392415570561e-07,0,0,B,377905,BBB,2013B,Fail
210,1770,BBB_2013J_355591,2.798128946324141e-07,0,0,B,355591,BBB,2013J,Withdrawn
211,2845,BBB_2014B_584762,2.7975536909252696e-07,0,0,B,584762,BBB,2014B,Withdrawn
212,1855,BBB_2013J_525877,2.796914770897274e-07,0,0,B,525877,BBB,2013J,Withdrawn
213,2905,BBB_2013J_138920,2.796054445752816e-07,0,0,B,138920,BBB,2013J,Fail
214,1845,BBB_2014B_275112,2.795556497403595e-07,0,0,B,275112,BBB,2014B,Fail
215,371,BBB_2013J_608738,2.794274678308284e-07,0,0,B,608738,BBB,2013J,Fail
216,2699,BBB_2014J_587054,2.79339019471081e-07,1,1,B,587054,BBB,2014J,Pass
217,1077,BBB_2014J_574306,2.7932330226576596e-07,0,0,B,574306,BBB,2014J,Withdrawn
218,3184,BBB_2013B_335600,2.7930084911531594e-07,0,0,B,335600,BBB,2013B,Fail
219,3512,BBB_2013J_442144,2.7926662937716173e-07,0,0,B,442144,BBB,2013J,Withdrawn
220,593,BBB_2013J_324614,2.7926662937716173e-07,0,0,B,324614,BBB,2013J,Withdrawn
221,715,BBB_2013J_613208,2.7908839683732367e-07,1,1,B,613208,BBB,2013J,Pass
222,406,BBB_2013J_2356809,2.7908839683732367e-07,1,1,B,2356809,BBB,2013J,Distinction
223,1239,BBB_2014J_561206,2.7904181365556724e-07,1,1,B,561206,BBB,2014J,Pass
224,2282,BBB_2013J_2276893,2.787475068544154e-07,0,0,B,2276893,BBB,2013J,Withdrawn
225,2935,BBB_2014B_92274,2.7862566298608726e-07,0,0,B,92274,BBB,2014B,Withdrawn
226,1912,BBB_2014J_693213,2.7854301265506365e-07,1,1,B,693213,BBB,2014J,Distinction
227,2262,BBB_2014B_492468,2.7853889150719624e-07,0,0,B,492468,BBB,2014B,Withdrawn
228,3224,BBB_2013B_512180,2.785190531540138e-07,0,0,B,512180,BBB,2013B,Fail
229,2413,BBB_2013J_1941248,2.7836941285386274e-07,1,1,B,1941248,BBB,2013J,Distinction
230,2885,BBB_2014B_590520,2.783157242447487e-07,0,0,B,590520,BBB,2014B,Fail
231,1162,BBB_2014J_674276,2.7827658755086304e-07,1,1,B,674276,BBB,2014J,Pass
232,3537,BBB_2013J_576940,2.7822900960927655e-07,1,1,B,576940,BBB,2013J,Pass
233,3770,BBB_2014J_74574,2.782220462904661e-07,0,0,B,74574,BBB,2014J,Withdrawn
234,278,BBB_2013B_551716,2.782028616366006e-07,1,1,B,551716,BBB,2013B,Pass
235,749,BBB_2014J_533209,2.7801431201623927e-07,1,1,B,533209,BBB,2014J,Pass
236,1765,BBB_2014J_644993,2.7796838253379974e-07,1,1,B,644993,BBB,2014J,Distinction
237,1957,BBB_2014J_1843123,2.7796838253379974e-07,1,1,B,1843123,BBB,2014J,Pass
238,2334,BBB_2014J_682343,2.779657393148227e-07,1,1,B,682343,BBB,2014J,Pass
239,1053,BBB_2013B_98313,2.779160013233195e-07,1,1,B,98313,BBB,2013B,Pass
240,1271,BBB_2014J_387276,2.778660075364314e-07,0,0,B,387276,BBB,2014J,Withdrawn
241,424,BBB_2014B_275006,2.7748211550715496e-07,0,0,B,275006,BBB,2014B,Withdrawn
242,1983,BBB_2014B_620950,2.7745650754695816e-07,0,0,B,620950,BBB,2014B,Withdrawn
243,1512,BBB_2013J_611012,2.773833216451749e-07,1,1,B,611012,BBB,2013J,Pass
244,3946,BBB_2013J_596114,2.7724848905563704e-07,1,1,B,596114,BBB,2013J,Pass
245,1098,BBB_2013J_603165,2.7724848905563704e-07,1,1,B,603165,BBB,2013J,Distinction
246,230,BBB_2013J_563706,2.7722717277356423e-07,1,1,B,563706,BBB,2013J,Pass
247,1448,BBB_2013B_2280038,2.771709546323109e-07,0,0,A,2280038,BBB,2013B,Fail
248,2497,BBB_2014J_2634319,2.771234903775621e-07,1,1,B,2634319,BBB,2014J,Distinction
249,1024,BBB_2013J_507676,2.771161007331102e-07,0,0,B,507676,BBB,2013J,Fail
250,3303,BBB_2014J_601247,2.766001614418201e-07,1,1,A,601247,BBB,2014J,Pass
251,1805,BBB_2014J_2149487,2.766001614418201e-07,1,1,B,2149487,BBB,2014J,Pass
252,2650,BBB_2014B_565988,2.7658617796078033e-07,0,0,B,565988,BBB,2014B,Fail
253,1237,BBB_2013J_612361,2.765080751032656e-07,1,1,B,612361,BBB,2013J,Pass
254,3523,BBB_2013B_550549,2.7645822342492465e-07,1,1,B,550549,BBB,2013B,Pass
255,1916,BBB_2013J_439294,2.7643457656267856e-07,0,0,B,439294,BBB,2013J,Fail
256,646,BBB_2013J_2383103,2.7643457656267856e-07,0,0,B,2383103,BBB,2013J,Withdrawn
257,58,BBB_2013B_502872,2.763505904113117e-07,0,0,B,502872,BBB,2013B,Fail
258,1911,BBB_2014J_692827,2.7634456500891247e-07,1,1,B,692827,BBB,2014J,Pass
259,1150,BBB_2014B_586111,2.7632313504000194e-07,0,0,B,586111,BBB,2014B,Fail
260,3008,BBB_2014J_516434,2.762898247965495e-07,1,1,B,516434,BBB,2014J,Pass
261,2150,BBB_2014B_591094,2.762821509350033e-07,0,0,B,591094,BBB,2014B,Withdrawn
262,1527,BBB_2013J_303331,2.7610889219431556e-07,0,0,B,303331,BBB,2013J,Withdrawn
263,3003,BBB_2013J_604116,2.7601353735917655e-07,1,1,B,604116,BBB,2013J,Distinction
264,3802,BBB_2013J_605914,2.758188486495783e-07,0,0,B,605914,BBB,2013J,Withdrawn
265,3137,BBB_2013B_487646,2.757503239081416e-07,0,0,B,487646,BBB,2013B,Fail
266,786,BBB_2013B_1493476,2.7566494509301265e-07,1,1,A,1493476,BBB,2013B,Pass
267,1294,BBB_2013B_516529,2.7566494509301265e-07,1,1,B,516529,BBB,2013B,Distinction
268,1866,BBB_2013J_2476144,2.7565155846787093e-07,0,0,B,2476144,BBB,2013J,Withdrawn
269,1459,BBB_2013J_501053,2.756359265276842e-07,0,0,B,501053,BBB,2013J,Fail
270,1699,BBB_2014B_312275,2.75626007351093e-07,0,0,B,312275,BBB,2014B,Withdrawn
271,2347,BBB_2014B_625768,2.7562407467485173e-07,0,0,B,625768,BBB,2014B,Fail
272,1797,BBB_2014B_610531,2.7562407467485173e-07,0,0,B,610531,BBB,2014B,Withdrawn
273,2900,BBB_2014J_683202,2.754686931893957e-07,1,1,B,683202,BBB,2014J,Pass
274,3362,BBB_2014J_2614777,2.754686931893957e-07,1,1,B,2614777,BBB,2014J,Pass
275,674,BBB_2013J_613177,2.7544197678253113e-07,1,1,B,613177,BBB,2013J,Pass
276,3316,BBB_2013B_552826,2.753661476617708e-07,1,1,B,552826,BBB,2013B,Pass
277,750,BBB_2013J_467330,2.7535196522876504e-07,0,0,B,467330,BBB,2013J,Withdrawn
278,2868,BBB_2013J_370307,2.7527607926458586e-07,0,0,B,370307,BBB,2013J,Withdrawn
279,1398,BBB_2013B_352161,2.752150010110199e-07,0,0,B,352161,BBB,2013B,Withdrawn
280,710,BBB_2013J_304795,2.7518007073012996e-07,0,0,B,304795,BBB,2013J,Withdrawn
281,3485,BBB_2013J_2468706,2.7511305233929306e-07,1,1,B,2468706,BBB,2013J,Distinction
282,420,BBB_2013J_534816,2.7510481004355825e-07,0,0,B,534816,BBB,2013J,Fail
283,3197,BBB_2013J_591273,2.749175394001213e-07,1,1,A,591273,BBB,2013J,Pass
284,444,BBB_2013B_2541120,2.7480922426548204e-07,1,1,B,2541120,BBB,2013B,Distinction
285,1685,BBB_2013B_476816,2.747849805473379e-07,0,0,B,476816,BBB,2013B,Withdrawn
286,3885,BBB_2013B_548334,2.747730150076677e-07,1,1,B,548334,BBB,2013B,Pass
287,819,BBB_2013B_505595,2.74759628382526e-07,0,0,B,505595,BBB,2013B,Withdrawn
288,1427,BBB_2013J_605494,2.747466396613163e-07,0,0,B,605494,BBB,2013J,Fail
289,3130,BBB_2013J_574319,2.747466396613163e-07,0,0,B,574319,BBB,2013J,Withdrawn
290,1817,BBB_2013J_600490,2.7437670269137016e-07,1,1,B,600490,BBB,2013J,Distinction
291,3865,BBB_2013B_186988,2.743518052739091e-07,0,0,B,186988,BBB,2013B,Fail
292,2540,BBB_2013J_2363875,2.741565765518317e-07,1,1,B,2363875,BBB,2013J,Pass
293,3917,BBB_2014B_613832,2.7413000225351425e-07,0,0,B,613832,BBB,2014B,Fail
294,3245,BBB_2014B_388168,2.739738249601942e-07,0,0,B,388168,BBB,2014B,Withdrawn
295,1137,BBB_2013B_306984,2.739643889526633e-07,0,0,A,306984,BBB,2013B,Withdrawn
296,2722,BBB_2014J_685052,2.7393920731810795e-07,0,0,A,685052,BBB,2014J,Fail
297,264,BBB_2014J_602570,2.737544377851009e-07,0,0,B,602570,BBB,2014J,Fail
298,3574,BBB_2013J_312531,2.737118052209553e-07,0,0,B,312531,BBB,2013J,Withdrawn
299,123,BBB_2013J_432237,2.7362855803403363e-07,1,1,B,432237,BBB,2013J,Pass
300,3028,BBB_2014B_2418877,2.735570205913973e-07,0,0,B,2418877,BBB,2014B,Fail
301,3585,BBB_2014J_485439,2.7355144993634894e-07,0,0,B,485439,BBB,2014J,Withdrawn
302,3293,BBB_2013B_2692381,2.7349014430910756e-07,0,0,B,2692381,BBB,2013B,Withdrawn
303,620,BBB_2013B_519012,2.7333072694091243e-07,0,0,B,519012,BBB,2013B,Fail
304,3635,BBB_2013B_509901,2.733186192926951e-07,0,0,B,509901,BBB,2013B,Fail
305,545,BBB_2014J_585762,2.7325577889314445e-07,1,1,B,585762,BBB,2014J,Pass
306,1590,BBB_2014J_631640,2.7325577889314445e-07,1,1,A,631640,BBB,2014J,Pass
307,207,BBB_2014J_687402,2.7325577889314445e-07,1,1,B,687402,BBB,2014J,Pass
308,2157,BBB_2013J_277812,2.7318873208059813e-07,1,1,B,277812,BBB,2013J,Distinction
309,3555,BBB_2013J_485560,2.731865720306814e-07,0,0,B,485560,BBB,2013J,Withdrawn
310,95,BBB_2013J_440765,2.728992001266306e-07,0,0,B,440765,BBB,2013J,Fail
311,274,BBB_2013J_527636,2.7285315695735335e-07,0,0,B,527636,BBB,2013J,Fail
312,1431,BBB_2014B_97865,2.726529544361256e-07,0,0,B,97865,BBB,2014B,Withdrawn
313,3381,BBB_2013B_336165,2.724524676978035e-07,0,0,B,336165,BBB,2013B,Fail
314,1244,BBB_2013B_553321,2.723479610722279e-07,1,1,B,553321,BBB,2013B,Distinction
315,3022,BBB_2013B_263531,2.7228162480241735e-07,0,0,B,263531,BBB,2013B,Withdrawn
316,3503,BBB_2014J_651609,2.722457566051162e-07,0,0,B,651609,BBB,2014J,Withdrawn
317,3189,BBB_2014B_633245,2.7221918230679876e-07,0,0,B,633245,BBB,2014B,Fail
318,1953,BBB_2014B_611974,2.7221918230679876e-07,0,0,B,611974,BBB,2014B,Withdrawn
319,953,BBB_2014B_2277941,2.7221918230679876e-07,0,0,B,2277941,BBB,2014B,Withdrawn
320,2570,BBB_2013J_146165,2.721421026308235e-07,1,1,B,146165,BBB,2013J,Pass
321,132,BBB_2014J_573713,2.7201605234949966e-07,1,1,B,573713,BBB,2014J,Pass
322,3156,BBB_2014J_2216778,2.7201605234949966e-07,1,1,B,2216778,BBB,2014J,Pass
323,760,BBB_2014J_680798,2.7201605234949966e-07,1,1,B,680798,BBB,2014J,Pass
324,1262,BBB_2014B_342017,2.719643816817552e-07,0,0,B,342017,BBB,2014B,Fail
325,539,BBB_2014J_656373,2.718511780130939e-07,1,1,B,656373,BBB,2014J,Distinction
326,2547,BBB_2013J_425817,2.7183392603546963e-07,0,0,A,425817,BBB,2013J,Fail
327,3736,BBB_2013J_567059,2.718279006330704e-07,0,0,B,567059,BBB,2013J,Withdrawn
328,745,BBB_2014B_271346,2.7182767325939494e-07,0,0,B,271346,BBB,2014B,Withdrawn
329,3923,BBB_2013J_581038,2.716816140946321e-07,0,0,B,581038,BBB,2013J,Fail
330,747,BBB_2013J_53360,2.7161502202943666e-07,0,0,B,53360,BBB,2013J,Withdrawn
331,2319,BBB_2013J_533164,2.7145770786773937e-07,0,0,B,533164,BBB,2013J,Withdrawn
332,1073,BBB_2013J_532477,2.714303661832673e-07,1,1,B,532477,BBB,2013J,Pass
333,2826,BBB_2013B_530215,2.713703111112409e-07,0,0,B,530215,BBB,2013B,Withdrawn
334,319,BBB_2013B_262294,2.7136087510371e-07,0,0,B,262294,BBB,2013B,Withdrawn
335,2498,BBB_2014J_694490,2.7125270207761787e-07,1,1,B,694490,BBB,2014J,Pass
336,2465,BBB_2014J_689097,2.7125270207761787e-07,1,1,B,689097,BBB,2014J,Pass
337,3728,BBB_2013B_1993672,2.7121836865262594e-07,0,0,B,1993672,BBB,2013B,Withdrawn
338,292,BBB_2014B_421326,2.7118997536490497e-07,0,0,B,421326,BBB,2014B,Fail
339,2938,BBB_2014B_55968,2.7118997536490497e-07,0,0,B,55968,BBB,2014B,Fail
340,2640,BBB_2014J_630716,2.709786599552899e-07,0,0,B,630716,BBB,2014J,Fail
341,3902,BBB_2013B_252340,2.709770399178524e-07,0,0,B,252340,BBB,2013B,Fail
342,1813,BBB_2013J_2062995,2.7095811105937173e-07,1,1,B,2062995,BBB,2013J,Pass
343,2732,BBB_2013J_2078479,2.7095811105937173e-07,1,1,B,2078479,BBB,2013J,Distinction
344,704,BBB_2013B_116603,2.7092661980532284e-07,1,1,B,116603,BBB,2013B,Distinction
345,3451,BBB_2014J_2692969,2.7089791387879814e-07,1,1,B,2692969,BBB,2014J,Pass
346,3236,BBB_2014B_534428,2.7083126497018384e-07,0,0,B,534428,BBB,2014B,Withdrawn
347,1364,BBB_2013B_203652,2.707424471282138e-07,0,0,B,203652,BBB,2013B,Fail
348,1047,BBB_2013J_610745,2.705260158109013e-07,1,1,B,610745,BBB,2013J,Pass
349,3530,BBB_2013J_156788,2.701321761833242e-07,0,0,A,156788,BBB,2013J,Withdrawn
350,2274,BBB_2013J_517231,2.7002536739928473e-07,1,1,B,517231,BBB,2013J,Pass
351,867,BBB_2013J_523875,2.7002536739928473e-07,1,1,B,523875,BBB,2013J,Distinction
352,213,BBB_2013J_599794,2.7002536739928473e-07,1,1,B,599794,BBB,2013J,Pass
353,2163,BBB_2013B_398965,2.699844117159955e-07,0,0,B,398965,BBB,2013B,Withdrawn
354,3706,BBB_2013B_425808,2.699220260637958e-07,1,1,B,425808,BBB,2013B,Pass
355,3459,BBB_2014J_32930,2.6978347023032256e-07,1,1,B,32930,BBB,2014J,Pass
356,1328,BBB_2013J_248716,2.6968811539518356e-07,1,1,B,248716,BBB,2013J,Pass
357,1678,BBB_2014B_619265,2.696739613838872e-07,0,0,B,619265,BBB,2014B,Withdrawn
358,2749,BBB_2013B_2481765,2.6966978339260095e-07,1,1,B,2481765,BBB,2013B,Pass
359,339,BBB_2013B_486282,2.691056693038263e-07,0,0,B,486282,BBB,2013B,Fail
360,3931,BBB_2014B_590408,2.6909535222330305e-07,0,0,B,590408,BBB,2014B,Fail
361,3552,BBB_2013J_572051,2.6900141847363557e-07,1,1,B,572051,BBB,2013J,Pass
362,2137,BBB_2013J_583708,2.6900141847363557e-07,1,1,B,583708,BBB,2013J,Pass
363,419,BBB_2013J_569035,2.6900141847363557e-07,1,1,B,569035,BBB,2013J,Pass
364,3824,BBB_2013J_573485,2.6894298343904666e-07,0,0,B,573485,BBB,2013J,Withdrawn
365,938,BBB_2013J_586882,2.6894298343904666e-07,0,0,B,586882,BBB,2013J,Fail
366,1393,BBB_2013J_579259,2.6894298343904666e-07,0,0,B,579259,BBB,2013J,Withdrawn
367,3304,BBB_2014J_675807,2.688980487164372e-07,1,1,B,675807,BBB,2014J,Pass
368,3693,BBB_2014B_575980,2.688919664706191e-07,0,0,B,575980,BBB,2014B,Withdrawn
369,3569,BBB_2014B_627670,2.688919664706191e-07,0,0,B,627670,BBB,2014B,Withdrawn
370,2242,BBB_2013B_393327,2.687929168132541e-07,0,0,B,393327,BBB,2013B,Withdrawn
371,3560,BBB_2013J_569426,2.687453104499582e-07,0,0,B,569426,BBB,2013J,Withdrawn
372,1840,BBB_2013J_588191,2.687453104499582e-07,0,0,B,588191,BBB,2013J,Withdrawn
373,2123,BBB_2013J_587961,2.687453104499582e-07,0,0,B,587961,BBB,2013J,Fail
374,3790,BBB_2013J_508517,2.687357039121707e-07,0,0,B,508517,BBB,2013J,Fail
375,2391,BBB_2014B_552931,2.686839764010074e-07,0,0,B,552931,BBB,2014B,Withdrawn
376,3787,BBB_2014J_643953,2.685621893760981e-07,0,0,A,643953,BBB,2014J,Fail
377,3434,BBB_2014B_2605113,2.6844014655580395e-07,0,0,B,2605113,BBB,2014B,Withdrawn
378,1713,BBB_2014J_184583,2.683989634988393e-07,0,0,B,184583,BBB,2014J,Fail
379,2895,BBB_2014J_99088,2.6831739319277403e-07,0,0,B,99088,BBB,2014J,Withdrawn
380,1385,BBB_2014B_92341,2.682957642718975e-07,0,0,B,92341,BBB,2014B,Fail
381,1329,BBB_2014J_573159,2.6789936669047165e-07,0,0,B,573159,BBB,2014J,Fail
382,2062,BBB_2014J_646484,2.6789805929183785e-07,1,1,B,646484,BBB,2014J,Pass
383,2541,BBB_2013J_599456,2.677321049304737e-07,0,0,A,599456,BBB,2013J,Withdrawn
384,3887,BBB_2013J_552865,2.677321049304737e-07,0,0,B,552865,BBB,2013J,Withdrawn
385,869,BBB_2013J_528204,2.677321049304737e-07,0,0,B,528204,BBB,2013J,Withdrawn
386,2215,BBB_2014J_692484,2.6770865702019364e-07,1,1,B,692484,BBB,2014J,Pass
387,534,BBB_2013J_2656860,2.6769185978992027e-07,0,0,B,2656860,BBB,2013J,Withdrawn
388,2521,BBB_2014B_2641682,2.6768771022034343e-07,0,0,B,2641682,BBB,2014B,Fail
389,84,BBB_2014J_629127,2.676375743249082e-07,1,1,B,629127,BBB,2014J,Pass
390,944,BBB_2014J_2177423,2.676227097708761e-07,0,0,B,2177423,BBB,2014J,Withdrawn
391,1065,BBB_2013B_541709,2.6760321247820684e-07,0,0,B,541709,BBB,2013B,Withdrawn
392,3855,BBB_2013B_529502,2.675513712802058e-07,1,1,B,529502,BBB,2013B,Pass
393,225,BBB_2014J_2520290,2.6747105152935546e-07,1,1,B,2520290,BBB,2014J,Pass
394,2864,BBB_2013J_468187,2.673810399755894e-07,0,0,A,468187,BBB,2013J,Fail
395,3380,BBB_2014J_695027,2.67335053649731e-07,1,1,B,695027,BBB,2014J,Pass
396,1536,BBB_2014B_553807,2.673078540738061e-07,0,0,B,553807,BBB,2014B,Fail
397,2410,BBB_2013B_493515,2.6713041734183207e-07,0,0,B,493515,BBB,2013B,Fail
398,1397,BBB_2014J_505595,2.67095742856327e-07,0,0,B,505595,BBB,2014J,Withdrawn
399,8,BBB_2013B_288380,2.670629726253537e-07,0,0,B,288380,BBB,2013B,Fail
400,1392,BBB_2013J_574708,2.6694033294916153e-07,0,0,A,574708,BBB,2013J,Fail
401,3368,BBB_2014B_589300,2.668534477834328e-07,0,0,B,589300,BBB,2014B,Withdrawn
402,918,BBB_2013J_2691566,2.6676750053411524e-07,0,0,B,2691566,BBB,2013J,Fail
403,2401,BBB_2014J_595892,2.665369152055064e-07,1,1,B,595892,BBB,2014J,Pass
404,1009,BBB_2014J_648449,2.665369152055064e-07,1,1,B,648449,BBB,2014J,Distinction
405,1015,BBB_2014B_588459,2.664707494659524e-07,0,0,B,588459,BBB,2014B,Fail
406,3234,BBB_2013J_305547,2.6647040840543923e-07,0,0,B,305547,BBB,2013J,Withdrawn
407,569,BBB_2013J_588691,2.6646162609722523e-07,0,0,B,588691,BBB,2013J,Withdrawn
408,2617,BBB_2013B_2254619,2.6634256755642127e-07,1,1,B,2254619,BBB,2013B,Pass
409,3034,BBB_2014J_640291,2.663418570136855e-07,0,0,B,640291,BBB,2014J,Withdrawn
410,3869,BBB_2014J_505692,2.663418570136855e-07,0,0,B,505692,BBB,2014J,Withdrawn
411,1530,BBB_2014B_614745,2.66247525360086e-07,1,1,A,614745,BBB,2014B,Pass
412,1978,BBB_2014J_61352,2.6617155413077853e-07,0,0,B,61352,BBB,2014J,Withdrawn
413,1,BBB_2013B_397763,2.6605903258314356e-07,0,0,B,397763,BBB,2013B,Withdrawn
414,2898,BBB_2013J_2539817,2.658993025761447e-07,0,0,A,2539817,BBB,2013J,Withdrawn
415,3849,BBB_2013J_523757,2.658993025761447e-07,0,0,B,523757,BBB,2013J,Fail
416,1168,BBB_2014B_242390,2.658912876540853e-07,0,0,B,242390,BBB,2014B,Fail
417,1027,BBB_2013B_399792,2.657672268924216e-07,0,0,A,399792,BBB,2013B,Fail
418,2669,BBB_2013B_495674,2.6572939759716974e-07,0,0,B,495674,BBB,2013B,Fail
419,2946,BBB_2013B_2445949,2.654948332292406e-07,0,0,A,2445949,BBB,2013B,Fail
420,3360,BBB_2014J_369234,2.6542605269241903e-07,0,0,B,369234,BBB,2014J,Fail
421,3694,BBB_2014J_426340,2.654236652688269e-07,0,0,B,426340,BBB,2014J,Withdrawn
422,3911,BBB_2014B_633231,2.6542261366557796e-07,0,0,B,633231,BBB,2014B,Fail
423,1962,BBB_2013B_524101,2.651268005138263e-07,0,0,B,524101,BBB,2013B,Withdrawn
424,1886,BBB_2014J_530772,2.6502885930312914e-07,1,1,B,530772,BBB,2014J,Pass
425,2874,BBB_2014J_517112,2.649792918418825e-07,0,0,A,517112,BBB,2014J,Withdrawn
426,3135,BBB_2013B_548935,2.6473139769223053e-07,1,1,B,548935,BBB,2013B,Pass
427,2550,BBB_2013J_574276,2.646285395258019e-07,0,0,B,574276,BBB,2013J,Withdrawn
428,945,BBB_2013J_1993672,2.6448520884514437e-07,0,0,B,1993672,BBB,2013J,Withdrawn
429,3416,BBB_2013B_522512,2.64422254758756e-07,0,0,B,522512,BBB,2013B,Fail
430,1616,BBB_2013B_165243,2.6433161792738247e-07,1,1,A,165243,BBB,2013B,Pass
431,134,BBB_2014J_514581,2.642583467604709e-07,0,0,B,514581,BBB,2014J,Withdrawn
432,3343,BBB_2013J_65807,2.641875767039892e-07,0,0,B,65807,BBB,2013J,Withdrawn
433,1768,BBB_2014J_635328,2.640873049131187e-07,0,0,A,635328,BBB,2014J,Fail
434,2042,BBB_2013J_484446,2.6404444497529767e-07,0,0,B,484446,BBB,2013J,Withdrawn
435,839,BBB_2013J_152867,2.6392282848064497e-07,0,0,B,152867,BBB,2013J,Withdrawn
436,1154,BBB_2013J_108760,2.6391617780063825e-07,0,0,B,108760,BBB,2013J,Fail
437,86,BBB_2014B_1536591,2.6370778982709453e-07,0,0,B,1536591,BBB,2014B,Withdrawn
438,2197,BBB_2013B_375312,2.635947566886898e-07,0,0,B,375312,BBB,2013B,Withdrawn
439,3880,BBB_2013B_502279,2.635515556903556e-07,0,0,B,502279,BBB,2013B,Withdrawn
440,3906,BBB_2013J_587155,2.633086069181445e-07,0,0,B,587155,BBB,2013J,Withdrawn
441,3878,BBB_2013B_525543,2.6282648946107656e-07,0,0,B,525543,BBB,2013B,Withdrawn
442,1126,BBB_2013B_512929,2.6264146413268463e-07,1,1,B,512929,BBB,2013B,Pass
443,1253,BBB_2013B_496243,2.625960746627243e-07,0,0,B,496243,BBB,2013B,Fail
444,3017,BBB_2014B_194073,2.623599755224859e-07,0,0,B,194073,BBB,2014B,Withdrawn
445,1352,BBB_2014B_618710,2.623599755224859e-07,0,0,B,618710,BBB,2014B,Withdrawn
446,505,BBB_2014B_559573,2.623599755224859e-07,0,0,B,559573,BBB,2014B,Fail
447,91,BBB_2014B_607339,2.623599755224859e-07,0,0,B,607339,BBB,2014B,Withdrawn
448,88,BBB_2013B_2287671,2.62257231042895e-07,0,0,B,2287671,BBB,2013B,Withdrawn
449,794,BBB_2014J_687185,2.621764849664032e-07,1,1,B,687185,BBB,2014J,Pass
450,1818,BBB_2014J_651177,2.621764849664032e-07,1,1,B,651177,BBB,2014J,Pass
451,317,BBB_2013B_23629,2.619004249027057e-07,0,0,B,23629,BBB,2013B,Fail
452,394,BBB_2013B_541808,2.618880614591035e-07,1,1,B,541808,BBB,2013B,Pass
453,116,BBB_2014J_191746,2.61867427298057e-07,0,0,B,191746,BBB,2014J,Fail
454,1903,BBB_2014B_623392,2.616525307530537e-07,0,0,B,623392,BBB,2014B,Withdrawn
455,3935,BBB_2014B_564460,2.616525307530537e-07,0,0,B,564460,BBB,2014B,Withdrawn
456,166,BBB_2013J_272172,2.61636699860901e-07,0,0,B,272172,BBB,2013J,Fail
457,3136,BBB_2014J_379212,2.6162589961131744e-07,0,0,B,379212,BBB,2014J,Withdrawn
458,3882,BBB_2014B_172137,2.6160805077779514e-07,1,1,B,172137,BBB,2014B,Pass
459,1042,BBB_2014B_635433,2.6160805077779514e-07,1,1,B,635433,BBB,2014B,Pass
460,3683,BBB_2013B_258402,2.615400376271282e-07,0,0,B,258402,BBB,2013B,Withdrawn
461,3222,BBB_2014J_476253,2.614598315631156e-07,0,0,B,476253,BBB,2014J,Withdrawn
462,1993,BBB_2014J_641045,2.61454971450803e-07,0,0,B,641045,BBB,2014J,Withdrawn
463,1970,BBB_2013J_572752,2.614360994357412e-07,1,1,B,572752,BBB,2013J,Pass
464,965,BBB_2014B_582742,2.612107152799581e-07,0,0,B,582742,BBB,2014B,Fail
465,2681,BBB_2014B_569199,2.612107152799581e-07,0,0,B,569199,BBB,2014B,Withdrawn
466,1199,BBB_2013B_532000,2.611720049117139e-07,0,0,B,532000,BBB,2013B,Withdrawn
467,2955,BBB_2014J_624709,2.610404123970511e-07,0,0,B,624709,BBB,2014J,Fail
468,2181,BBB_2013B_259182,2.610190676932689e-07,0,0,A,259182,BBB,2013B,Withdrawn
469,3903,BBB_2014J_2542310,2.608327065445337e-07,0,0,B,2542310,BBB,2014J,Fail
470,647,BBB_2014J_652017,2.6073132630699547e-07,0,0,B,652017,BBB,2014J,Withdrawn
471,594,BBB_2014J_541995,2.6067513658745156e-07,0,0,B,541995,BBB,2014J,Withdrawn
472,2642,BBB_2014B_563986,2.6056716251332546e-07,0,0,B,563986,BBB,2014B,Fail
473,209,BBB_2013B_527343,2.605457041227055e-07,0,0,B,527343,BBB,2013B,Withdrawn
474,1985,BBB_2013B_155735,2.6052893531414156e-07,0,0,B,155735,BBB,2013B,Withdrawn
475,1204,BBB_2013J_545462,2.6050358314932964e-07,1,1,B,545462,BBB,2013J,Pass
476,1345,BBB_2013J_559584,2.603350708341168e-07,1,1,B,559584,BBB,2013J,Pass
477,1192,BBB_2013J_577824,2.603350708341168e-07,1,1,B,577824,BBB,2013J,Distinction
478,2873,BBB_2014B_627277,2.6010002329712734e-07,0,0,B,627277,BBB,2014B,Withdrawn
479,746,BBB_2013J_492229,2.600821176201862e-07,0,0,B,492229,BBB,2013J,Withdrawn
480,308,BBB_2013B_472348,2.5986662421928486e-07,0,0,B,472348,BBB,2013B,Withdrawn
481,3889,BBB_2014B_598250,2.5976174811148667e-07,0,0,B,598250,BBB,2014B,Withdrawn
482,3322,BBB_2014B_626841,2.5965925942728063e-07,1,1,B,626841,BBB,2014B,Distinction
483,3389,BBB_2014B_1955634,2.5930154379238957e-07,1,1,B,1955634,BBB,2014B,Pass
484,3336,BBB_2014B_587181,2.592807106793771e-07,1,1,B,587181,BBB,2014B,Pass
485,3894,BBB_2013J_579762,2.5909062628670654e-07,1,1,B,579762,BBB,2013J,Pass
486,3422,BBB_2013J_599230,2.5904128619913536e-07,1,1,B,599230,BBB,2013J,Distinction
487,1655,BBB_2013B_2422639,2.589708287814574e-07,0,0,B,2422639,BBB,2013B,Withdrawn
488,501,BBB_2013J_600254,2.586299103768397e-07,0,0,B,600254,BBB,2013J,Withdrawn
489,1193,BBB_2013B_541363,2.586247092040139e-07,1,1,B,541363,BBB,2013B,Pass
490,3804,BBB_2013B_416654,2.586247092040139e-07,1,1,B,416654,BBB,2013B,Pass
491,151,BBB_2013B_501955,2.5782713919397793e-07,0,0,A,501955,BBB,2013B,Fail
492,1857,BBB_2014B_25997,2.577843076778663e-07,0,0,B,25997,BBB,2014B,Withdrawn
493,2838,BBB_2013B_557935,2.576927045083721e-07,0,0,B,557935,BBB,2013B,Fail
494,2154,BBB_2013J_574962,2.576790336661361e-07,0,0,B,574962,BBB,2013J,Withdrawn
495,3421,BBB_2013B_517701,2.575144435468246e-07,0,0,B,517701,BBB,2013B,Withdrawn
496,2359,BBB_2013B_514819,2.5740183673406136e-07,0,0,B,514819,BBB,2013B,Withdrawn
497,208,BBB_2014J_387406,2.573358983681828e-07,0,0,B,387406,BBB,2014J,Fail
498,1994,BBB_2013J_408975,2.5713055151754816e-07,1,1,B,408975,BBB,2013J,Pass
499,3662,BBB_2014B_624549,2.5706998485475197e-07,0,0,B,624549,BBB,2014B,Withdrawn
500,3262,BBB_2014B_631941,2.5706998485475197e-07,0,0,B,631941,BBB,2014B,Withdrawn
501,3829,BBB_2014J_1993672,2.570585309058515e-07,0,0,B,1993672,BBB,2014J,Fail
502,2385,BBB_2013J_2072166,2.568731645169464e-07,0,0,B,2072166,BBB,2013J,Withdrawn
503,1076,BBB_2014B_633646,2.5670121317489247e-07,1,1,B,633646,BBB,2014B,Pass
504,976,BBB_2014B_631515,2.5670121317489247e-07,1,1,B,631515,BBB,2014B,Pass
505,3895,BBB_2014B_2440756,2.56616459637371e-07,1,1,B,2440756,BBB,2014B,Pass
506,3168,BBB_2014B_632823,2.5661051950010005e-07,1,1,B,632823,BBB,2014B,Pass
507,3183,BBB_2013J_572770,2.564896135481831e-07,0,0,B,572770,BBB,2013J,Withdrawn
508,3187,BBB_2014B_283978,2.564287342465832e-07,0,0,B,283978,BBB,2014B,Fail
509,960,BBB_2013B_540530,2.5639599243731936e-07,0,0,B,540530,BBB,2013B,Fail
510,42,BBB_2013B_367304,2.5625678290452925e-07,0,0,B,367304,BBB,2013B,Fail
511,3490,BBB_2014J_1835389,2.562558165664086e-07,1,1,B,1835389,BBB,2014J,Pass
512,2404,BBB_2013J_610700,2.562345855494641e-07,0,0,B,610700,BBB,2013J,Fail
513,1484,BBB_2013J_445351,2.562345855494641e-07,0,0,B,445351,BBB,2013J,Withdrawn
514,2785,BBB_2013J_597532,2.562345855494641e-07,0,0,B,597532,BBB,2013J,Withdrawn
515,440,BBB_2014B_206003,2.562209431289375e-07,1,1,B,206003,BBB,2014B,Distinction
516,1261,BBB_2013J_2349825,2.558696508003777e-07,0,0,B,2349825,BBB,2013J,Withdrawn
517,1612,BBB_2013J_587665,2.557826803695207e-07,0,0,B,587665,BBB,2013J,Withdrawn
518,2091,BBB_2013J_336646,2.557826803695207e-07,0,0,B,336646,BBB,2013J,Fail
519,3233,BBB_2014J_535963,2.556086258209689e-07,1,1,B,535963,BBB,2014J,Distinction
520,1963,BBB_2014J_683002,2.556086258209689e-07,1,1,B,683002,BBB,2014J,Distinction
521,1312,BBB_2014B_613355,2.5552662918926217e-07,1,1,A,613355,BBB,2014B,Pass
522,3254,BBB_2014B_635241,2.5552662918926217e-07,1,1,B,635241,BBB,2014B,Pass
523,1893,BBB_2013B_425817,2.5540379056110396e-07,0,0,A,425817,BBB,2013B,Withdrawn
524,1189,BBB_2013B_329321,2.5536365910738823e-07,0,0,B,329321,BBB,2013B,Fail
525,2503,BBB_2014J_556290,2.5532506242598174e-07,0,0,B,556290,BBB,2014J,Withdrawn
526,1446,BBB_2014J_653027,2.552915816522727e-07,0,0,B,653027,BBB,2014J,Fail
527,2275,BBB_2013B_447007,2.5527270963721094e-07,0,0,B,447007,BBB,2013B,Withdrawn
528,335,BBB_2014B_616739,2.5525366709189257e-07,0,0,B,616739,BBB,2014B,Fail
529,2211,BBB_2014B_555860,2.5525366709189257e-07,0,0,A,555860,BBB,2014B,Fail
530,957,BBB_2014B_570186,2.5525366709189257e-07,0,0,B,570186,BBB,2014B,Withdrawn
531,1134,BBB_2014J_502767,2.5520964186398487e-07,1,1,B,502767,BBB,2014J,Pass
532,2278,BBB_2014B_630393,2.549313933286612e-07,1,1,B,630393,BBB,2014B,Distinction
533,2325,BBB_2014B_616377,2.548050019868242e-07,0,0,B,616377,BBB,2014B,Fail
534,660,BBB_2013J_556228,2.547849646816758e-07,1,1,A,556228,BBB,2013J,Pass
535,3018,BBB_2014J_610437,2.547725443946547e-07,0,0,B,610437,BBB,2014J,Withdrawn
536,1647,BBB_2013J_588205,2.545074266890879e-07,0,0,B,588205,BBB,2013J,Withdrawn
537,2529,BBB_2013J_583179,2.545074266890879e-07,0,0,B,583179,BBB,2013J,Withdrawn
538,657,BBB_2013J_601558,2.545074266890879e-07,0,0,B,601558,BBB,2013J,Fail
539,1825,BBB_2013B_525797,2.544015558214596e-07,0,0,B,525797,BBB,2013B,Fail
540,2363,BBB_2014B_90361,2.5419376470381394e-07,1,1,B,90361,BBB,2014B,Pass
541,3580,BBB_2014B_559381,2.540025434427662e-07,1,1,B,559381,BBB,2014B,Pass
542,3374,BBB_2014B_533077,2.5390090740984306e-07,0,0,B,533077,BBB,2014B,Fail
543,2360,BBB_2013J_585342,2.5342893650304177e-07,0,0,B,585342,BBB,2013J,Withdrawn
544,3334,BBB_2013J_587285,2.532565872570558e-07,0,0,B,587285,BBB,2013J,Withdrawn
545,2783,BBB_2014B_609282,2.5296432681898295e-07,0,0,B,609282,BBB,2014B,Withdrawn
546,3605,BBB_2014J_255957,2.527617937175819e-07,0,0,B,255957,BBB,2014J,Withdrawn
547,2088,BBB_2013B_368439,2.527224580717302e-07,0,0,B,368439,BBB,2013B,Fail
548,1592,BBB_2014B_632113,2.526791433865583e-07,0,0,B,632113,BBB,2014B,Fail
549,1422,BBB_2013J_611315,2.5267016212637827e-07,1,1,B,611315,BBB,2013J,Distinction
550,3179,BBB_2013J_609422,2.5255656055378495e-07,0,0,B,609422,BBB,2013J,Withdrawn
551,2734,BBB_2013J_1866742,2.5243465984203795e-07,0,0,B,1866742,BBB,2013J,Withdrawn
552,2327,BBB_2014J_620655,2.52386456622844e-07,0,0,B,620655,BBB,2014J,Withdrawn
553,3251,BBB_2014J_648416,2.523514126551163e-07,1,1,B,648416,BBB,2014J,Pass
554,3108,BBB_2014B_1406920,2.521027511193097e-07,1,1,B,1406920,BBB,2014B,Pass
555,963,BBB_2014B_2634946,2.520668829220085e-07,0,0,A,2634946,BBB,2014B,Withdrawn
556,969,BBB_2014J_656228,2.5184843366332643e-07,0,0,B,656228,BBB,2014J,Withdrawn
557,53,BBB_2014B_286914,2.516332813229383e-07,1,1,B,286914,BBB,2014B,Pass
558,97,BBB_2013J_576996,2.515309347472794e-07,0,0,B,576996,BBB,2013J,Withdrawn
559,979,BBB_2013B_552110,2.514040033929632e-07,0,0,B,552110,BBB,2013B,Fail
560,2781,BBB_2013J_595925,2.512852859126724e-07,1,1,B,595925,BBB,2013J,Pass
561,2671,BBB_2014B_382877,2.5110125534411054e-07,0,0,B,382877,BBB,2014B,Withdrawn
562,2922,BBB_2014B_1393589,2.510677745704015e-07,1,1,B,1393589,BBB,2014B,Pass
563,14,BBB_2014B_236161,2.510677745704015e-07,1,1,B,236161,BBB,2014B,Pass
564,2808,BBB_2014J_642439,2.509295029540226e-07,0,0,B,642439,BBB,2014J,Withdrawn
565,3456,BBB_2013B_535618,2.507999283807294e-07,0,0,A,535618,BBB,2013B,Fail
566,2031,BBB_2014B_615218,2.5072685616578383e-07,0,0,B,615218,BBB,2014B,Fail
567,3540,BBB_2014B_1525567,2.5029601147252833e-07,1,1,A,1525567,BBB,2014B,Distinction
568,1984,BBB_2014B_1932474,2.5021836336236447e-07,1,1,B,1932474,BBB,2014B,Distinction
569,3354,BBB_2014J_655547,2.5021077476594655e-07,1,1,B,655547,BBB,2014J,Pass
570,1074,BBB_2014J_695021,2.500739526567486e-07,1,1,B,695021,BBB,2014J,Pass
571,3891,BBB_2013B_542687,2.4996285219458514e-07,0,0,B,542687,BBB,2013B,Fail
572,1127,BBB_2013B_556987,2.4996285219458514e-07,0,0,B,556987,BBB,2013B,Fail
573,3565,BBB_2013B_551601,2.4996285219458514e-07,0,0,B,551601,BBB,2013B,Withdrawn
574,618,BBB_2014J_2242067,2.495190756235388e-07,1,1,B,2242067,BBB,2014J,Pass
575,1534,BBB_2013J_559168,2.4944807819338166e-07,1,1,A,559168,BBB,2013J,Pass
576,2598,BBB_2014B_627252,2.494460602520121e-07,0,0,B,627252,BBB,2014B,Withdrawn
577,1869,BBB_2014B_444858,2.492107569196378e-07,0,0,B,444858,BBB,2014B,Fail
578,860,BBB_2013B_285912,2.490988890713197e-07,1,1,B,285912,BBB,2013B,Pass
579,3240,BBB_2014B_2108614,2.4900720063669723e-07,1,1,B,2108614,BBB,2014B,Distinction
580,2481,BBB_2014B_2080885,2.4900720063669723e-07,1,1,B,2080885,BBB,2014B,Pass
581,3518,BBB_2014B_2248122,2.4900720063669723e-07,1,1,B,2248122,BBB,2014B,Pass
582,2668,BBB_2014J_684329,2.489388464255171e-07,1,1,B,684329,BBB,2014J,Pass
583,2430,BBB_2014J_649119,2.489388464255171e-07,1,1,B,649119,BBB,2014J,Pass
584,3915,BBB_2014B_571732,2.489076109668531e-07,0,0,B,571732,BBB,2014B,Withdrawn
585,1495,BBB_2013J_2459051,2.488988002369297e-07,0,0,B,2459051,BBB,2013J,Fail
586,255,BBB_2014B_626806,2.4888362304409384e-07,0,0,B,626806,BBB,2014B,Withdrawn
587,1233,BBB_2013J_582446,2.4882606908249727e-07,1,1,B,582446,BBB,2013J,Pass
588,3062,BBB_2013B_544519,2.487877850398945e-07,0,0,B,544519,BBB,2013B,Fail
589,3428,BBB_2013J_597109,2.4844774770826916e-07,0,0,B,597109,BBB,2013J,Withdrawn
590,2352,BBB_2013J_2273256,2.4802810116852925e-07,0,0,B,2273256,BBB,2013J,Withdrawn
591,170,BBB_2014B_549087,2.4790043084976787e-07,0,0,B,549087,BBB,2014B,Fail
592,3875,BBB_2014B_622767,2.4786862695691525e-07,0,0,B,622767,BBB,2014B,Withdrawn
593,2571,BBB_2013J_582650,2.477071348039317e-07,1,1,B,582650,BBB,2013J,Pass
594,3888,BBB_2013B_2366070,2.476938902873371e-07,0,0,B,2366070,BBB,2013B,Withdrawn
595,3627,BBB_2013J_2111015,2.473399547398003e-07,1,1,B,2111015,BBB,2013J,Pass
596,486,BBB_2013J_613158,2.473399547398003e-07,1,1,B,613158,BBB,2013J,Pass
597,1170,BBB_2013J_258035,2.4723726710362826e-07,1,1,B,258035,BBB,2013J,Distinction
598,986,BBB_2013J_487371,2.4718931967981916e-07,1,1,B,487371,BBB,2013J,Pass
599,1141,BBB_2013B_2340190,2.470275433097413e-07,0,0,B,2340190,BBB,2013B,Fail
600,3205,BBB_2014B_384636,2.4688728217370226e-07,0,0,B,384636,BBB,2014B,Fail
601,1336,BBB_2013J_474071,2.468121635956777e-07,0,0,A,474071,BBB,2013J,Fail
602,302,BBB_2014B_622766,2.467606634581898e-07,0,0,A,622766,BBB,2014B,Fail
603,2519,BBB_2013J_485439,2.4671612663951237e-07,0,0,B,485439,BBB,2013J,Withdrawn
604,210,BBB_2014B_381544,2.4668310061315424e-07,1,1,B,381544,BBB,2014B,Pass
605,822,BBB_2013J_534323,2.466568957970594e-07,1,1,B,534323,BBB,2013J,Pass
606,2405,BBB_2014J_654657,2.4664666398166446e-07,1,1,B,654657,BBB,2014J,Pass
607,1332,BBB_2013J_602598,2.4642753260195605e-07,0,0,B,602598,BBB,2013J,Fail
608,2441,BBB_2013J_607808,2.4642753260195605e-07,0,0,B,607808,BBB,2013J,Fail
609,2495,BBB_2014B_635788,2.4621357397336396e-07,1,1,B,635788,BBB,2014B,Pass
610,542,BBB_2013J_541586,2.4610224613752507e-07,1,1,B,541586,BBB,2013J,Distinction
611,3785,BBB_2014J_531865,2.461017913901742e-07,1,1,A,531865,BBB,2014J,Pass
612,2953,BBB_2013J_274577,2.460930943470885e-07,0,0,B,274577,BBB,2013J,Withdrawn
613,827,BBB_2013J_2282129,2.460930943470885e-07,0,0,B,2282129,BBB,2013J,Fail
614,1897,BBB_2013B_534151,2.4602920234428893e-07,0,0,B,534151,BBB,2013B,Withdrawn
615,2860,BBB_2014J_679967,2.4602090320513526e-07,1,1,B,679967,BBB,2014J,Pass
616,3409,BBB_2014J_526844,2.4590721636741364e-07,0,0,B,526844,BBB,2014J,Withdrawn
617,3558,BBB_2013J_228513,2.4590173097749357e-07,0,0,B,228513,BBB,2013J,Withdrawn
618,1171,BBB_2013J_242893,2.4578747570558335e-07,0,0,B,242893,BBB,2013J,Withdrawn
619,3731,BBB_2013J_156311,2.457799723742937e-07,1,1,B,156311,BBB,2013J,Pass
620,1668,BBB_2014J_608319,2.4569158085796516e-07,0,0,B,608319,BBB,2014J,Withdrawn
621,525,BBB_2013J_521666,2.456768584124802e-07,0,0,B,521666,BBB,2013J,Fail
622,1386,BBB_2013J_591420,2.45560357825525e-07,1,1,B,591420,BBB,2013J,Pass
623,258,BBB_2013J_61118,2.4543768972762336e-07,0,0,B,61118,BBB,2013J,Withdrawn
624,3427,BBB_2013J_510776,2.4542561050111544e-07,0,0,B,510776,BBB,2013J,Fail
625,3218,BBB_2013B_58089,2.450130409670237e-07,0,0,B,58089,BBB,2013B,Fail
626,1775,BBB_2014B_629159,2.4479086846440623e-07,0,0,B,629159,BBB,2014B,Fail
627,2586,BBB_2013B_507685,2.446554674406798e-07,0,0,B,507685,BBB,2013B,Withdrawn
628,3618,BBB_2013B_547690,2.4459907876916986e-07,1,1,B,547690,BBB,2013B,Pass
629,3813,BBB_2013B_302550,2.4447371060887235e-07,0,0,A,302550,BBB,2013B,Withdrawn
630,799,BBB_2014B_628176,2.444492395170528e-07,1,1,B,628176,BBB,2014B,Pass
631,804,BBB_2013B_431071,2.442406241698336e-07,0,0,B,431071,BBB,2013B,Withdrawn
632,2880,BBB_2014J_636660,2.4422709543614474e-07,0,0,B,636660,BBB,2014J,Withdrawn
633,1837,BBB_2014J_678114,2.4422709543614474e-07,0,0,B,678114,BBB,2014J,Withdrawn
634,763,BBB_2014B_2184026,2.4397164111178427e-07,0,0,B,2184026,BBB,2014B,Withdrawn
635,1725,BBB_2014B_190352,2.437955402001535e-07,0,0,B,190352,BBB,2014B,Fail
636,722,BBB_2014J_1118432,2.434578902921203e-07,1,1,B,1118432,BBB,2014J,Distinction
637,1063,BBB_2014J_645042,2.4334738668585487e-07,0,0,B,645042,BBB,2014J,Fail
638,3600,BBB_2013B_525942,2.4329023062819033e-07,0,0,A,525942,BBB,2013B,Withdrawn
639,576,BBB_2014J_647803,2.432487065107125e-07,1,1,B,647803,BBB,2014J,Pass
640,2330,BBB_2014J_689148,2.432487065107125e-07,1,1,B,689148,BBB,2014J,Distinction
641,1172,BBB_2014J_119444,2.4308096158165426e-07,0,0,B,119444,BBB,2014J,Withdrawn
642,2731,BBB_2013J_507279,2.4294428158100345e-07,0,0,B,507279,BBB,2013J,Fail
643,1747,BBB_2013J_580883,2.4281331434394815e-07,1,1,B,580883,BBB,2013J,Pass
644,936,BBB_2013B_559744,2.428033667456475e-07,1,1,B,559744,BBB,2013B,Pass
645,2987,BBB_2014J_618994,2.427588583486795e-07,1,1,B,618994,BBB,2014J,Pass
646,709,BBB_2014B_2273828,2.4271457732538693e-07,0,0,B,2273828,BBB,2014B,Withdrawn
647,186,BBB_2013B_2377567,2.4265776232823555e-07,1,1,B,2377567,BBB,2013B,Distinction
648,185,BBB_2013B_548838,2.4265776232823555e-07,1,1,B,548838,BBB,2013B,Pass
649,2206,BBB_2013B_359170,2.426554601697717e-07,0,0,B,359170,BBB,2013B,Withdrawn
650,3195,BBB_2014J_684319,2.4263820819214743e-07,1,1,A,684319,BBB,2014J,Pass
651,2291,BBB_2014B_634481,2.4245650820375886e-07,1,1,A,634481,BBB,2014B,Pass
652,1179,BBB_2014B_417263,2.4245650820375886e-07,1,1,B,417263,BBB,2014B,Pass
653,2477,BBB_2014B_565008,2.4235487217083573e-07,0,0,B,565008,BBB,2014B,Withdrawn
654,3025,BBB_2013B_515130,2.422325451334473e-07,0,0,B,515130,BBB,2013B,Fail
655,1630,BBB_2013J_404708,2.4208316062868107e-07,1,1,B,404708,BBB,2013J,Pass
656,1455,BBB_2014B_630476,2.420368048206001e-07,0,0,B,630476,BBB,2014B,Withdrawn
657,2177,BBB_2013J_591986,2.4181261437661306e-07,0,0,A,591986,BBB,2013J,Withdrawn
658,2115,BBB_2013J_585618,2.4181261437661306e-07,0,0,B,585618,BBB,2013J,Withdrawn
659,2312,BBB_2013B_108589,2.4175989210561966e-07,1,1,B,108589,BBB,2013B,Pass
660,2020,BBB_2014J_700441,2.416338418242958e-07,1,1,B,700441,BBB,2014J,Pass
661,2102,BBB_2014B_1431750,2.4138446974575345e-07,0,0,A,1431750,BBB,2014B,Fail
662,3281,BBB_2014B_616361,2.4120666353155684e-07,0,0,B,616361,BBB,2014B,Withdrawn
663,2029,BBB_2014B_553000,2.4120666353155684e-07,0,0,B,553000,BBB,2014B,Withdrawn
664,2377,BBB_2014B_628970,2.4097343498397095e-07,0,0,B,628970,BBB,2014B,Withdrawn
665,2014,BBB_2014B_618957,2.4097343498397095e-07,0,0,B,618957,BBB,2014B,Withdrawn
666,3448,BBB_2014B_618292,2.4097343498397095e-07,0,0,B,618292,BBB,2014B,Withdrawn
667,3160,BBB_2014B_268301,2.408675641163427e-07,1,1,A,268301,BBB,2014B,Distinction
668,1301,BBB_2013J_1105438,2.408365560313541e-07,1,1,B,1105438,BBB,2013J,Pass
669,2069,BBB_2014B_260955,2.407033434792538e-07,0,0,B,260955,BBB,2014B,Fail
670,1921,BBB_2014J_648182,2.4060130954239867e-07,1,1,B,648182,BBB,2014J,Pass
671,1605,BBB_2014J_680522,2.405413397355005e-07,0,0,B,680522,BBB,2014J,Withdrawn
672,1753,BBB_2014J_684250,2.4035747969719523e-07,1,1,A,684250,BBB,2014J,Pass
673,1971,BBB_2013J_427683,2.4001752763069817e-07,0,0,B,427683,BBB,2013J,Withdrawn
674,1853,BBB_2013B_444408,2.399588652224338e-07,0,0,B,444408,BBB,2013B,Fail
675,1291,BBB_2014J_581866,2.399585525836301e-07,1,1,B,581866,BBB,2014J,Pass
676,741,BBB_2013J_607300,2.3984935637599847e-07,0,0,B,607300,BBB,2013J,Fail
677,2161,BBB_2013B_262454,2.3976576812856365e-07,0,0,B,262454,BBB,2013B,Fail
678,1687,BBB_2014B_629923,2.397080436367105e-07,0,0,B,629923,BBB,2014B,Fail
679,3014,BBB_2013J_569862,2.393436773218127e-07,1,1,A,569862,BBB,2013J,Pass
680,2825,BBB_2014J_314252,2.3915850988487364e-07,1,1,A,314252,BBB,2014J,Pass
681,3297,BBB_2013B_527382,2.390473241575819e-07,0,0,B,527382,BBB,2013B,Withdrawn
682,470,BBB_2014J_692392,2.3902410362097726e-07,0,0,B,692392,BBB,2014J,Withdrawn
683,2587,BBB_2013J_536632,2.389410553860216e-07,1,1,B,536632,BBB,2013J,Pass
684,3326,BBB_2014J_445774,2.387969857409189e-07,1,1,A,445774,BBB,2014J,Distinction
685,1375,BBB_2013B_133155,2.3873522536632663e-07,1,1,B,133155,BBB,2013B,Pass
686,684,BBB_2014J_590122,2.386729249792552e-07,1,1,B,590122,BBB,2014J,Pass
687,1177,BBB_2014J_636525,2.386729249792552e-07,1,1,B,636525,BBB,2014J,Pass
688,3685,BBB_2013J_2390117,2.385661730386346e-07,1,1,A,2390117,BBB,2013J,Distinction
689,2234,BBB_2013J_599748,2.385661730386346e-07,1,1,B,599748,BBB,2013J,Pass
690,1240,BBB_2013J_603123,2.385661730386346e-07,1,1,B,603123,BBB,2013J,Pass
691,3586,BBB_2014J_651429,2.384514061759546e-07,1,1,B,651429,BBB,2014J,Pass
692,1932,BBB_2014J_547788,2.384514061759546e-07,1,1,B,547788,BBB,2014J,Pass
693,1506,BBB_2013J_536487,2.3843276153456827e-07,0,0,B,536487,BBB,2013J,Withdrawn
694,3103,BBB_2013B_532317,2.3828683026749786e-07,0,0,B,532317,BBB,2013B,Fail
695,382,BBB_2013B_550676,2.3828683026749786e-07,0,0,B,550676,BBB,2013B,Withdrawn
696,3689,BBB_2014B_627190,2.380403572033174e-07,1,1,B,627190,BBB,2014B,Pass
697,2761,BBB_2014B_628180,2.380403572033174e-07,1,1,B,628180,BBB,2014B,Pass
698,509,BBB_2014B_630345,2.379289298914955e-07,0,0,B,630345,BBB,2014B,Fail
699,2565,BBB_2013B_529118,2.3783897518114827e-07,0,0,B,529118,BBB,2013B,Withdrawn
700,163,BBB_2014J_597532,2.3770502366460278e-07,0,0,B,597532,BBB,2014J,Withdrawn
701,2012,BBB_2014J_680970,2.374311378616767e-07,1,1,B,680970,BBB,2014J,Distinction
702,491,BBB_2013B_538987,2.3733390719371528e-07,1,1,B,538987,BBB,2013B,Distinction
703,933,BBB_2013B_2487541,2.3733390719371528e-07,1,1,B,2487541,BBB,2013B,Distinction
704,2086,BBB_2013B_556605,2.3733390719371528e-07,1,1,B,556605,BBB,2013B,Pass
705,771,BBB_2013J_305812,2.3706054719241365e-07,0,0,B,305812,BBB,2013J,Withdrawn
706,1573,BBB_2013J_612656,2.3667904258672934e-07,1,1,B,612656,BBB,2013J,Distinction
707,1758,BBB_2014B_508100,2.3660345505049918e-07,0,0,A,508100,BBB,2014B,Fail
708,2437,BBB_2014J_694473,2.3632142642782128e-07,1,1,B,694473,BBB,2014J,Pass
709,743,BBB_2014J_652572,2.3601131715622614e-07,1,1,B,652572,BBB,2014J,Pass
710,3905,BBB_2014B_606335,2.3557367967441678e-07,0,0,B,606335,BBB,2014B,Withdrawn
711,1584,BBB_2014B_563487,2.3553707251267042e-07,1,1,B,563487,BBB,2014B,Pass
712,971,BBB_2013B_333837,2.3538717641713447e-07,0,0,B,333837,BBB,2013B,Withdrawn
713,3670,BBB_2013J_606465,2.3534735760222247e-07,1,1,A,606465,BBB,2013J,Pass
714,3940,BBB_2013J_573519,2.3534735760222247e-07,1,1,B,573519,BBB,2013J,Distinction
715,164,BBB_2014J_1937822,2.3528598092070752e-07,1,1,B,1937822,BBB,2014J,Distinction
716,1693,BBB_2014J_579031,2.3527135795120557e-07,0,0,B,579031,BBB,2014J,Withdrawn
717,801,BBB_2013J_2529306,2.351594901028875e-07,0,0,B,2529306,BBB,2013J,Fail
718,1531,BBB_2014J_602696,2.3512848201789893e-07,1,1,B,602696,BBB,2014J,Distinction
719,3783,BBB_2014J_654639,2.3511702806899848e-07,0,0,B,654639,BBB,2014J,Withdrawn
720,1166,BBB_2014J_652044,2.3493385015171953e-07,1,1,A,652044,BBB,2014J,Pass
721,3764,BBB_2014J_682223,2.3493385015171953e-07,1,1,B,682223,BBB,2014J,Distinction
722,1731,BBB_2013J_598562,2.3493134904128965e-07,0,0,A,598562,BBB,2013J,Fail
723,2988,BBB_2013J_583142,2.3493134904128965e-07,0,0,B,583142,BBB,2013J,Withdrawn
724,1587,BBB_2014J_652006,2.3485169720061094e-07,0,0,B,652006,BBB,2014J,Withdrawn
725,1318,BBB_2013J_373807,2.3467175935820705e-07,0,0,B,373807,BBB,2013J,Fail
726,3564,BBB_2014J_688208,2.3457899089862622e-07,0,0,A,688208,BBB,2014J,Withdrawn
727,3881,BBB_2014J_689230,2.3453070241430396e-07,1,1,B,689230,BBB,2014J,Pass
728,1865,BBB_2013J_444729,2.3452609809737623e-07,0,0,B,444729,BBB,2013J,Withdrawn
729,847,BBB_2014B_2567352,2.3452015796010528e-07,0,0,B,2567352,BBB,2014B,Withdrawn
730,2311,BBB_2014B_611719,2.3452015796010528e-07,0,0,B,611719,BBB,2014B,Fail
731,1405,BBB_2013J_488908,2.341817690876269e-07,0,0,B,488908,BBB,2013J,Withdrawn
732,416,BBB_2014B_548844,2.3398928306050948e-07,0,0,B,548844,BBB,2014B,Fail
733,1838,BBB_2013J_570623,2.33561081586231e-07,1,1,B,570623,BBB,2013J,Pass
734,2723,BBB_2013J_586720,2.3329646126057924e-07,0,0,A,586720,BBB,2013J,Fail
735,1645,BBB_2013J_595010,2.3329646126057924e-07,0,0,B,595010,BBB,2013J,Fail
736,3827,BBB_2014J_608851,2.3321321407365758e-07,1,1,B,608851,BBB,2014J,Pass
737,2706,BBB_2014J_684184,2.3313201324981492e-07,1,1,B,684184,BBB,2014J,Distinction
738,3852,BBB_2014J_674643,2.3293854667372216e-07,0,0,A,674643,BBB,2014J,Withdrawn
739,1966,BBB_2014J_684525,2.3293854667372216e-07,0,0,B,684525,BBB,2014J,Withdrawn
740,2408,BBB_2013J_1170618,2.3283573113985767e-07,1,1,B,1170618,BBB,2013J,Distinction
741,632,BBB_2014B_2592923,2.3279326910596865e-07,0,0,A,2592923,BBB,2014B,Fail
742,1002,BBB_2013B_502694,2.3263622495051095e-07,1,1,B,502694,BBB,2013B,Distinction
743,3845,BBB_2013B_559495,2.3263622495051095e-07,1,1,B,559495,BBB,2013B,Distinction
744,3782,BBB_2013J_544122,2.3263325488187547e-07,1,1,B,544122,BBB,2013J,Distinction
745,3649,BBB_2014J_675059,2.3244291469382006e-07,0,0,B,675059,BBB,2014J,Fail
746,1660,BBB_2014J_674323,2.3244291469382006e-07,0,0,B,674323,BBB,2014J,Withdrawn
747,1222,BBB_2013J_600684,2.3231524437505868e-07,1,1,B,600684,BBB,2013J,Distinction
748,1569,BBB_2013J_596016,2.322083076933268e-07,0,0,A,596016,BBB,2013J,Fail
749,642,BBB_2014J_693297,2.3214332145471417e-07,0,0,B,693297,BBB,2014J,Fail
750,2718,BBB_2014J_683802,2.3214332145471417e-07,0,0,B,683802,BBB,2014J,Withdrawn
751,3705,BBB_2013B_2642029,2.3211457289562532e-07,1,1,B,2642029,BBB,2013B,Distinction
752,3811,BBB_2014J_2497189,2.3209921096167818e-07,0,0,B,2497189,BBB,2014J,Withdrawn
753,2610,BBB_2013J_2132966,2.3206217747429037e-07,1,1,B,2132966,BBB,2013J,Pass
754,3452,BBB_2013J_593711,2.3206217747429037e-07,1,1,B,593711,BBB,2013J,Pass
755,2095,BBB_2013J_601504,2.3206217747429037e-07,1,1,B,601504,BBB,2013J,Pass
756,3526,BBB_2013J_593715,2.3206217747429037e-07,1,1,B,593715,BBB,2013J,Pass
757,1586,BBB_2013J_1731564,2.318317910976475e-07,1,1,B,1731564,BBB,2013J,Pass
758,516,BBB_2013B_540511,2.3166057872003876e-07,1,1,B,540511,BBB,2013B,Distinction
759,311,BBB_2014J_647553,2.3154036910000286e-07,1,1,B,647553,BBB,2014J,Pass
760,2128,BBB_2013J_591518,2.3146426997300296e-07,1,1,B,591518,BBB,2013J,Distinction
761,3821,BBB_2013B_556301,2.3135487481340533e-07,1,1,B,556301,BBB,2013B,Pass
762,3578,BBB_2013J_603789,2.3118757042084326e-07,0,0,B,603789,BBB,2013J,Withdrawn
763,3695,BBB_2014J_648778,2.3118660408272262e-07,1,1,B,648778,BBB,2014J,Pass
764,1905,BBB_2013B_561167,2.30977661885845e-07,1,1,B,561167,BBB,2013B,Pass
765,451,BBB_2014J_637348,2.3096640688891057e-07,0,0,B,637348,BBB,2014J,Fail
766,2210,BBB_2013J_432144,2.308995021849114e-07,1,1,B,432144,BBB,2013J,Pass
767,1729,BBB_2013J_483339,2.3085522116161883e-07,0,0,A,483339,BBB,2013J,Withdrawn
768,3,BBB_2014J_678777,2.3084162137365638e-07,0,0,B,678777,BBB,2014J,Withdrawn
769,2766,BBB_2014J_674960,2.302389816577488e-07,1,1,B,674960,BBB,2014J,Pass
770,2897,BBB_2013J_595420,2.301897126244512e-07,0,0,B,595420,BBB,2013J,Withdrawn
771,1131,BBB_2013B_542291,2.3010441907445056e-07,1,1,B,542291,BBB,2013B,Pass
772,1322,BBB_2014J_689113,2.299519934467753e-07,1,1,B,689113,BBB,2014J,Pass
773,2596,BBB_2013J_592815,2.2967446966504212e-07,0,0,B,592815,BBB,2013J,Withdrawn
774,3820,BBB_2013J_1963287,2.2967446966504212e-07,0,0,B,1963287,BBB,2013J,Fail
775,1935,BBB_2014J_647220,2.2963925516705785e-07,0,0,B,647220,BBB,2014J,Withdrawn
776,147,BBB_2014B_589997,2.2962026946515834e-07,1,1,B,589997,BBB,2014B,Distinction
777,146,BBB_2013B_559595,2.2948911748699174e-07,1,1,B,559595,BBB,2013B,Pass
778,3314,BBB_2013B_365707,2.2937761912089627e-07,1,1,B,365707,BBB,2013B,Distinction
779,1466,BBB_2013J_586416,2.2936679044960329e-07,1,1,B,586416,BBB,2013J,Pass
780,1788,BBB_2013B_475901,2.2926961662506073e-07,0,0,B,475901,BBB,2013B,Fail
781,2500,BBB_2013B_557865,2.292176191076578e-07,0,0,B,557865,BBB,2013B,Fail
782,727,BBB_2013B_555995,2.292176191076578e-07,0,0,B,555995,BBB,2013B,Withdrawn
783,1538,BBB_2013B_557451,2.292176191076578e-07,0,0,B,557451,BBB,2013B,Fail
784,3746,BBB_2013B_420604,2.2906593244442774e-07,0,0,B,420604,BBB,2013B,Fail
785,2333,BBB_2014J_612135,2.2898412055383233e-07,1,1,B,612135,BBB,2014J,Distinction
786,2958,BBB_2014J_226839,2.2898412055383233e-07,1,1,B,226839,BBB,2014J,Pass
787,3646,BBB_2013J_1759851,2.2837791391339124e-07,0,0,B,1759851,BBB,2013J,Withdrawn
788,3499,BBB_2014J_680816,2.282858844182556e-07,0,0,B,680816,BBB,2014J,Withdrawn
789,1153,BBB_2014J_674319,2.282858844182556e-07,0,0,B,674319,BBB,2014J,Withdrawn
790,3255,BBB_2014J_394314,2.282858844182556e-07,0,0,B,394314,BBB,2014J,Withdrawn
791,2560,BBB_2013B_557338,2.282189655034017e-07,0,0,B,557338,BBB,2013B,Withdrawn
792,890,BBB_2014J_554048,2.2794894505295815e-07,1,1,B,554048,BBB,2014J,Pass
793,3760,BBB_2014B_591547,2.2790864306898584e-07,0,0,B,591547,BBB,2014B,Fail
794,3658,BBB_2014J_491387,2.2785425812799076e-07,1,1,A,491387,BBB,2014J,Distinction
795,2310,BBB_2013J_509390,2.269359384854397e-07,0,0,B,509390,BBB,2013J,Fail
796,3431,BBB_2013B_486214,2.268649836878467e-07,0,0,B,486214,BBB,2013B,Withdrawn
797,581,BBB_2013J_389101,2.267936736188858e-07,1,1,B,389101,BBB,2013J,Distinction
798,1358,BBB_2013J_604919,2.267936736188858e-07,1,1,B,604919,BBB,2013J,Pass
799,1357,BBB_2013J_594776,2.267936736188858e-07,1,1,A,594776,BBB,2013J,Pass
800,1334,BBB_2013B_557060,2.2677350841604493e-07,1,1,B,557060,BBB,2013B,Pass
801,2614,BBB_2014B_575990,2.2661018306280312e-07,0,0,B,575990,BBB,2014B,Withdrawn
802,386,BBB_2014J_695475,2.2649082609405013e-07,1,1,B,695475,BBB,2014J,Distinction
803,301,BBB_2014J_695510,2.2649082609405013e-07,1,1,B,695510,BBB,2014J,Pass
804,1624,BBB_2014J_695972,2.2649082609405013e-07,1,1,B,695972,BBB,2014J,Pass
805,303,BBB_2014J_698170,2.2645680530786194e-07,1,1,B,698170,BBB,2014J,Distinction
806,2317,BBB_2013J_570157,2.2601420823775697e-07,1,1,B,570157,BBB,2013J,Pass
807,1843,BBB_2014J_679059,2.2598005955387634e-07,1,1,B,679059,BBB,2014J,Pass
808,625,BBB_2014J_676401,2.2587333603496518e-07,1,1,B,676401,BBB,2014J,Distinction
809,1562,BBB_2013J_202879,2.2581875214200409e-07,0,0,B,202879,BBB,2013J,Fail
810,1366,BBB_2013J_478718,2.2581875214200409e-07,0,0,B,478718,BBB,2013J,Fail
811,836,BBB_2013J_323090,2.2573821922833304e-07,1,1,B,323090,BBB,2013J,Pass
812,50,BBB_2013J_567262,2.2573821922833304e-07,1,1,A,567262,BBB,2013J,Pass
813,1559,BBB_2013B_556648,2.2572355362626695e-07,0,0,B,556648,BBB,2013B,Fail
814,188,BBB_2013B_506753,2.2568028157365916e-07,1,1,B,506753,BBB,2013B,Pass
815,3857,BBB_2014J_574841,2.254396207490572e-07,1,1,B,574841,BBB,2014J,Pass
816,1823,BBB_2014B_435282,2.2536045207743882e-07,0,0,B,435282,BBB,2014B,Fail
817,1260,BBB_2013J_609815,2.2526326404204156e-07,1,1,B,609815,BBB,2013J,Pass
818,2213,BBB_2013J_2196054,2.2516694286878192e-07,1,1,B,2196054,BBB,2013J,Pass
819,2989,BBB_2013J_410842,2.2516694286878192e-07,1,1,B,410842,BBB,2013J,Pass
820,2019,BBB_2014J_689132,2.2509767916290002e-07,1,1,B,689132,BBB,2014J,Pass
821,3260,BBB_2013J_604939,2.2509378538870806e-07,0,0,B,604939,BBB,2013J,Fail
822,2719,BBB_2013J_588117,2.2497340523841558e-07,1,1,B,588117,BBB,2013J,Distinction
823,2535,BBB_2014B_2609574,2.2483000350348448e-07,0,0,A,2609574,BBB,2014B,Withdrawn
824,325,BBB_2013J_308359,2.2476790206837904e-07,0,0,B,308359,BBB,2013J,Withdrawn
825,2794,BBB_2013J_271346,2.2471071758900507e-07,0,0,B,271346,BBB,2013J,Withdrawn
826,2460,BBB_2014J_687378,2.2441773239734175e-07,1,1,B,687378,BBB,2014J,Pass
827,296,BBB_2013J_573321,2.2440433156134532e-07,0,0,B,573321,BBB,2013J,Fail
828,2241,BBB_2013J_409698,2.2440433156134532e-07,0,0,B,409698,BBB,2013J,Withdrawn
829,3215,BBB_2013J_588713,2.2440433156134532e-07,0,0,B,588713,BBB,2013J,Fail
830,2348,BBB_2013J_553556,2.2404402955089608e-07,0,0,B,553556,BBB,2013J,Withdrawn
831,172,BBB_2014J_2436711,2.2392811160898418e-07,1,1,B,2436711,BBB,2014J,Pass
832,2711,BBB_2014B_548578,2.2388340426005016e-07,0,0,B,548578,BBB,2014B,Withdrawn
833,1191,BBB_2014J_604358,2.2385312092865206e-07,1,1,B,604358,BBB,2014J,Pass
834,1673,BBB_2013J_532839,2.238145384581003e-07,0,0,B,532839,BBB,2013J,Fail
835,1326,BBB_2014J_648247,2.235759808399962e-07,0,0,B,648247,BBB,2014J,Withdrawn
836,503,BBB_2014J_651030,2.235759808399962e-07,0,0,B,651030,BBB,2014J,Withdrawn
837,1210,BBB_2014J_689267,2.2347946071477054e-07,1,1,B,689267,BBB,2014J,Pass
838,1035,BBB_2014J_656711,2.2347946071477054e-07,1,1,B,656711,BBB,2014J,Pass
839,3445,BBB_2013J_610725,2.233810931784319e-07,1,1,A,610725,BBB,2013J,Pass
840,361,BBB_2013J_566814,2.233810931784319e-07,1,1,B,566814,BBB,2013J,Pass
841,3691,BBB_2013J_2545488,2.2336207905482297e-07,0,0,B,2545488,BBB,2013J,Withdrawn
842,2979,BBB_2014J_264281,2.2305681568468572e-07,0,0,A,264281,BBB,2014J,Withdrawn
843,2030,BBB_2014J_647940,2.228652675739795e-07,0,0,B,647940,BBB,2014J,Withdrawn
844,131,BBB_2013B_446357,2.2266934252002102e-07,0,0,B,446357,BBB,2013B,Withdrawn
845,1316,BBB_2013B_532584,2.2266934252002102e-07,0,0,B,532584,BBB,2013B,Fail
846,3696,BBB_2013B_542692,2.2266934252002102e-07,0,0,B,542692,BBB,2013B,Fail
847,1686,BBB_2013B_541838,2.2266934252002102e-07,0,0,A,541838,BBB,2013B,Withdrawn
848,2426,BBB_2013B_553729,2.2266934252002102e-07,0,0,B,553729,BBB,2013B,Fail
849,1323,BBB_2013B_537473,2.2243887087824987e-07,1,1,B,537473,BBB,2013B,Pass
850,2162,BBB_2013B_549862,2.2243887087824987e-07,1,1,B,549862,BBB,2013B,Pass
851,60,BBB_2013B_2612483,2.223138295676108e-07,1,1,B,2612483,BBB,2013B,Distinction
852,3732,BBB_2013B_543719,2.2229947660434846e-07,1,1,B,543719,BBB,2013B,Pass
853,2063,BBB_2013B_548255,2.2159940726851346e-07,1,1,B,548255,BBB,2013B,Distinction
854,3020,BBB_2014B_238519,2.215976735442382e-07,0,0,A,238519,BBB,2014B,Withdrawn
855,2778,BBB_2014J_265466,2.215271024397225e-07,1,1,B,265466,BBB,2014J,Pass
856,3370,BBB_2014J_412081,2.215271024397225e-07,1,1,B,412081,BBB,2014J,Pass
857,56,BBB_2013J_301583,2.215179222275765e-07,0,0,B,301583,BBB,2013J,Fail
858,133,BBB_2014J_39208,2.2136146071716212e-07,1,1,B,39208,BBB,2014J,Pass
859,1030,BBB_2014J_697542,2.2119816378562973e-07,0,0,B,697542,BBB,2014J,Fail
860,3363,BBB_2014J_685861,2.2119816378562973e-07,0,0,B,685861,BBB,2014J,Withdrawn
861,1014,BBB_2013B_555695,2.2110590691681864e-07,1,1,B,555695,BBB,2013B,Pass
862,3582,BBB_2013J_556738,2.2102044283656141e-07,0,0,B,556738,BBB,2013J,Fail
863,2047,BBB_2013J_557652,2.2102044283656141e-07,0,0,B,557652,BBB,2013J,Fail
864,450,BBB_2013B_415548,2.2075207084526483e-07,0,0,B,415548,BBB,2013B,Withdrawn
865,1330,BBB_2014J_691413,2.2056110537960194e-07,1,1,B,691413,BBB,2014J,Distinction
866,1197,BBB_2014B_628181,2.2054466342069645e-07,1,1,B,628181,BBB,2014B,Pass
867,3568,BBB_2013B_540953,2.2048484993320017e-07,0,0,B,540953,BBB,2013B,Withdrawn
868,2909,BBB_2013J_381669,2.2021764323199022e-07,1,1,B,381669,BBB,2013J,Pass
869,2703,BBB_2013J_433864,2.2021764323199022e-07,1,1,A,433864,BBB,2013J,Pass
870,1517,BBB_2013B_528904,2.1998714316850965e-07,1,1,B,528904,BBB,2013B,Pass
871,3896,BBB_2013B_561343,2.199676458758404e-07,1,1,A,561343,BBB,2013B,Pass
872,2129,BBB_2014J_2423078,2.1976356379127537e-07,0,0,A,2423078,BBB,2014J,Fail
873,3652,BBB_2013J_609812,2.1955804641038412e-07,1,1,B,609812,BBB,2013J,Pass
874,2490,BBB_2014B_599161,2.1948376627278776e-07,0,0,B,599161,BBB,2014B,Fail
875,764,BBB_2013J_593695,2.1923825954672793e-07,1,1,B,593695,BBB,2013J,Pass
876,2943,BBB_2013J_593727,2.1923825954672793e-07,1,1,B,593727,BBB,2013J,Pass
877,3688,BBB_2014J_676428,2.1906339497945737e-07,1,1,B,676428,BBB,2014J,Pass
878,990,BBB_2013J_584611,2.1903149161062174e-07,0,0,B,584611,BBB,2013J,Fail
879,3594,BBB_2013J_571601,2.1897771773637942e-07,0,0,B,571601,BBB,2013J,Withdrawn
880,3812,BBB_2013J_530753,2.18891514691677e-07,0,0,B,530753,BBB,2013J,Fail
881,2590,BBB_2013B_2399361,2.1884704892727314e-07,0,0,B,2399361,BBB,2013B,Withdrawn
882,306,BBB_2014B_621703,2.1879543510294752e-07,0,0,B,621703,BBB,2014B,Fail
883,757,BBB_2014B_628843,2.1879543510294752e-07,0,0,B,628843,BBB,2014B,Withdrawn
884,1103,BBB_2014B_627316,2.1875001721127774e-07,0,0,A,627316,BBB,2014B,Withdrawn
885,3519,BBB_2013B_536900,2.18685585195999e-07,1,1,B,536900,BBB,2013B,Pass
886,3734,BBB_2013J_604966,2.1824310181273177e-07,1,1,B,604966,BBB,2013J,Pass
887,3170,BBB_2013J_613196,2.1824310181273177e-07,1,1,B,613196,BBB,2013J,Pass
888,1285,BBB_2013J_601499,2.1824310181273177e-07,1,1,B,601499,BBB,2013J,Pass
889,3180,BBB_2014B_607380,2.1822431506279827e-07,0,0,B,607380,BBB,2014B,Fail
890,3464,BBB_2013J_599644,2.1786354409414344e-07,0,0,B,599644,BBB,2013J,Fail
891,1370,BBB_2014J_507783,2.1764417112990486e-07,1,1,B,507783,BBB,2014J,Pass
892,547,BBB_2013B_477167,2.175803643922336e-07,1,1,B,477167,BBB,2013B,Distinction
893,2077,BBB_2014J_689129,2.1739364797213057e-07,1,1,B,689129,BBB,2014J,Pass
894,167,BBB_2014J_694981,2.1739364797213057e-07,1,1,A,694981,BBB,2014J,Pass
895,453,BBB_2014J_695144,2.1739364797213057e-07,1,1,B,695144,BBB,2014J,Pass
896,729,BBB_2013B_432232,2.170966979520017e-07,1,1,B,432232,BBB,2013B,Pass
897,1757,BBB_2013J_609230,2.170687309899222e-07,0,0,B,609230,BBB,2013J,Withdrawn
898,1964,BBB_2014J_2685247,2.1704083508211625e-07,1,1,B,2685247,BBB,2014J,Distinction
899,1452,BBB_2014J_656187,2.1704083508211625e-07,1,1,A,656187,BBB,2014J,Pass
900,3904,BBB_2014B_601010,2.165150476685085e-07,1,1,A,601010,BBB,2014B,Pass
901,648,BBB_2013J_501862,2.164944845617356e-07,0,0,B,501862,BBB,2013J,Fail
902,3840,BBB_2013J_303617,2.164944845617356e-07,0,0,B,303617,BBB,2013J,Fail
903,2828,BBB_2013J_2544448,2.164944845617356e-07,0,0,B,2544448,BBB,2013J,Fail
904,2191,BBB_2013J_594497,2.164944845617356e-07,0,0,B,594497,BBB,2013J,Fail
905,988,BBB_2013J_506980,2.1628240176596591e-07,0,0,B,506980,BBB,2013J,Fail
906,1036,BBB_2014J_693098,2.1614717127249605e-07,1,1,A,693098,BBB,2014J,Pass
907,779,BBB_2014J_582040,2.1614717127249605e-07,1,1,B,582040,BBB,2014J,Pass
908,2082,BBB_2014J_697893,2.161254428756365e-07,0,0,B,697893,BBB,2014J,Withdrawn
909,3278,BBB_2013J_439684,2.1606408040497627e-07,0,0,B,439684,BBB,2013J,Withdrawn
910,3608,BBB_2014J_640501,2.1595937482743466e-07,0,0,B,640501,BBB,2014J,Withdrawn
911,2075,BBB_2014B_623660,2.159511041099904e-07,1,1,B,623660,BBB,2014B,Pass
912,1089,BBB_2014J_687157,2.159308962745854e-07,1,1,B,687157,BBB,2014J,Pass
913,2033,BBB_2014B_556012,2.1590712151464686e-07,0,0,A,556012,BBB,2014B,Fail
914,3458,BBB_2013J_510149,2.158642473659711e-07,0,0,B,510149,BBB,2013J,Fail
915,2286,BBB_2013B_353352,2.1575401376594527e-07,0,0,B,353352,BBB,2013B,Fail
916,351,BBB_2014B_519859,2.1566053476362868e-07,1,1,B,519859,BBB,2014B,Pass
917,484,BBB_2013J_599427,2.1565845997884026e-07,0,0,B,599427,BBB,2013J,Fail
918,607,BBB_2013J_610392,2.1565845997884026e-07,0,0,B,610392,BBB,2013J,Withdrawn
919,2622,BBB_2013J_592669,2.1565845997884026e-07,0,0,B,592669,BBB,2013J,Withdrawn
920,1510,BBB_2013J_493465,2.156042739898112e-07,1,1,B,493465,BBB,2013J,Pass
921,688,BBB_2013J_569854,2.156042739898112e-07,1,1,B,569854,BBB,2013J,Pass
922,2009,BBB_2014B_559861,2.15335433040309e-07,1,1,B,559861,BBB,2014B,Pass
923,2822,BBB_2014B_626773,2.1532547123115364e-07,0,0,B,626773,BBB,2014B,Withdrawn
924,405,BBB_2014B_634373,2.1532547123115364e-07,0,0,B,634373,BBB,2014B,Withdrawn
925,3000,BBB_2013B_551715,2.1501652724964515e-07,1,1,B,551715,BBB,2013B,Pass
926,1892,BBB_2014J_688011,2.146779962686196e-07,1,1,B,688011,BBB,2014J,Pass
927,1802,BBB_2014J_473271,2.146779962686196e-07,1,1,B,473271,BBB,2014J,Pass
928,474,BBB_2013J_502621,2.1466716759732662e-07,0,0,B,502621,BBB,2013J,Withdrawn
929,1307,BBB_2013B_549512,2.1441655917442404e-07,0,0,B,549512,BBB,2013B,Withdrawn
930,1028,BBB_2013J_2001687,2.1436625274873222e-07,1,1,B,2001687,BBB,2013J,Pass
931,1914,BBB_2014B_622720,2.1423630869321642e-07,0,0,B,622720,BBB,2014B,Fail
932,920,BBB_2013J_590202,2.14232287021332e-07,1,1,B,590202,BBB,2013J,Pass
933,2365,BBB_2014J_654958,2.141917860853937e-07,0,0,B,654958,BBB,2014J,Withdrawn
934,7,BBB_2013J_2650236,2.1395825910985877e-07,0,0,B,2650236,BBB,2013J,Fail
935,1445,BBB_2014J_630274,2.138625490033519e-07,0,0,A,630274,BBB,2014J,Fail
936,2485,BBB_2014J_601882,2.13733457599119e-07,0,0,B,601882,BBB,2014J,Withdrawn
937,3822,BBB_2014B_372997,2.1369882574617804e-07,1,1,B,372997,BBB,2014B,Distinction
938,856,BBB_2013B_479516,2.1368666125454183e-07,1,1,B,479516,BBB,2013B,Pass
939,1218,BBB_2013J_589508,2.1352428802856593e-07,1,1,B,589508,BBB,2013J,Distinction
940,2615,BBB_2014J_647395,2.1341979561384505e-07,1,1,B,647395,BBB,2014J,Distinction
941,995,BBB_2014J_1563696,2.1341979561384505e-07,1,1,B,1563696,BBB,2014J,Pass
942,3667,BBB_2014J_565575,2.1341979561384505e-07,1,1,B,565575,BBB,2014J,Pass
943,1549,BBB_2013B_152153,2.1319404197583935e-07,0,0,B,152153,BBB,2013B,Withdrawn
944,233,BBB_2014J_1874935,2.131277057060288e-07,1,1,B,1874935,BBB,2014J,Distinction
945,3539,BBB_2013J_428323,2.1309735132035712e-07,1,1,B,428323,BBB,2013J,Pass
946,11,BBB_2013B_123860,2.128810194790276e-07,1,1,B,123860,BBB,2013B,Pass
947,1822,BBB_2013B_557032,2.1282342288486689e-07,1,1,B,557032,BBB,2013B,Distinction
948,1578,BBB_2014B_617792,2.1249823589641892e-07,1,1,B,617792,BBB,2014B,Pass
949,87,BBB_2013B_537488,2.1228501623227203e-07,1,1,B,537488,BBB,2013B,Pass
950,3938,BBB_2013B_506233,2.1228501623227203e-07,1,1,B,506233,BBB,2013B,Pass
951,277,BBB_2014J_691286,2.122649931379783e-07,0,0,B,691286,BBB,2014J,Withdrawn
952,2632,BBB_2014J_647126,2.122649931379783e-07,0,0,B,647126,BBB,2014J,Withdrawn
953,2505,BBB_2014J_648549,2.1193355337345565e-07,1,1,A,648549,BBB,2014J,Pass
954,214,BBB_2014B_622645,2.1181438114581397e-07,0,0,B,622645,BBB,2014B,Withdrawn
955,3791,BBB_2014B_624411,2.117733828299606e-07,0,0,A,624411,BBB,2014B,Withdrawn
956,3200,BBB_2014B_2420725,2.117733828299606e-07,0,0,B,2420725,BBB,2014B,Fail
957,3277,BBB_2013J_305935,2.1157262608539895e-07,0,0,B,305935,BBB,2013J,Fail
958,1773,BBB_2014J_628656,2.1132264294010383e-07,1,1,B,628656,BBB,2014J,Pass
959,3712,BBB_2014J_691028,2.1106028214035177e-07,0,0,B,691028,BBB,2014J,Withdrawn
960,3768,BBB_2014J_34431,2.1096620628213714e-07,0,0,B,34431,BBB,2014J,Withdrawn
961,2198,BBB_2013B_536452,2.108809127321365e-07,1,1,B,536452,BBB,2013B,Pass
962,1436,BBB_2014B_88340,2.1080477097257244e-07,0,0,B,88340,BBB,2014B,Withdrawn
963,3502,BBB_2013B_560970,2.1079803502743744e-07,1,1,A,560970,BBB,2013B,Pass
964,55,BBB_2013B_516776,2.1057202559404686e-07,0,0,B,516776,BBB,2013B,Fail
965,2683,BBB_2013B_559603,2.1046982112693513e-07,1,1,B,559603,BBB,2013B,Pass
966,1551,BBB_2013B_273731,2.1039727471361402e-07,1,1,B,273731,BBB,2013B,Pass
967,522,BBB_2013B_226827,2.1039727471361402e-07,1,1,B,226827,BBB,2013B,Pass
968,2527,BBB_2013J_536992,2.1019874907324265e-07,1,1,B,536992,BBB,2013J,Pass
969,1711,BBB_2013J_587754,2.1019874907324265e-07,1,1,B,587754,BBB,2013J,Pass
970,2870,BBB_2013B_197595,2.1014668050156615e-07,1,1,B,197595,BBB,2013B,Pass
971,320,BBB_2014J_2464901,2.1003434369504248e-07,0,0,B,2464901,BBB,2014J,Withdrawn
972,3408,BBB_2013B_313810,2.1001045524826623e-07,1,1,B,313810,BBB,2013B,Distinction
973,615,BBB_2013B_547192,2.1001045524826623e-07,1,1,B,547192,BBB,2013B,Pass
974,2772,BBB_2013J_592496,2.0994833960230608e-07,1,1,B,592496,BBB,2013J,Pass
975,3400,BBB_2014B_611816,2.0955511104148172e-07,0,0,A,611816,BBB,2014B,Withdrawn
976,3626,BBB_2014J_687004,2.0955410207079694e-07,0,0,B,687004,BBB,2014J,Fail
977,2682,BBB_2014J_601930,2.0955410207079694e-07,0,0,B,601930,BBB,2014J,Withdrawn
978,33,BBB_2013J_559414,2.0942090372955136e-07,1,1,B,559414,BBB,2013J,Pass
979,2231,BBB_2014J_698207,2.0912824538754649e-07,1,1,B,698207,BBB,2014J,Distinction
980,662,BBB_2013J_565035,2.0905157782635797e-07,0,0,B,565035,BBB,2013J,Fail
981,1379,BBB_2014B_628616,2.0891836527425767e-07,1,1,B,628616,BBB,2014B,Distinction
982,559,BBB_2013B_203108,2.0887149787540693e-07,0,0,B,203108,BBB,2013B,Fail
983,3125,BBB_2013B_481010,2.088564201585541e-07,1,1,B,481010,BBB,2013B,Distinction
984,577,BBB_2014J_649231,2.087963935082371e-07,1,1,B,649231,BBB,2014J,Pass
985,3346,BBB_2014B_612919,2.0878024997728062e-07,1,1,B,612919,BBB,2014B,Pass
986,3831,BBB_2014B_626604,2.0874570338946796e-07,1,1,A,626604,BBB,2014B,Pass
987,2369,BBB_2013J_411126,2.0863826932782104e-07,0,0,B,411126,BBB,2013J,Fail
988,777,BBB_2014J_637295,2.0857913796135108e-07,0,0,B,637295,BBB,2014J,Withdrawn
989,2168,BBB_2013B_156835,2.0842377068674978e-07,1,1,B,156835,BBB,2013B,Pass
990,2543,BBB_2014B_2524295,2.0805200051654538e-07,1,1,B,2524295,BBB,2014B,Pass
991,2461,BBB_2014J_689778,2.0800231936846103e-07,0,0,B,689778,BBB,2014J,Withdrawn
992,3602,BBB_2013J_574051,2.079395642340387e-07,0,0,B,574051,BBB,2013J,Fail
993,2308,BBB_2013J_590812,2.079395642340387e-07,0,0,B,590812,BBB,2013J,Withdrawn
994,3029,BBB_2013B_480382,2.0792053589957504e-07,1,1,A,480382,BBB,2013B,Pass
995,2601,BBB_2013B_185240,2.0783743082120054e-07,0,0,B,185240,BBB,2013B,Withdrawn
996,328,BBB_2013B_2097916,2.0779744147603196e-07,1,1,B,2097916,BBB,2013B,Distinction
997,309,BBB_2013B_484933,2.0779744147603196e-07,1,1,B,484933,BBB,2013B,Pass
998,247,BBB_2013B_553572,2.0779744147603196e-07,1,1,B,553572,BBB,2013B,Pass
999,22,BBB_2014J_651008,2.0774515974153474e-07,1,1,B,651008,BBB,2014J,Pass
1000,477,BBB_2014J_680146,2.0765823194324184e-07,1,1,B,680146,BBB,2014J,Pass
1001,985,BBB_2014J_681984,2.0765823194324184e-07,1,1,A,681984,BBB,2014J,Pass
1002,2588,BBB_2014J_563027,2.0759813423865126e-07,1,1,B,563027,BBB,2014J,Pass
1003,3715,BBB_2013J_574212,2.0757690322170674e-07,1,1,B,574212,BBB,2013J,Distinction
1004,1567,BBB_2013J_612210,2.0757690322170674e-07,1,1,B,612210,BBB,2013J,Pass
1005,874,BBB_2013B_531481,2.074399105822522e-07,0,0,B,531481,BBB,2013B,Withdrawn
1006,1580,BBB_2013J_585764,2.0737377326440765e-07,0,0,B,585764,BBB,2013J,Withdrawn
1007,3877,BBB_2013B_230348,2.0735529915327788e-07,0,0,B,230348,BBB,2013B,Withdrawn
1008,2467,BBB_2014B_612212,2.0729638094962866e-07,0,0,B,612212,BBB,2014B,Fail
1009,2349,BBB_2014J_572306,2.0727911476114969e-07,1,1,B,572306,BBB,2014J,Pass
1010,2733,BBB_2014J_476769,2.0727911476114969e-07,1,1,B,476769,BBB,2014J,Pass
1011,1458,BBB_2014B_2308564,2.0723038574033126e-07,1,1,B,2308564,BBB,2014B,Pass
1012,3401,BBB_2014B_59725,2.0713612514100532e-07,1,1,B,59725,BBB,2014B,Distinction
1013,719,BBB_2013J_582975,2.0707709325051837e-07,1,1,B,582975,BBB,2013J,Pass
1014,617,BBB_2013J_561640,2.0707709325051837e-07,1,1,B,561640,BBB,2013J,Distinction
1015,532,BBB_2013B_546786,2.0702881897705083e-07,0,0,B,546786,BBB,2013B,Withdrawn
1016,2762,BBB_2014J_683338,2.06927367685239e-07,0,0,B,683338,BBB,2014J,Withdrawn
1017,1722,BBB_2014J_695941,2.06927367685239e-07,0,0,B,695941,BBB,2014J,Withdrawn
1018,3648,BBB_2013J_587409,2.0691544477813295e-07,1,1,B,587409,BBB,2013J,Pass
1019,1940,BBB_2014B_612721,2.0656490562487306e-07,1,1,B,612721,BBB,2014B,Distinction
1020,1305,BBB_2014J_656557,2.0656291610521293e-07,1,1,B,656557,BBB,2014J,Pass
1021,1273,BBB_2014B_283564,2.0650330156968266e-07,0,0,B,283564,BBB,2014B,Fail
1022,3442,BBB_2014B_588685,2.064394806211567e-07,0,0,B,588685,BBB,2014B,Fail
1023,1565,BBB_2013B_88580,2.0630696440093743e-07,0,0,B,88580,BBB,2013B,Withdrawn
1024,3870,BBB_2013B_544686,2.0630696440093743e-07,0,0,B,544686,BBB,2013B,Withdrawn
1025,1927,BBB_2013B_547409,2.0630696440093743e-07,0,0,B,547409,BBB,2013B,Fail
1026,2175,BBB_2014B_2626511,2.0628934294109058e-07,0,0,B,2626511,BBB,2014B,Withdrawn
1027,3730,BBB_2013J_529163,2.0628228014629713e-07,0,0,B,529163,BBB,2013J,Withdrawn
1028,1303,BBB_2014B_598918,2.059373969132139e-07,1,1,A,598918,BBB,2014B,Distinction
1029,1404,BBB_2014B_495324,2.0559150470944587e-07,0,0,B,495324,BBB,2014B,Withdrawn
1030,3169,BBB_2014J_649578,2.0558290714234317e-07,0,0,B,649578,BBB,2014J,Fail
1031,3480,BBB_2014J_2333415,2.05560212407363e-07,1,1,B,2333415,BBB,2014J,Pass
1032,2279,BBB_2014B_606155,2.055017915836288e-07,0,0,B,606155,BBB,2014B,Withdrawn
1033,2480,BBB_2014B_613512,2.0539647493933444e-07,0,0,B,613512,BBB,2014B,Withdrawn
1034,3248,BBB_2014J_652969,2.0514184484454745e-07,1,1,B,652969,BBB,2014J,Pass
1035,2770,BBB_2013J_2452289,2.051347962606087e-07,1,1,B,2452289,BBB,2013J,Pass
1036,2994,BBB_2013J_392281,2.0507388853729935e-07,0,0,B,392281,BBB,2013J,Fail
1037,681,BBB_2014B_579537,2.0502005781963817e-07,1,1,B,579537,BBB,2014B,Pass
1038,3178,BBB_2014B_513077,2.049222018740693e-07,0,0,B,513077,BBB,2014B,Fail
1039,2027,BBB_2014J_685779,2.0491964392022055e-07,1,1,B,685779,BBB,2014J,Pass
1040,2687,BBB_2014J_682627,2.0491964392022055e-07,1,1,B,682627,BBB,2014J,Pass
1041,2043,BBB_2014B_381525,2.044432108050387e-07,0,0,B,381525,BBB,2014B,Withdrawn
1042,1286,BBB_2014J_693116,2.0432696601346834e-07,0,0,A,693116,BBB,2014J,Withdrawn
1043,650,BBB_2014J_635452,2.040629425437146e-07,1,1,B,635452,BBB,2014J,Pass
1044,613,BBB_2014J_649905,2.040629425437146e-07,1,1,B,649905,BBB,2014J,Pass
1045,3432,BBB_2014B_633024,2.036935171645382e-07,1,1,B,633024,BBB,2014B,Pass
1046,2562,BBB_2014B_621894,2.036935171645382e-07,1,1,A,621894,BBB,2014B,Pass
1047,2656,BBB_2014B_627094,2.036886570522256e-07,0,0,B,627094,BBB,2014B,Fail
1048,2674,BBB_2013J_584238,2.035749844253587e-07,0,0,B,584238,BBB,2013J,Fail
1049,3402,BBB_2013J_588252,2.035749844253587e-07,0,0,B,588252,BBB,2013J,Withdrawn
1050,115,BBB_2013J_601951,2.035749844253587e-07,0,0,B,601951,BBB,2013J,Fail
1051,589,BBB_2013B_538942,2.0353706986497855e-07,0,0,B,538942,BBB,2013B,Fail
1052,1782,BBB_2013B_549204,2.0353706986497855e-07,0,0,B,549204,BBB,2013B,Fail
1053,3223,BBB_2013B_536520,2.0353706986497855e-07,0,0,B,536520,BBB,2013B,Withdrawn
1054,726,BBB_2014J_2638403,2.035298223290738e-07,1,1,B,2638403,BBB,2014J,Pass
1055,2803,BBB_2014J_688376,2.035298223290738e-07,1,1,B,688376,BBB,2014J,Pass
1056,2552,BBB_2014B_560335,2.033367962894772e-07,0,0,B,560335,BBB,2014B,Fail
1057,3209,BBB_2013B_502088,2.0330405448021338e-07,0,0,B,502088,BBB,2013B,Fail
1058,3748,BBB_2014J_656206,2.031416101999639e-07,1,1,B,656206,BBB,2014J,Pass
1059,432,BBB_2014J_605243,2.0308463888341066e-07,1,1,B,605243,BBB,2014J,Pass
1060,2266,BBB_2014J_2610745,2.0278353929370496e-07,1,1,B,2610745,BBB,2014J,Pass
1061,769,BBB_2014J_692522,2.0278353929370496e-07,1,1,B,692522,BBB,2014J,Pass
1062,2277,BBB_2014J_656681,2.0278353929370496e-07,1,1,B,656681,BBB,2014J,Pass
1063,3630,BBB_2014J_179297,2.0273003542570223e-07,0,0,B,179297,BBB,2014J,Fail
1064,389,BBB_2014J_689329,2.0258812583051622e-07,0,0,B,689329,BBB,2014J,Fail
1065,1087,BBB_2014B_631197,2.025598888621971e-07,0,0,B,631197,BBB,2014B,Withdrawn
1066,3682,BBB_2014J_642988,2.025437026986765e-07,0,0,B,642988,BBB,2014J,Fail
1067,1368,BBB_2014J_633206,2.025437026986765e-07,0,0,B,633206,BBB,2014J,Fail
1068,3727,BBB_2014J_677154,2.025437026986765e-07,0,0,B,677154,BBB,2014J,Fail
1069,2698,BBB_2014B_628423,2.022505469767566e-07,1,1,B,628423,BBB,2014B,Distinction
1070,2416,BBB_2014J_608448,2.018300762074432e-07,1,1,B,608448,BBB,2014J,Distinction
1071,387,BBB_2014J_247457,2.018300762074432e-07,1,1,B,247457,BBB,2014J,Distinction
1072,1200,BBB_2014B_613038,2.0165093417290336e-07,1,1,B,613038,BBB,2014B,Pass
1073,1078,BBB_2013B_539737,2.0160658209533722e-07,1,1,B,539737,BBB,2013B,Pass
1074,78,BBB_2014J_612247,2.0157844460300112e-07,1,1,B,612247,BBB,2014J,Pass
1075,824,BBB_2014J_642067,2.0157844460300112e-07,1,1,B,642067,BBB,2014J,Pass
1076,64,BBB_2014B_612841,2.013214412954767e-07,1,1,B,612841,BBB,2014B,Pass
1077,1351,BBB_2014B_635011,2.013214412954767e-07,1,1,A,635011,BBB,2014B,Pass
1078,1907,BBB_2014B_631442,2.0124485899941646e-07,0,0,A,631442,BBB,2014B,Fail
1079,2272,BBB_2014J_697959,2.0108842591071152e-07,1,1,B,697959,BBB,2014J,Pass
1080,2010,BBB_2014B_627388,2.0090951124984713e-07,1,1,B,627388,BBB,2014B,Distinction
1081,312,BBB_2013B_533512,2.0028872427246824e-07,0,0,B,533512,BBB,2013B,Withdrawn
1082,2648,BBB_2014J_412343,2.002301613401869e-07,0,0,B,412343,BBB,2014J,Fail
1083,3700,BBB_2014J_300819,2.0020748081606143e-07,1,1,A,300819,BBB,2014J,Distinction
1084,1051,BBB_2013J_445760,2.0010298840134055e-07,1,1,B,445760,BBB,2013J,Pass
1085,762,BBB_2013B_552929,2.0003577105853765e-07,1,1,B,552929,BBB,2013B,Pass
1086,1041,BBB_2013J_607642,1.9998491040951194e-07,1,1,B,607642,BBB,2013J,Pass
1087,1701,BBB_2013J_316076,1.9995232491964998e-07,1,1,B,316076,BBB,2013J,Pass
1088,996,BBB_2014J_559973,1.9986242705272161e-07,0,0,B,559973,BBB,2014J,Withdrawn
1089,3520,BBB_2013J_444225,1.998014624859934e-07,0,0,B,444225,BBB,2013J,Fail
1090,2409,BBB_2014J_699488,1.9965484909789666e-07,1,1,B,699488,BBB,2014J,Distinction
1091,1347,BBB_2013J_602009,1.9961959196734824e-07,1,1,B,602009,BBB,2013J,Pass
1092,192,BBB_2014B_599132,1.996126286485378e-07,1,1,B,599132,BBB,2014B,Pass
1093,2007,BBB_2013B_557968,1.9954435970248596e-07,1,1,B,557968,BBB,2013B,Distinction
1094,630,BBB_2013J_595874,1.9950098817389517e-07,1,1,B,595874,BBB,2013J,Pass
1095,3756,BBB_2014J_585963,1.9943580298331653e-07,0,0,B,585963,BBB,2014J,Withdrawn
1096,1198,BBB_2013J_593421,1.991338365314732e-07,1,1,B,593421,BBB,2013J,Pass
1097,1187,BBB_2013J_576946,1.991338365314732e-07,1,1,B,576946,BBB,2013J,Pass
1098,2367,BBB_2013J_612488,1.991338365314732e-07,1,1,B,612488,BBB,2013J,Distinction
1099,3050,BBB_2013B_531569,1.989463953577797e-07,0,0,B,531569,BBB,2013B,Fail
1100,2576,BBB_2014J_674349,1.9893197134024376e-07,1,1,B,674349,BBB,2014J,Distinction
1101,2829,BBB_2013B_473095,1.988068447644764e-07,0,0,B,473095,BBB,2013B,Fail
1102,13,BBB_2014J_1623795,1.9874637757766322e-07,1,1,B,1623795,BBB,2014J,Distinction
1103,2931,BBB_2014J_691122,1.987384905532963e-07,1,1,A,691122,BBB,2014J,Pass
1104,952,BBB_2014J_678110,1.987384905532963e-07,1,1,B,678110,BBB,2014J,Pass
1105,1910,BBB_2013J_2455066,1.9864430100824393e-07,1,1,B,2455066,BBB,2013J,Pass
1106,298,BBB_2014J_654422,1.9851960075811803e-07,0,0,B,654422,BBB,2014J,Withdrawn
1107,1640,BBB_2013J_154011,1.97850070549066e-07,1,1,B,154011,BBB,2013J,Pass
1108,2630,BBB_2013J_612355,1.97850070549066e-07,1,1,B,612355,BBB,2013J,Pass
1109,1416,BBB_2014B_334023,1.977924739549053e-07,1,1,B,334023,BBB,2014B,Pass
1110,76,BBB_2014B_631724,1.977924739549053e-07,1,1,B,631724,BBB,2014B,Pass
1111,3717,BBB_2014J_276925,1.9778924809088494e-07,1,1,B,276925,BBB,2014J,Pass
1112,1190,BBB_2013B_249534,1.977576999934172e-07,1,1,B,249534,BBB,2013B,Pass
1113,3447,BBB_2014J_677203,1.976656420765721e-07,1,1,A,677203,BBB,2014J,Pass
1114,563,BBB_2014B_602815,1.9758282121529191e-07,0,0,B,602815,BBB,2014B,Fail
1115,987,BBB_2014B_625857,1.9758282121529191e-07,0,0,B,625857,BBB,2014B,Withdrawn
1116,591,BBB_2014J_644069,1.9757013092203124e-07,1,1,B,644069,BBB,2014J,Pass
1117,2173,BBB_2014J_687037,1.9757013092203124e-07,1,1,B,687037,BBB,2014J,Pass
1118,1486,BBB_2014B_605771,1.9726589073343348e-07,0,0,B,605771,BBB,2014B,Withdrawn
1119,3671,BBB_2013J_600833,1.967955114423603e-07,0,0,B,600833,BBB,2013J,Fail
1120,3477,BBB_2013J_517553,1.966342608739069e-07,0,0,B,517553,BBB,2013J,Withdrawn
1121,3142,BBB_2013J_340965,1.9624411606855574e-07,1,1,B,340965,BBB,2013J,Pass
1122,201,BBB_2014J_528702,1.9607470846949582e-07,0,0,B,528702,BBB,2014J,Fail
1123,422,BBB_2014B_605971,1.9590351030274178e-07,0,0,B,605971,BBB,2014B,Withdrawn
1124,2888,BBB_2013B_524598,1.9577991849928367e-07,0,0,A,524598,BBB,2013B,Fail
1125,612,BBB_2013B_527659,1.9577991849928367e-07,0,0,B,527659,BBB,2013B,Fail
1126,1272,BBB_2014J_506219,1.9577846899210272e-07,1,1,B,506219,BBB,2014J,Pass
1127,2741,BBB_2014B_1341507,1.9558575559130986e-07,1,1,B,1341507,BBB,2014B,Distinction
1128,2972,BBB_2013J_547755,1.9548167529137572e-07,0,0,B,547755,BBB,2013J,Withdrawn
1129,3797,BBB_2014J_684502,1.95446133943733e-07,0,0,B,684502,BBB,2014J,Withdrawn
1130,3365,BBB_2013B_510556,1.9540834728104528e-07,1,1,B,510556,BBB,2013B,Pass
1131,1691,BBB_2014B_624704,1.9534932960141305e-07,0,0,B,624704,BBB,2014B,Fail
1132,3929,BBB_2014B_624663,1.9534932960141305e-07,0,0,B,624663,BBB,2014B,Withdrawn
1133,2886,BBB_2013J_471196,1.9518473948210158e-07,1,1,B,471196,BBB,2013J,Pass
1134,1396,BBB_2013J_1695710,1.9518473948210158e-07,1,1,B,1695710,BBB,2013J,Pass
1135,853,BBB_2014J_563302,1.9514426696787268e-07,1,1,B,563302,BBB,2014J,Pass
1136,480,BBB_2014J_680918,1.9514426696787268e-07,1,1,A,680918,BBB,2014J,Pass
1137,2380,BBB_2013J_580684,1.950440662312758e-07,0,0,B,580684,BBB,2013J,Fail
1138,3376,BBB_2014J_495786,1.9495261938118347e-07,0,0,A,495786,BBB,2014J,Fail
1139,3046,BBB_2014B_626876,1.94617328475033e-07,0,0,B,626876,BBB,2014B,Withdrawn
1140,2801,BBB_2014B_628525,1.94617328475033e-07,0,0,B,628525,BBB,2014B,Fail
1141,2015,BBB_2013J_599432,1.9450989441338606e-07,0,0,B,599432,BBB,2013J,Withdrawn
1142,2429,BBB_2013B_400474,1.9446368071385223e-07,1,1,B,400474,BBB,2013B,Pass
1143,2219,BBB_2014B_470693,1.9441408483089617e-07,1,1,B,470693,BBB,2014B,Distinction
1144,375,BBB_2013J_565715,1.9440614096311037e-07,1,1,B,565715,BBB,2013J,Pass
1145,3067,BBB_2013J_352112,1.9440614096311037e-07,1,1,B,352112,BBB,2013J,Pass
1146,2180,BBB_2014J_643354,1.9437051435033936e-07,1,1,B,643354,BBB,2014J,Pass
1147,1528,BBB_2013J_551136,1.9427628217272286e-07,0,0,B,551136,BBB,2013J,Withdrawn
1148,2554,BBB_2013J_443923,1.9427628217272286e-07,0,0,B,443923,BBB,2013J,Withdrawn
1149,1224,BBB_2013J_607909,1.9415679730627744e-07,1,1,B,607909,BBB,2013J,Distinction
1150,2639,BBB_2014J_73874,1.9404977535941725e-07,0,0,B,73874,BBB,2014J,Withdrawn
1151,1223,BBB_2013J_23798,1.9400016526560648e-07,1,1,A,23798,BBB,2013J,Distinction
1152,2894,BBB_2013J_2313615,1.9399909945150284e-07,0,0,B,2313615,BBB,2013J,Withdrawn
1153,1490,BBB_2013B_546909,1.9391823968817334e-07,0,0,B,546909,BBB,2013B,Fail
1154,3311,BBB_2014B_547268,1.9386162364298798e-07,0,0,B,547268,BBB,2014B,Withdrawn
1155,2933,BBB_2013B_550707,1.9384091842766793e-07,1,1,A,550707,BBB,2013B,Pass
1156,2176,BBB_2014J_573554,1.9378356341803737e-07,0,0,B,573554,BBB,2014J,Withdrawn
1157,3872,BBB_2014J_697136,1.9378356341803737e-07,0,0,B,697136,BBB,2014J,Withdrawn
1158,2659,BBB_2014B_491114,1.937059153078735e-07,0,0,B,491114,BBB,2014B,Withdrawn
1159,2224,BBB_2014J_698010,1.9368924597529258e-07,0,0,B,698010,BBB,2014J,Fail
1160,2980,BBB_2014J_228909,1.9355319125224923e-07,0,0,A,228909,BBB,2014J,Withdrawn
1161,852,BBB_2014B_483468,1.935199804847798e-07,1,1,B,483468,BBB,2014B,Pass
1162,633,BBB_2014J_640712,1.934378133228165e-07,0,0,B,640712,BBB,2014J,Withdrawn
1163,3289,BBB_2014J_678283,1.9337848300438054e-07,0,0,B,678283,BBB,2014J,Fail
1164,1344,BBB_2013B_542562,1.9328736300394667e-07,0,0,B,542562,BBB,2013B,Withdrawn
1165,3406,BBB_2014J_687566,1.9324919264818163e-07,1,1,A,687566,BBB,2014J,Distinction
1166,2858,BBB_2013B_425747,1.9304339105019608e-07,0,0,B,425747,BBB,2013B,Fail
1167,2384,BBB_2014J_649824,1.9303620035771019e-07,1,1,B,649824,BBB,2014J,Distinction
1168,3006,BBB_2013B_2654411,1.9302159159906296e-07,0,0,A,2654411,BBB,2013B,Fail
1169,1730,BBB_2013J_610906,1.9280328444892803e-07,1,1,B,610906,BBB,2013J,Pass
1170,2789,BBB_2013J_573654,1.9280328444892803e-07,1,1,B,573654,BBB,2013J,Pass
1171,1324,BBB_2014B_614728,1.9276103557785973e-07,1,1,B,614728,BBB,2014B,Pass
1172,1889,BBB_2014B_614742,1.9276103557785973e-07,1,1,B,614742,BBB,2014B,Pass
1173,3174,BBB_2014B_322509,1.9276103557785973e-07,1,1,B,322509,BBB,2014B,Pass
1174,608,BBB_2014J_586652,1.9248031435381563e-07,1,1,B,586652,BBB,2014J,Pass
1175,1533,BBB_2014B_627613,1.92463730286363e-07,0,0,A,627613,BBB,2014B,Fail
1176,3642,BBB_2014J_2228010,1.923408063930765e-07,1,1,B,2228010,BBB,2014J,Pass
1177,3761,BBB_2013J_596847,1.9214405710954452e-07,1,1,B,596847,BBB,2013J,Distinction
1178,1489,BBB_2013J_592972,1.9193068112599576e-07,0,0,B,592972,BBB,2013J,Withdrawn
1179,1545,BBB_2014J_600428,1.9190242994682194e-07,1,1,B,600428,BBB,2014J,Pass
1180,1151,BBB_2014B_572370,1.9188578903595044e-07,0,0,B,572370,BBB,2014B,Withdrawn
1181,2555,BBB_2014J_184234,1.9170762755038595e-07,0,0,B,184234,BBB,2014J,Fail
1182,1181,BBB_2013B_533839,1.916312015737276e-07,1,1,B,533839,BBB,2013B,Pass
1183,159,BBB_2013B_556986,1.9125241124129388e-07,0,0,B,556986,BBB,2013B,Withdrawn
1184,1622,BBB_2014B_614738,1.910223659251642e-07,1,1,A,614738,BBB,2014B,Distinction
1185,1503,BBB_2014J_592262,1.904394366647466e-07,0,0,A,592262,BBB,2014J,Withdrawn
1186,3772,BBB_2014B_624722,1.903451902762754e-07,0,0,B,624722,BBB,2014B,Fail
1187,3844,BBB_2014B_574057,1.903451902762754e-07,0,0,B,574057,BBB,2014B,Fail
1188,2625,BBB_2014J_238144,1.9020298225314036e-07,0,0,B,238144,BBB,2014J,Fail
1189,1767,BBB_2014J_617530,1.90150657886079e-07,1,1,A,617530,BBB,2014J,Pass
1190,2261,BBB_2013B_404727,1.8998078132881346e-07,0,0,B,404727,BBB,2013B,Fail
1191,2673,BBB_2013J_572495,1.8997600648162916e-07,0,0,B,572495,BBB,2013J,Withdrawn
1192,3799,BBB_2014J_651257,1.8987876160281303e-07,1,1,B,651257,BBB,2014J,Pass
1193,1710,BBB_2013J_602739,1.898255561627593e-07,0,0,B,602739,BBB,2013J,Withdrawn
1194,257,BBB_2013J_572302,1.897864621014378e-07,0,0,A,572302,BBB,2013J,Withdrawn
1195,3161,BBB_2013J_568474,1.8970128223827487e-07,1,1,B,568474,BBB,2013J,Pass
1196,3625,BBB_2014B_471157,1.8951095626107417e-07,0,0,A,471157,BBB,2014B,Fail
1197,2993,BBB_2014B_1934118,1.8951095626107417e-07,0,0,B,1934118,BBB,2014B,Fail
1198,1554,BBB_2014J_615016,1.8941406665362592e-07,0,0,B,615016,BBB,2014J,Withdrawn
1199,1641,BBB_2014B_615018,1.8926678535535757e-07,0,0,B,615018,BBB,2014B,Withdrawn
1200,583,BBB_2013J_609864,1.8923196876130532e-07,1,1,B,609864,BBB,2013J,Pass
1201,3659,BBB_2013J_2473780,1.891976353363134e-07,1,1,B,2473780,BBB,2013J,Distinction
1202,564,BBB_2013J_253577,1.891976353363134e-07,1,1,B,253577,BBB,2013J,Pass
1203,3173,BBB_2014B_625214,1.8912035670837213e-07,0,0,B,625214,BBB,2014B,Withdrawn
1204,3371,BBB_2014J_235371,1.8898727205396426e-07,1,1,A,235371,BBB,2014J,Pass
1205,1868,BBB_2014J_691026,1.8898727205396426e-07,1,1,B,691026,BBB,2014J,Pass
1206,1300,BBB_2014J_678038,1.8898727205396426e-07,1,1,B,678038,BBB,2014J,Pass
1207,1123,BBB_2014J_689124,1.8896892584052694e-07,1,1,B,689124,BBB,2014J,Pass
1208,2709,BBB_2014J_1526770,1.8893578612733108e-07,1,1,B,1526770,BBB,2014J,Distinction
1209,3517,BBB_2014J_1926542,1.8886993302658084e-07,1,1,B,1926542,BBB,2014J,Pass
1210,2575,BBB_2014J_648553,1.8877933882777143e-07,1,1,B,648553,BBB,2014J,Pass
1211,2827,BBB_2014J_691717,1.8877933882777143e-07,1,1,B,691717,BBB,2014J,Pass
1212,481,BBB_2014J_594872,1.8877933882777143e-07,1,1,B,594872,BBB,2014J,Pass
1213,1143,BBB_2014J_629245,1.8877933882777143e-07,1,1,B,629245,BBB,2014J,Pass
1214,3271,BBB_2014B_607953,1.8865044637550454e-07,0,0,B,607953,BBB,2014B,Fail
1215,1414,BBB_2014J_549839,1.885463518647157e-07,0,0,B,549839,BBB,2014J,Withdrawn
1216,1555,BBB_2013B_534908,1.885144911284442e-07,0,0,B,534908,BBB,2013B,Fail
1217,1924,BBB_2014J_363213,1.8846742477762746e-07,1,1,A,363213,BBB,2014J,Pass
1218,2934,BBB_2014J_694349,1.8846742477762746e-07,1,1,B,694349,BBB,2014J,Pass
1219,1617,BBB_2014J_601285,1.884531712903481e-07,0,0,B,601285,BBB,2014J,Withdrawn
1220,1337,BBB_2014B_627427,1.8807013191235455e-07,0,0,B,627427,BBB,2014B,Withdrawn
1221,597,BBB_2014J_2570396,1.8801638645982166e-07,1,1,B,2570396,BBB,2014J,Pass
1222,3361,BBB_2013J_470869,1.8799077849962487e-07,1,1,B,470869,BBB,2013J,Pass
1223,36,BBB_2014J_683630,1.8788875877362443e-07,1,1,B,683630,BBB,2014J,Pass
1224,1038,BBB_2013B_549009,1.8777605248487816e-07,0,0,B,549009,BBB,2013B,Withdrawn
1225,2496,BBB_2014B_202394,1.8743746466043376e-07,1,1,B,202394,BBB,2014B,Distinction
1226,430,BBB_2014B_126608,1.8743746466043376e-07,1,1,A,126608,BBB,2014B,Pass
1227,3506,BBB_2014J_688927,1.8735930495950015e-07,0,0,B,688927,BBB,2014J,Withdrawn
1228,798,BBB_2014B_628360,1.8699638815178332e-07,0,0,B,628360,BBB,2014B,Withdrawn
1229,3943,BBB_2014J_650548,1.8698007409057027e-07,0,0,B,650548,BBB,2014J,Fail
1230,314,BBB_2013B_541231,1.8680873381526908e-07,0,0,B,541231,BBB,2013B,Fail
1231,2049,BBB_2013J_539426,1.865359848807202e-07,0,0,B,539426,BBB,2013J,Fail
1232,1901,BBB_2014J_574031,1.8646217370132945e-07,1,1,B,574031,BBB,2014J,Pass
1233,2113,BBB_2013B_2540746,1.860881155835159e-07,0,0,B,2540746,BBB,2013B,Withdrawn
1234,752,BBB_2014J_691663,1.8605486218348233e-07,0,0,B,691663,BBB,2014J,Withdrawn
1235,754,BBB_2013J_612255,1.8601487283831375e-07,1,1,A,612255,BBB,2013J,Pass
1236,1400,BBB_2013B_528161,1.85989961209998e-07,1,1,B,528161,BBB,2013B,Pass
1237,2677,BBB_2013B_553800,1.8596665540826507e-07,0,0,B,553800,BBB,2013B,Fail
1238,1542,BBB_2014J_695613,1.856264191246737e-07,1,1,B,695613,BBB,2014J,Pass
1239,263,BBB_2014J_230383,1.856264191246737e-07,1,1,B,230383,BBB,2014J,Pass
1240,2667,BBB_2013J_575423,1.8557132364094286e-07,0,0,B,575423,BBB,2013J,Withdrawn
1241,3172,BBB_2014B_602898,1.8553849656655075e-07,0,0,B,602898,BBB,2014B,Withdrawn
1242,3342,BBB_2014J_642075,1.853545654739719e-07,0,0,A,642075,BBB,2014J,Fail
1243,2124,BBB_2014J_687217,1.853545654739719e-07,0,0,B,687217,BBB,2014J,Withdrawn
1244,699,BBB_2014J_652105,1.853545654739719e-07,0,0,B,652105,BBB,2014J,Fail
1245,740,BBB_2014J_692515,1.853545654739719e-07,0,0,B,692515,BBB,2014J,Fail
1246,1902,BBB_2014J_353617,1.853545654739719e-07,0,0,B,353617,BBB,2014J,Fail
1247,910,BBB_2014B_603543,1.851698669952384e-07,0,0,B,603543,BBB,2014B,Fail
1248,3522,BBB_2014B_628765,1.851698669952384e-07,0,0,B,628765,BBB,2014B,Withdrawn
1249,717,BBB_2013J_398315,1.8485920350030938e-07,0,0,B,398315,BBB,2013J,Fail
1250,54,BBB_2014J_469803,1.8485508235244197e-07,0,0,A,469803,BBB,2014J,Withdrawn
1251,1350,BBB_2013B_2415962,1.8484246311345487e-07,0,0,A,2415962,BBB,2013B,Withdrawn
1252,181,BBB_2013B_560170,1.8460544026766001e-07,1,1,B,560170,BBB,2013B,Pass
1253,967,BBB_2013B_546681,1.8453030747878074e-07,0,0,B,546681,BBB,2013B,Fail
1254,3740,BBB_2013B_556553,1.8440969995481282e-07,1,1,B,556553,BBB,2013B,Pass
1255,1125,BBB_2013B_503509,1.8440969995481282e-07,1,1,B,503509,BBB,2013B,Distinction
1256,1124,BBB_2013J_1934047,1.8399278189917823e-07,0,0,B,1934047,BBB,2013J,Withdrawn
1257,1864,BBB_2013J_604161,1.838094334516427e-07,0,0,A,604161,BBB,2013J,Withdrawn
1258,2339,BBB_2013J_598253,1.8362244702530006e-07,1,1,B,598253,BBB,2013J,Pass
1259,3030,BBB_2013J_608419,1.8362244702530006e-07,1,1,B,608419,BBB,2013J,Pass
1260,2001,BBB_2013J_522714,1.8362244702530006e-07,1,1,B,522714,BBB,2013J,Pass
1261,885,BBB_2013J_606685,1.8362244702530006e-07,1,1,A,606685,BBB,2013J,Pass
1262,299,BBB_2014J_2318161,1.832887619457324e-07,1,1,B,2318161,BBB,2014J,Pass
1263,3208,BBB_2013J_522529,1.8325573591937427e-07,1,1,B,522529,BBB,2013J,Pass
1264,1600,BBB_2013B_534830,1.8311332894427323e-07,0,0,B,534830,BBB,2013B,Withdrawn
1265,761,BBB_2013J_577648,1.8306013771507423e-07,0,0,B,577648,BBB,2013J,Fail
1266,861,BBB_2013J_340661,1.8303650506368285e-07,0,0,A,340661,BBB,2013J,Withdrawn
1267,1229,BBB_2014J_649110,1.8302958437743655e-07,1,1,B,649110,BBB,2014J,Pass
1268,949,BBB_2014B_588302,1.828694990990698e-07,1,1,B,588302,BBB,2014B,Pass
1269,3606,BBB_2014B_631766,1.828694990990698e-07,1,1,B,631766,BBB,2014B,Pass
1270,1071,BBB_2013B_549713,1.828635163292347e-07,0,0,B,549713,BBB,2013B,Withdrawn
1271,587,BBB_2013J_598315,1.827112328101066e-07,0,0,B,598315,BBB,2013J,Fail
1272,3244,BBB_2014J_586516,1.826266498028417e-07,1,1,B,586516,BBB,2014J,Distinction
1273,690,BBB_2014J_689350,1.8247891375722247e-07,0,0,B,689350,BBB,2014J,Withdrawn
1274,1583,BBB_2014J_653730,1.8244833199787536e-07,0,0,B,653730,BBB,2014J,Withdrawn
1275,1847,BBB_2013B_531428,1.8233103560305608e-07,0,0,B,531428,BBB,2013B,Withdrawn
1276,1109,BBB_2013B_547403,1.8220845277028275e-07,1,1,B,547403,BBB,2013B,Pass
1277,892,BBB_2013B_558113,1.8220845277028275e-07,1,1,B,558113,BBB,2013B,Pass
1278,3384,BBB_2014B_621885,1.8200063323092763e-07,0,0,B,621885,BBB,2014B,Withdrawn
1279,1718,BBB_2014J_648519,1.8194047868291818e-07,0,0,B,648519,BBB,2014J,Withdrawn
1280,3071,BBB_2014J_648537,1.8180399763423338e-07,1,1,A,648537,BBB,2014J,Pass
1281,3847,BBB_2014J_584664,1.8178984362293704e-07,0,0,B,584664,BBB,2014J,Withdrawn
1282,1188,BBB_2013J_366524,1.8171597560012742e-07,1,1,B,366524,BBB,2013J,Pass
1283,1799,BBB_2014J_694561,1.8169225768360775e-07,1,1,B,694561,BBB,2014J,Pass
1284,2966,BBB_2014J_698180,1.8169225768360775e-07,1,1,B,698180,BBB,2014J,Pass
1285,1435,BBB_2014J_617521,1.8147810010304966e-07,1,1,B,617521,BBB,2014J,Pass
1286,2957,BBB_2014J_294134,1.8147810010304966e-07,1,1,B,294134,BBB,2014J,Pass
1287,922,BBB_2013B_269289,1.8135416723907838e-07,0,0,B,269289,BBB,2013B,Withdrawn
1288,3075,BBB_2013B_476783,1.812999670391946e-07,1,1,B,476783,BBB,2013B,Distinction
1289,2647,BBB_2013J_1399285,1.812500585174348e-07,1,1,B,1399285,BBB,2013J,Pass
1290,883,BBB_2013J_179254,1.8104519483586046e-07,0,0,B,179254,BBB,2013J,Fail
1291,1974,BBB_2013J_396256,1.8104519483586046e-07,0,0,B,396256,BBB,2013J,Withdrawn
1292,169,BBB_2013B_558168,1.8100455179137498e-07,1,1,B,558168,BBB,2013B,Pass
1293,1688,BBB_2013B_546157,1.8100455179137498e-07,1,1,B,546157,BBB,2013B,Pass
1294,732,BBB_2014B_607529,1.807999439051855e-07,1,1,B,607529,BBB,2014B,Pass
1295,2225,BBB_2013J_583301,1.8064052653699036e-07,0,0,B,583301,BBB,2013J,Fail
1296,1833,BBB_2013J_571672,1.8058001671761303e-07,0,0,B,571672,BBB,2013J,Fail
1297,834,BBB_2014J_654259,1.8047728644887684e-07,0,0,B,654259,BBB,2014J,Withdrawn
1298,1949,BBB_2013B_534744,1.8043319016669557e-07,0,0,B,534744,BBB,2013B,Fail
1299,1163,BBB_2013B_533969,1.8043319016669557e-07,0,0,B,533969,BBB,2013B,Fail
1300,401,BBB_2013B_536050,1.8043319016669557e-07,0,0,B,536050,BBB,2013B,Fail
1301,3743,BBB_2013B_481143,1.8043319016669557e-07,0,0,B,481143,BBB,2013B,Fail
1302,372,BBB_2013J_553856,1.8022542747075931e-07,1,1,A,553856,BBB,2013J,Pass
1303,368,BBB_2013J_552339,1.8022542747075931e-07,1,1,B,552339,BBB,2013J,Pass
1304,273,BBB_2013J_424014,1.8012453040228138e-07,0,0,B,424014,BBB,2013J,Withdrawn
1305,1529,BBB_2013B_2569163,1.80105288904997e-07,1,1,B,2569163,BBB,2013B,Distinction
1306,385,BBB_2013B_558042,1.80105288904997e-07,1,1,B,558042,BBB,2013B,Distinction
1307,1317,BBB_2013B_547697,1.8002465651534294e-07,1,1,B,547697,BBB,2013B,Pass
1308,1771,BBB_2013B_479060,1.8002465651534294e-07,1,1,B,479060,BBB,2013B,Distinction
1309,1281,BBB_2013B_548954,1.8002465651534294e-07,1,1,B,548954,BBB,2013B,Pass
1310,271,BBB_2014J_689131,1.7998640089444962e-07,1,1,B,689131,BBB,2014J,Pass
1311,1099,BBB_2014J_647876,1.799601108132265e-07,0,0,B,647876,BBB,2014J,Withdrawn
1312,2200,BBB_2013B_434094,1.798964461841024e-07,0,0,B,434094,BBB,2013B,Fail
1313,1738,BBB_2014B_618054,1.7980757149871351e-07,0,0,B,618054,BBB,2014B,Withdrawn
1314,3329,BBB_2014B_635793,1.7975364130506932e-07,0,0,B,635793,BBB,2014B,Withdrawn
1315,1644,BBB_2014J_560089,1.794897173112986e-07,1,1,B,560089,BBB,2014J,Pass
1316,935,BBB_2013J_2657960,1.7925493978054874e-07,0,0,B,2657960,BBB,2013J,Fail
1317,1900,BBB_2013B_2236738,1.7908989491388638e-07,1,1,A,2236738,BBB,2013B,Distinction
1318,2259,BBB_2014J_589554,1.7902290494475892e-07,1,1,B,589554,BBB,2014J,Pass
1319,2524,BBB_2014J_685009,1.7897636439556663e-07,1,1,B,685009,BBB,2014J,Pass
1320,10,BBB_2014B_621862,1.7892480741465988e-07,1,1,B,621862,BBB,2014B,Pass
1321,3786,BBB_2013J_592683,1.7886418390844483e-07,0,0,B,592683,BBB,2013J,Withdrawn
1322,2618,BBB_2014J_98452,1.788350942888428e-07,0,0,A,98452,BBB,2014J,Withdrawn
1323,475,BBB_2014B_630090,1.785031429335504e-07,0,0,B,630090,BBB,2014B,Fail
1324,1032,BBB_2013B_270399,1.7841756516645546e-07,0,0,B,270399,BBB,2013B,Fail
1325,884,BBB_2013B_543140,1.7841756516645546e-07,0,0,B,543140,BBB,2013B,Fail
1326,2968,BBB_2014J_2614271,1.781074416840056e-07,0,0,B,2614271,BBB,2014J,Withdrawn
1327,1159,BBB_2013J_527689,1.781017431312648e-07,0,0,B,527689,BBB,2013J,Withdrawn
1328,2996,BBB_2014J_630697,1.7764438098311075e-07,1,1,B,630697,BBB,2014J,Pass
1329,940,BBB_2014J_606442,1.7764438098311075e-07,1,1,B,606442,BBB,2014J,Pass
1330,1498,BBB_2014J_685391,1.7764438098311075e-07,1,1,B,685391,BBB,2014J,Pass
1331,1292,BBB_2013J_1440341,1.7730353363276663e-07,1,1,A,1440341,BBB,2013J,Pass
1332,282,BBB_2013J_607735,1.7702264187846595e-07,1,1,B,607735,BBB,2013J,Pass
1333,376,BBB_2013J_2006283,1.7702264187846595e-07,1,1,B,2006283,BBB,2013J,Pass
1334,3024,BBB_2014J_647864,1.768362949405855e-07,0,0,A,647864,BBB,2014J,Withdrawn
1335,1859,BBB_2013J_617116,1.767948702990907e-07,1,1,B,617116,BBB,2013J,Pass
1336,1194,BBB_2013J_252257,1.7668627094735712e-07,1,1,B,252257,BBB,2013J,Pass
1337,285,BBB_2013J_133269,1.7663674611867464e-07,0,0,B,133269,BBB,2013J,Withdrawn
1338,1182,BBB_2013J_596535,1.7655777639902226e-07,1,1,B,596535,BBB,2013J,Pass
1339,1255,BBB_2013J_420163,1.764713459806444e-07,1,1,B,420163,BBB,2013J,Pass
1340,178,BBB_2014J_638516,1.7646682692884497e-07,1,1,B,638516,BBB,2014J,Distinction
1341,1268,BBB_2013J_520286,1.7619899495002755e-07,1,1,B,520286,BBB,2013J,Distinction
1342,2356,BBB_2013B_2580439,1.7613301395158487e-07,1,1,B,2580439,BBB,2013B,Pass
1343,1894,BBB_2013B_495324,1.760786290105898e-07,0,0,B,495324,BBB,2013B,Withdrawn
1344,555,BBB_2014J_685842,1.7604079971533793e-07,1,1,B,685842,BBB,2014J,Pass
1345,2997,BBB_2014J_684641,1.759855194904958e-07,0,0,B,684641,BBB,2014J,Withdrawn
1346,1201,BBB_2014B_624997,1.759090508812733e-07,1,1,B,624997,BBB,2014B,Pass
1347,1808,BBB_2014J_646415,1.757387479983663e-07,0,0,B,646415,BBB,2014J,Fail
1348,1477,BBB_2014B_613983,1.756814498321546e-07,0,0,B,613983,BBB,2014B,Withdrawn
1349,3347,BBB_2014B_625295,1.756814498321546e-07,0,0,A,625295,BBB,2014B,Fail
1350,3366,BBB_2014B_634715,1.756559271370861e-07,1,1,B,634715,BBB,2014B,Distinction
1351,1923,BBB_2014J_647711,1.7564663323810237e-07,0,0,A,647711,BBB,2014J,Withdrawn
1352,954,BBB_2014J_588207,1.7550966902035725e-07,0,0,B,588207,BBB,2014J,Fail
1353,2226,BBB_2013B_556992,1.7545917785355414e-07,1,1,B,556992,BBB,2013B,Pass
1354,3095,BBB_2014J_575892,1.7529276874483912e-07,0,0,B,575892,BBB,2014J,Withdrawn
1355,3851,BBB_2013J_573821,1.7515331762751885e-07,1,1,B,573821,BBB,2013J,Pass
1356,1304,BBB_2013J_378721,1.7509125882497756e-07,0,0,B,378721,BBB,2013J,Withdrawn
1357,1443,BBB_2013B_2269480,1.750500615571582e-07,1,1,B,2269480,BBB,2013B,Distinction
1358,1568,BBB_2013J_417785,1.7476669711413706e-07,0,0,B,417785,BBB,2013J,Fail
1359,3357,BBB_2013B_537905,1.7469402280312352e-07,1,1,B,537905,BBB,2013B,Distinction
1360,3481,BBB_2013B_537875,1.7469402280312352e-07,1,1,B,537875,BBB,2013B,Pass
1361,1147,BBB_2014B_632254,1.7452180145482998e-07,1,1,B,632254,BBB,2014B,Pass
1362,2915,BBB_2014B_566669,1.7452180145482998e-07,1,1,B,566669,BBB,2014B,Pass
1363,1570,BBB_2014J_695054,1.744605953035716e-07,1,1,B,695054,BBB,2014J,Distinction
1364,2469,BBB_2014J_689157,1.744605953035716e-07,1,1,B,689157,BBB,2014J,Pass
1365,2471,BBB_2014J_641840,1.744605953035716e-07,1,1,A,641840,BBB,2014J,Pass
1366,2811,BBB_2014J_298303,1.744605953035716e-07,1,1,B,298303,BBB,2014J,Distinction
1367,508,BBB_2014J_695044,1.744605953035716e-07,1,1,B,695044,BBB,2014J,Pass
1368,1478,BBB_2014B_631563,1.743296138556616e-07,0,0,B,631563,BBB,2014B,Fail
1369,1698,BBB_2014B_588495,1.7355678494368476e-07,0,0,B,588495,BBB,2014B,Withdrawn
1370,254,BBB_2013B_495913,1.7355371539906628e-07,0,0,B,495913,BBB,2013B,Withdrawn
1371,2692,BBB_2014J_600415,1.7352610370835464e-07,1,1,B,600415,BBB,2014J,Pass
1372,3332,BBB_2013B_1930367,1.734468071390438e-07,1,1,B,1930367,BBB,2013B,Distinction
1373,526,BBB_2014J_626012,1.7318021150458662e-07,1,1,A,626012,BBB,2014J,Pass
1374,1424,BBB_2014B_548296,1.7287435127855133e-07,0,0,B,548296,BBB,2014B,Fail
1375,619,BBB_2014B_617714,1.726770761933949e-07,0,0,B,617714,BBB,2014B,Withdrawn
1376,3672,BBB_2013J_609887,1.725851888068064e-07,0,0,B,609887,BBB,2013J,Fail
1377,1960,BBB_2014J_692907,1.7254134832001e-07,1,1,B,692907,BBB,2014J,Pass
1378,179,BBB_2014J_2622652,1.7228653348411171e-07,1,1,B,2622652,BBB,2014J,Pass
1379,557,BBB_2013B_541196,1.720683258099598e-07,0,0,B,541196,BBB,2013B,Withdrawn
1380,2100,BBB_2014J_682107,1.7187265655138617e-07,1,1,B,682107,BBB,2014J,Pass
1381,3805,BBB_2013J_545297,1.7187242917771073e-07,0,0,B,545297,BBB,2013J,Fail
1382,873,BBB_2013J_603038,1.7183236877826857e-07,1,1,B,603038,BBB,2013J,Pass
1383,2602,BBB_2013J_266331,1.7168372323794756e-07,1,1,B,266331,BBB,2013J,Distinction
1384,9,BBB_2013B_2587260,1.715040980343474e-07,0,0,B,2587260,BBB,2013B,Withdrawn
1385,2459,BBB_2013J_597033,1.71489048739204e-07,0,0,A,597033,BBB,2013J,Fail
1386,206,BBB_2014J_643321,1.71473232057906e-07,1,1,B,643321,BBB,2014J,Distinction
1387,815,BBB_2013B_549732,1.7096570559260726e-07,1,1,B,549732,BBB,2013B,Pass
1388,1178,BBB_2014J_675750,1.7088882486859802e-07,0,0,B,675750,BBB,2014J,Withdrawn
1389,3692,BBB_2014B_615047,1.708658174948141e-07,0,0,B,615047,BBB,2014B,Withdrawn
1390,1806,BBB_2013J_608060,1.7058292200999858e-07,0,0,B,608060,BBB,2013J,Withdrawn
1391,1967,BBB_2013J_607382,1.7058292200999858e-07,0,0,B,607382,BBB,2013J,Fail
1392,89,BBB_2014J_2091193,1.7049738687546778e-07,1,1,A,2091193,BBB,2014J,Pass
1393,1156,BBB_2014B_634077,1.704759000631384e-07,1,1,B,634077,BBB,2014B,Pass
1394,75,BBB_2014J_569589,1.7026600573899486e-07,1,1,B,569589,BBB,2014J,Pass
1395,2584,BBB_2013J_2690077,1.7026036402967293e-07,0,0,A,2690077,BBB,2013J,Withdrawn
1396,3589,BBB_2014J_685599,1.7024588316871814e-07,0,0,B,685599,BBB,2014J,Withdrawn
1397,533,BBB_2014J_681964,1.700540366300629e-07,0,0,B,681964,BBB,2014J,Withdrawn
1398,796,BBB_2013J_587702,1.7003802099679888e-07,1,1,B,587702,BBB,2013J,Pass
1399,3015,BBB_2013B_2680770,1.6989886830742762e-07,0,0,B,2680770,BBB,2013B,Withdrawn
1400,1106,BBB_2014J_699436,1.6984461126412498e-07,1,1,B,699436,BBB,2014J,Distinction
1401,3698,BBB_2013B_538232,1.69712080833051e-07,0,0,B,538232,BBB,2013B,Withdrawn
1402,1632,BBB_2013J_573043,1.6962661675279378e-07,1,1,B,573043,BBB,2013J,Pass
1403,3264,BBB_2013J_535379,1.6949979908531532e-07,1,1,B,535379,BBB,2013J,Pass
1404,3809,BBB_2013J_566133,1.6949979908531532e-07,1,1,B,566133,BBB,2013J,Distinction
1405,2599,BBB_2014B_383241,1.692485085413864e-07,1,1,B,383241,BBB,2014B,Pass
1406,1505,BBB_2014B_631108,1.6880385089734773e-07,1,1,B,631108,BBB,2014B,Pass
1407,2717,BBB_2014B_614561,1.6875387132131436e-07,0,0,B,614561,BBB,2014B,Withdrawn
1408,1739,BBB_2014J_681089,1.6869533681074245e-07,0,0,B,681089,BBB,2014J,Withdrawn
1409,651,BBB_2013B_110881,1.6862146878793283e-07,1,1,B,110881,BBB,2013B,Pass
1410,2074,BBB_2014B_586086,1.6823071291582892e-07,1,1,B,586086,BBB,2014B,Pass
1411,1219,BBB_2014J_606517,1.6819618053887098e-07,1,1,B,606517,BBB,2014J,Pass
1412,3859,BBB_2013B_551895,1.6801556057544076e-07,1,1,B,551895,BBB,2013B,Pass
1413,865,BBB_2013J_601243,1.6783899070560437e-07,1,1,B,601243,BBB,2013J,Distinction
1414,2836,BBB_2013J_594043,1.6759827303758357e-07,0,0,B,594043,BBB,2013J,Withdrawn
1415,604,BBB_2014B_474607,1.6759169341185043e-07,0,0,B,474607,BBB,2014B,Fail
1416,1444,BBB_2014B_603739,1.6759169341185043e-07,0,0,B,603739,BBB,2014B,Withdrawn
1417,3709,BBB_2013B_388205,1.674579976906898e-07,0,0,B,388205,BBB,2013B,Fail
1418,2488,BBB_2013J_529000,1.674272311902314e-07,0,0,B,529000,BBB,2013J,Fail
1419,3320,BBB_2013B_443288,1.673330984885979e-07,1,1,B,443288,BBB,2013B,Distinction
1420,3114,BBB_2014J_694706,1.67212988344545e-07,1,1,B,694706,BBB,2014J,Pass
1421,2155,BBB_2014J_674290,1.67212988344545e-07,1,1,B,674290,BBB,2014J,Distinction
1422,3140,BBB_2014J_684072,1.6699253535534808e-07,1,1,B,684072,BBB,2014J,Pass
1423,2006,BBB_2013J_605595,1.66876077400957e-07,0,0,B,605595,BBB,2013J,Fail
1424,1101,BBB_2014B_618145,1.6683554804330925e-07,1,1,B,618145,BBB,2014B,Distinction
1425,1377,BBB_2013J_582123,1.6675227243467816e-07,1,1,B,582123,BBB,2013J,Pass
1426,2022,BBB_2013J_603398,1.6674320590936986e-07,1,1,B,603398,BBB,2013J,Pass
1427,2538,BBB_2013J_585406,1.6674320590936986e-07,1,1,B,585406,BBB,2013J,Pass
1428,3704,BBB_2014J_275296,1.6653433476676582e-07,0,0,B,275296,BBB,2014J,Fail
1429,3592,BBB_2014J_505871,1.6649313749894645e-07,0,0,B,505871,BBB,2014J,Fail
1430,524,BBB_2014B_613299,1.664554076796776e-07,0,0,B,613299,BBB,2014B,Fail
1431,1929,BBB_2014B_630182,1.664554076796776e-07,0,0,A,630182,BBB,2014B,Withdrawn
1432,2446,BBB_2013J_56789,1.663989621647488e-07,1,1,B,56789,BBB,2013J,Pass
1433,478,BBB_2013B_273877,1.6623262411030737e-07,0,0,A,273877,BBB,2013B,Fail
1434,2608,BBB_2013B_120994,1.659071529047651e-07,0,0,B,120994,BBB,2013B,Fail
1435,2442,BBB_2014J_696316,1.653719863270453e-07,0,0,B,696316,BBB,2014J,Withdrawn
1436,99,BBB_2014J_678550,1.653719863270453e-07,0,0,B,678550,BBB,2014J,Withdrawn
1437,2878,BBB_2013J_573217,1.6531562607724481e-07,0,0,B,573217,BBB,2013J,Fail
1438,3033,BBB_2013J_586078,1.6502681887686776e-07,1,1,B,586078,BBB,2013J,Pass
1439,43,BBB_2014J_654796,1.6502335142831726e-07,0,0,B,654796,BBB,2014J,Withdrawn
1440,426,BBB_2013J_572131,1.6501184063599794e-07,0,0,B,572131,BBB,2013J,Fail
1441,2381,BBB_2013J_342678,1.6491657106598723e-07,0,0,B,342678,BBB,2013J,Withdrawn
1442,2127,BBB_2014J_399737,1.6481274656143796e-07,1,1,A,399737,BBB,2014J,Distinction
1443,2273,BBB_2013J_608041,1.647394043402528e-07,1,1,B,608041,BBB,2013J,Pass
1444,3339,BBB_2013J_548899,1.647394043402528e-07,1,1,B,548899,BBB,2013J,Pass
1445,3145,BBB_2014J_644599,1.6408871772455313e-07,1,1,B,644599,BBB,2014J,Pass
1446,3777,BBB_2014J_584539,1.6356166554487572e-07,1,1,B,584539,BBB,2014J,Pass
1447,1206,BBB_2014J_561618,1.6356166554487572e-07,1,1,B,561618,BBB,2014J,Pass
1448,513,BBB_2014J_423398,1.6356166554487572e-07,1,1,B,423398,BBB,2014J,Pass
1449,2607,BBB_2014J_646004,1.634731177091453e-07,0,0,B,646004,BBB,2014J,Withdrawn
1450,1550,BBB_2013B_341229,1.6332484165104688e-07,0,0,B,341229,BBB,2013B,Fail
1451,2025,BBB_2014B_557351,1.6295071247895976e-07,0,0,B,557351,BBB,2014B,Fail
1452,1652,BBB_2013J_269204,1.6281246928429027e-07,1,1,B,269204,BBB,2013J,Pass
1453,3798,BBB_2014J_646798,1.6256269930181588e-07,1,1,B,646798,BBB,2014J,Pass
1454,1982,BBB_2013B_471219,1.6231234667429817e-07,0,0,B,471219,BBB,2013B,Fail
1455,1785,BBB_2013B_541884,1.622420882085862e-07,0,0,B,541884,BBB,2013B,Fail
1456,1321,BBB_2013B_543864,1.622420882085862e-07,0,0,B,543864,BBB,2013B,Fail
1457,941,BBB_2013B_556318,1.622420882085862e-07,0,0,B,556318,BBB,2013B,Fail
1458,2398,BBB_2013B_532034,1.622420882085862e-07,0,0,B,532034,BBB,2013B,Fail
1459,3611,BBB_2014J_623648,1.620221183884496e-07,1,1,B,623648,BBB,2014J,Pass
1460,2635,BBB_2014J_603746,1.620221183884496e-07,1,1,B,603746,BBB,2014J,Pass
1461,1236,BBB_2014B_397829,1.6187019014068937e-07,1,1,A,397829,BBB,2014B,Pass
1462,1663,BBB_2014J_696850,1.6176164763237466e-07,1,1,B,696850,BBB,2014J,Distinction
1463,1708,BBB_2013J_508047,1.6172315042695118e-07,0,0,B,508047,BBB,2013J,Withdrawn
1464,1465,BBB_2014J_689287,1.6127948754274257e-07,1,1,B,689287,BBB,2014J,Distinction
1465,80,BBB_2014J_646776,1.6127948754274257e-07,1,1,B,646776,BBB,2014J,Pass
1466,529,BBB_2014J_509578,1.6127948754274257e-07,1,1,B,509578,BBB,2014J,Pass
1467,2536,BBB_2013J_570137,1.6117240875246353e-07,1,1,B,570137,BBB,2013J,Pass
1468,2691,BBB_2013J_608047,1.6117240875246353e-07,1,1,A,608047,BBB,2013J,Pass
1469,2350,BBB_2014J_648596,1.611652749033965e-07,0,0,B,648596,BBB,2014J,Withdrawn
1470,1618,BBB_2014J_1832218,1.6109579803469387e-07,1,1,B,1832218,BBB,2014J,Pass
1471,592,BBB_2014B_625444,1.6098347543902491e-07,1,1,B,625444,BBB,2014B,Pass
1472,2451,BBB_2014B_616919,1.6098347543902491e-07,1,1,B,616919,BBB,2014B,Distinction
1473,3617,BBB_2013J_597689,1.6068874231223162e-07,0,0,B,597689,BBB,2013J,Fail
1474,2425,BBB_2014B_327003,1.60676748350852e-07,1,1,B,327003,BBB,2014B,Distinction
1475,1742,BBB_2013J_589123,1.6065352781424735e-07,1,1,B,589123,BBB,2013J,Pass
1476,3758,BBB_2014J_692384,1.6054171680934815e-07,0,0,B,692384,BBB,2014J,Withdrawn
1477,855,BBB_2013J_590372,1.603995940513414e-07,1,1,B,590372,BBB,2013J,Pass
1478,1646,BBB_2013B_492590,1.6038548267260921e-07,0,0,B,492590,BBB,2013B,Fail
1479,2651,BBB_2013B_553490,1.6038548267260921e-07,0,0,B,553490,BBB,2013B,Fail
1480,585,BBB_2014B_605597,1.6036413796882698e-07,0,0,B,605597,BBB,2014B,Fail
1481,1026,BBB_2013J_583240,1.6026550042624876e-07,0,0,B,583240,BBB,2013J,Fail
1482,3597,BBB_2013J_198339,1.601747641188922e-07,0,0,B,198339,BBB,2013J,Withdrawn
1483,520,BBB_2014J_628819,1.6015731318930193e-07,0,0,B,628819,BBB,2014J,Withdrawn
1484,2962,BBB_2013J_611383,1.5970944389209762e-07,1,1,B,611383,BBB,2013J,Distinction
1485,3444,BBB_2013B_352364,1.5946059761517972e-07,1,1,B,352364,BBB,2013B,Distinction
1486,2941,BBB_2014J_480988,1.5945489906243893e-07,0,0,B,480988,BBB,2014J,Withdrawn
1487,107,BBB_2013B_547892,1.5940064201913628e-07,1,1,B,547892,BBB,2013B,Pass
1488,2881,BBB_2014B_628586,1.5921803253604594e-07,0,0,B,628586,BBB,2014B,Fail
1489,3340,BBB_2013J_577659,1.5896851834895642e-07,0,0,B,577659,BBB,2013J,Withdrawn
1490,338,BBB_2013J_587838,1.5896851834895642e-07,0,0,B,587838,BBB,2013J,Withdrawn
1491,675,BBB_2013J_578520,1.5896851834895642e-07,0,0,A,578520,BBB,2013J,Fail
1492,2779,BBB_2013J_564930,1.5896851834895642e-07,0,0,B,564930,BBB,2013J,Withdrawn
1493,3745,BBB_2014J_680219,1.5893826343926776e-07,1,1,B,680219,BBB,2014J,Pass
1494,2423,BBB_2013B_527313,1.5887107451817428e-07,0,0,B,527313,BBB,2013B,Fail
1495,809,BBB_2013J_379983,1.588589384482475e-07,0,0,B,379983,BBB,2013J,Fail
1496,243,BBB_2014B_2677541,1.5878666204116598e-07,0,0,B,2677541,BBB,2014B,Withdrawn
1497,1299,BBB_2014B_2291760,1.5878148929004965e-07,1,1,B,2291760,BBB,2014B,Pass
1498,3793,BBB_2014B_625816,1.5878148929004965e-07,1,1,B,625816,BBB,2014B,Pass
1499,1934,BBB_2013J_587732,1.587360998200893e-07,1,1,B,587732,BBB,2013J,Pass
1500,3309,BBB_2013J_578578,1.5865528268932394e-07,1,1,B,578578,BBB,2013J,Pass
1501,2814,BBB_2013J_549873,1.583708808539086e-07,0,0,B,549873,BBB,2013J,Fail
1502,2999,BBB_2013J_595816,1.576403434455642e-07,0,0,B,595816,BBB,2013J,Fail
1503,894,BBB_2013B_557775,1.5726325841569633e-07,1,1,B,557775,BBB,2013B,Pass
1504,1155,BBB_2013J_614546,1.5723951207746723e-07,1,1,B,614546,BBB,2013J,Distinction
1505,499,BBB_2013B_556959,1.5720158330623235e-07,1,1,B,556959,BBB,2013B,Pass
1506,32,BBB_2014J_582898,1.571369523389876e-07,1,1,B,582898,BBB,2014J,Pass
1507,1309,BBB_2014B_500395,1.5700946676133753e-07,0,0,B,500395,BBB,2014B,Withdrawn
1508,768,BBB_2014B_626750,1.5690120847011713e-07,0,0,B,626750,BBB,2014B,Fail
1509,3538,BBB_2014B_616414,1.5679931664180913e-07,0,0,B,616414,BBB,2014B,Withdrawn
1510,2237,BBB_2013B_2617650,1.5671221831325965e-07,0,0,B,2617650,BBB,2013B,Withdrawn
1511,878,BBB_2014B_440075,1.566961742582862e-07,0,0,B,440075,BBB,2014B,Withdrawn
1512,955,BBB_2013B_523012,1.5658795859962993e-07,1,1,B,523012,BBB,2013B,Pass
1513,1989,BBB_2014B_627244,1.5646496365206986e-07,1,1,B,627244,BBB,2014B,Pass
1514,1906,BBB_2014J_71504,1.5610498849127907e-07,1,1,B,71504,BBB,2014J,Pass
1515,3719,BBB_2014J_524043,1.5586311974402633e-07,1,1,B,524043,BBB,2014J,Distinction
1516,2228,BBB_2013B_534698,1.556198583330115e-07,1,1,B,534698,BBB,2013B,Pass
1517,2585,BBB_2013J_611096,1.555385154006217e-07,0,0,A,611096,BBB,2013J,Fail
1518,1033,BBB_2014J_641616,1.5552484455838567e-07,1,1,B,641616,BBB,2014J,Pass
1519,3412,BBB_2013J_1588208,1.551878767713788e-07,0,0,B,1588208,BBB,2013J,Withdrawn
1520,3604,BBB_2014J_584864,1.550346553358395e-07,1,1,B,584864,BBB,2014J,Pass
1521,3853,BBB_2014J_697754,1.550346553358395e-07,1,1,B,697754,BBB,2014J,Distinction
1522,1884,BBB_2013B_554249,1.5485422011352057e-07,0,0,B,554249,BBB,2013B,Withdrawn
1523,821,BBB_2014J_481790,1.547031871496074e-07,1,1,B,481790,BBB,2014J,Pass
1524,1548,BBB_2013B_551080,1.54628409632096e-07,1,1,B,551080,BBB,2013B,Pass
1525,35,BBB_2013B_535773,1.54628409632096e-07,1,1,B,535773,BBB,2013B,Pass
1526,2064,BBB_2013B_92832,1.54628409632096e-07,1,1,B,92832,BBB,2013B,Pass
1527,3049,BBB_2014J_651883,1.5446839540800283e-07,1,1,B,651883,BBB,2014J,Pass
1528,580,BBB_2014J_675159,1.5446839540800283e-07,1,1,B,675159,BBB,2014J,Pass
1529,823,BBB_2014J_681798,1.5446839540800283e-07,1,1,B,681798,BBB,2014J,Pass
1530,2407,BBB_2013B_2641393,1.542463508030778e-07,1,1,B,2641393,BBB,2013B,Pass
1531,336,BBB_2013J_535168,1.538875835649378e-07,0,0,B,535168,BBB,2013J,Withdrawn
1532,2046,BBB_2013J_567925,1.5383078277864115e-07,0,0,B,567925,BBB,2013J,Withdrawn
1533,2511,BBB_2013J_600740,1.5373225892290066e-07,1,1,B,600740,BBB,2013J,Pass
1534,2991,BBB_2014J_340216,1.5348594217812206e-07,1,1,B,340216,BBB,2014J,Pass
1535,1256,BBB_2013B_551576,1.5340265235863626e-07,1,1,B,551576,BBB,2013B,Distinction
1536,544,BBB_2014B_632574,1.5337226955125516e-07,0,0,B,632574,BBB,2014B,Withdrawn
1537,3468,BBB_2014B_2513954,1.5328487279475667e-07,1,1,B,2513954,BBB,2014B,Distinction
1538,631,BBB_2013J_598243,1.5328456015595293e-07,1,1,B,598243,BBB,2013J,Pass
1539,1599,BBB_2014J_696348,1.5306387979308056e-07,0,0,B,696348,BBB,2014J,Fail
1540,3443,BBB_2014J_2213814,1.5306387979308056e-07,0,0,B,2213814,BBB,2014J,Withdrawn
1541,1057,BBB_2013B_562495,1.5304424039186415e-07,0,0,A,562495,BBB,2013B,Fail
1542,3664,BBB_2014J_2103305,1.5258672192430822e-07,0,0,B,2103305,BBB,2014J,Withdrawn
1543,3437,BBB_2014B_296232,1.5239754702633945e-07,1,1,B,296232,BBB,2014B,Pass
1544,838,BBB_2014B_632618,1.5223031368805096e-07,0,0,B,632618,BBB,2014B,Withdrawn
1545,2004,BBB_2013B_466973,1.5208918568987428e-07,0,0,B,466973,BBB,2013B,Fail
1546,2133,BBB_2013J_547979,1.5200549796645646e-07,0,0,B,547979,BBB,2013J,Withdrawn
1547,221,BBB_2014B_625071,1.5192817670595105e-07,1,1,B,625071,BBB,2014B,Pass
1548,2730,BBB_2014B_630833,1.517793180028093e-07,0,0,B,630833,BBB,2014B,Fail
1549,2710,BBB_2013J_592618,1.5171914924394514e-07,1,1,B,592618,BBB,2013J,Pass
1550,2444,BBB_2013B_540787,1.5138088826915919e-07,0,0,B,540787,BBB,2013B,Withdrawn
1551,3666,BBB_2014J_2631298,1.5136141939819936e-07,0,0,B,2631298,BBB,2014J,Withdrawn
1552,531,BBB_2013J_601497,1.5133369402065e-07,1,1,B,601497,BBB,2013J,Distinction
1553,1389,BBB_2013B_326012,1.5113828055746126e-07,0,0,B,326012,BBB,2013B,Fail
1554,3899,BBB_2013J_581027,1.5082727600201906e-07,0,0,B,581027,BBB,2013J,Fail
1555,3446,BBB_2013J_598986,1.501568647199747e-07,0,0,B,598986,BBB,2013J,Fail
1556,3078,BBB_2014J_624342,1.5007989873083716e-07,1,1,B,624342,BBB,2014J,Pass
1557,3778,BBB_2013B_490733,1.499553405892584e-07,0,0,B,490733,BBB,2013B,Withdrawn
1558,118,BBB_2014J_2482994,1.49940191818132e-07,0,0,B,2482994,BBB,2014J,Fail
1559,3053,BBB_2013J_590478,1.499366391044532e-07,0,0,B,590478,BBB,2013J,Withdrawn
1560,2566,BBB_2013B_498065,1.4953292293284903e-07,1,1,B,498065,BBB,2013B,Pass
1561,1642,BBB_2013B_472182,1.4937894832200982e-07,0,0,B,472182,BBB,2013B,Withdrawn
1562,3147,BBB_2014J_649221,1.49323952314262e-07,1,1,B,649221,BBB,2014J,Pass
1563,1724,BBB_2013B_510141,1.489601402226981e-07,0,0,B,510141,BBB,2013B,Withdrawn
1564,31,BBB_2014J_2228601,1.4875787712753663e-07,1,1,B,2228601,BBB,2014J,Distinction
1565,1973,BBB_2014J_297685,1.4875787712753663e-07,1,1,B,297685,BBB,2014J,Pass
1566,1858,BBB_2013B_549203,1.4870673226141662e-07,0,0,B,549203,BBB,2013B,Fail
1567,2948,BBB_2014B_617556,1.4868862763250945e-07,0,0,B,617556,BBB,2014B,Withdrawn
1568,1302,BBB_2014B_627179,1.4865214836845553e-07,0,0,A,627179,BBB,2014B,Fail
1569,346,BBB_2014B_615028,1.4854971652766835e-07,1,1,B,615028,BBB,2014B,Pass
1570,2964,BBB_2013B_558092,1.4832254180419113e-07,0,0,B,558092,BBB,2013B,Fail
1571,912,BBB_2013B_557285,1.4809856452302483e-07,1,1,B,557285,BBB,2013B,Pass
1572,39,BBB_2014J_682058,1.4805391401750967e-07,1,1,B,682058,BBB,2014J,Pass
1573,3729,BBB_2014J_683838,1.4797306846503488e-07,0,0,B,683838,BBB,2014J,Fail
1574,3763,BBB_2014J_618983,1.4796384562032472e-07,0,0,B,618983,BBB,2014J,Fail
1575,182,BBB_2013J_605679,1.4764096079034061e-07,1,1,B,605679,BBB,2013J,Pass
1576,1111,BBB_2013J_593631,1.4764096079034061e-07,1,1,B,593631,BBB,2013J,Pass
1577,3533,BBB_2013J_240993,1.4760098565602675e-07,1,1,B,240993,BBB,2013J,Pass
1578,3310,BBB_2013B_319209,1.4750492027815199e-07,1,1,B,319209,BBB,2013B,Distinction
1579,2117,BBB_2013B_555086,1.4742680320978252e-07,1,1,B,555086,BBB,2013B,Pass
1580,514,BBB_2013B_467292,1.4742680320978252e-07,1,1,B,467292,BBB,2013B,Pass
1581,1411,BBB_2014J_582709,1.473536741514181e-07,1,1,B,582709,BBB,2014J,Pass
1582,1029,BBB_2014J_2599784,1.4687205407426518e-07,1,1,B,2599784,BBB,2014J,Pass
1583,2243,BBB_2014J_263448,1.4687205407426518e-07,1,1,B,263448,BBB,2014J,Pass
1584,2514,BBB_2013J_597102,1.4605713261062192e-07,1,1,B,597102,BBB,2013J,Distinction
1585,51,BBB_2013J_611228,1.4605713261062192e-07,1,1,B,611228,BBB,2013J,Pass
1586,261,BBB_2014J_627563,1.4602105125050002e-07,1,1,A,627563,BBB,2014J,Pass
1587,2254,BBB_2013J_2002046,1.4598874997773237e-07,1,1,B,2002046,BBB,2013J,Pass
1588,3487,BBB_2014B_444872,1.4594650110666407e-07,1,1,B,444872,BBB,2014B,Pass
1589,3060,BBB_2014B_624046,1.4585869223537884e-07,1,1,B,624046,BBB,2014B,Pass
1590,879,BBB_2013J_596417,1.4547450177815335e-07,1,1,B,596417,BBB,2013J,Pass
1591,893,BBB_2014B_622538,1.4490026956082147e-07,0,0,B,622538,BBB,2014B,Withdrawn
1592,197,BBB_2013B_561161,1.442452770561431e-07,1,1,B,561161,BBB,2013B,Distinction
1593,468,BBB_2013B_480458,1.4420101024370524e-07,0,0,A,480458,BBB,2013B,Fail
1594,2280,BBB_2013J_588969,1.4414388260775013e-07,0,0,B,588969,BBB,2013J,Withdrawn
1595,1939,BBB_2014B_614909,1.4391507363598066e-07,1,1,B,614909,BBB,2014B,Distinction
1596,1284,BBB_2013B_531634,1.437268366544231e-07,0,0,B,531634,BBB,2013B,Fail
1597,3833,BBB_2013B_386957,1.4356449185015663e-07,0,0,B,386957,BBB,2013B,Fail
1598,1415,BBB_2013B_441000,1.4356449185015663e-07,0,0,B,441000,BBB,2013B,Fail
1599,300,BBB_2014B_630794,1.4353084054619103e-07,0,0,B,630794,BBB,2014B,Fail
1600,72,BBB_2014B_608774,1.4353084054619103e-07,0,0,B,608774,BBB,2014B,Withdrawn
1601,1257,BBB_2013J_495035,1.4333882347727922e-07,1,1,B,495035,BBB,2013J,Pass
1602,1340,BBB_2013B_549278,1.431834419918232e-07,0,0,B,549278,BBB,2013B,Fail
1603,2353,BBB_2013B_552025,1.431834419918232e-07,0,0,A,552025,BBB,2013B,Withdrawn
1604,2984,BBB_2014B_534163,1.4250278468352917e-07,0,0,B,534163,BBB,2014B,Fail
1605,358,BBB_2013B_423317,1.4244469070945343e-07,0,0,B,423317,BBB,2013B,Withdrawn
1606,939,BBB_2013J_556592,1.4184212204781943e-07,1,1,B,556592,BBB,2013J,Pass
1607,1787,BBB_2013J_609107,1.4181296137394384e-07,0,0,B,609107,BBB,2013J,Withdrawn
1608,2289,BBB_2013J_609307,1.4176623608364025e-07,1,1,B,609307,BBB,2013J,Pass
1609,168,BBB_2014J_643172,1.417510446799497e-07,1,1,B,643172,BBB,2014J,Pass
1610,2110,BBB_2014B_633499,1.4140729831524368e-07,1,1,B,633499,BBB,2014B,Pass
1611,1049,BBB_2013J_582218,1.4129048508948472e-07,0,0,B,582218,BBB,2013J,Fail
1612,2752,BBB_2013J_591937,1.4122309721642523e-07,0,0,B,591937,BBB,2013J,Withdrawn
1613,1010,BBB_2013J_372172,1.4122309721642523e-07,0,0,B,372172,BBB,2013J,Fail
1614,239,BBB_2013J_591558,1.4118796798356925e-07,1,1,B,591558,BBB,2013J,Pass
1615,3119,BBB_2013B_355998,1.4085711086408992e-07,0,0,B,355998,BBB,2013B,Fail
1616,3356,BBB_2013J_536318,1.4063262199215387e-07,1,1,B,536318,BBB,2013J,Pass
1617,266,BBB_2013J_519751,1.4058826991458773e-07,0,0,B,519751,BBB,2013J,Withdrawn
1618,2192,BBB_2014J_696203,1.4058237240988092e-07,1,1,A,696203,BBB,2014J,Pass
1619,2138,BBB_2014J_695278,1.4058237240988092e-07,1,1,B,695278,BBB,2014J,Pass
1620,327,BBB_2014J_169008,1.4058237240988092e-07,1,1,A,169008,BBB,2014J,Pass
1621,1951,BBB_2014J_698025,1.405547891408787e-07,0,0,B,698025,BBB,2014J,Withdrawn
1622,2802,BBB_2014J_690554,1.405547891408787e-07,0,0,B,690554,BBB,2014J,Withdrawn
1623,2159,BBB_2014J_511424,1.405547891408787e-07,0,0,B,511424,BBB,2014J,Withdrawn
1624,3176,BBB_2013B_548241,1.4052564267785783e-07,1,1,A,548241,BBB,2013B,Pass
1625,840,BBB_2013B_559180,1.4041145846022118e-07,1,1,B,559180,BBB,2013B,Pass
1626,3036,BBB_2014B_313246,1.399064899487712e-07,1,1,B,313246,BBB,2014B,Pass
1627,1243,BBB_2014B_288967,1.3959471800717438e-07,1,1,A,288967,BBB,2014B,Pass
1628,1861,BBB_2013J_464525,1.39573231194845e-07,1,1,A,464525,BBB,2013J,Pass
1629,1566,BBB_2014J_2385665,1.3953047073300695e-07,1,1,B,2385665,BBB,2014J,Pass
1630,3803,BBB_2013J_364871,1.391509982795469e-07,1,1,B,364871,BBB,2013J,Pass
1631,2556,BBB_2014J_395822,1.3899568784836447e-07,1,1,B,395822,BBB,2014J,Pass
1632,649,BBB_2014J_578445,1.388596189144664e-07,0,0,B,578445,BBB,2014J,Withdrawn
1633,3040,BBB_2014J_695356,1.3878900517738657e-07,0,0,B,695356,BBB,2014J,Withdrawn
1634,730,BBB_2014B_560920,1.3859410330496758e-07,0,0,B,560920,BBB,2014B,Withdrawn
1635,3775,BBB_2014J_652553,1.3829597378389735e-07,1,1,B,652553,BBB,2014J,Pass
1636,2314,BBB_2014J_651209,1.3829597378389735e-07,1,1,B,651209,BBB,2014J,Pass
1637,2901,BBB_2013B_551985,1.3825749078932859e-07,0,0,B,551985,BBB,2013B,Fail
1638,1426,BBB_2014J_496381,1.3818390698361327e-07,1,1,A,496381,BBB,2014J,Pass
1639,2916,BBB_2014B_594061,1.3815622423862806e-07,1,1,B,594061,BBB,2014B,Distinction
1640,2292,BBB_2014J_106095,1.3796788778108748e-07,1,1,B,106095,BBB,2014J,Pass
1641,41,BBB_2014J_678815,1.3796788778108748e-07,1,1,B,678815,BBB,2014J,Distinction
1642,3181,BBB_2014J_623097,1.3796788778108748e-07,1,1,B,623097,BBB,2014J,Pass
1643,2784,BBB_2014B_626485,1.3793437858566904e-07,0,0,B,626485,BBB,2014B,Withdrawn
1644,129,BBB_2014J_150398,1.376649407802688e-07,1,1,B,150398,BBB,2014J,Distinction
1645,991,BBB_2014J_41547,1.374889109229116e-07,1,1,B,41547,BBB,2014J,Pass
1646,3669,BBB_2014J_656522,1.3747342109127203e-07,1,1,B,656522,BBB,2014J,Pass
1647,2619,BBB_2013J_589411,1.371356574964011e-07,1,1,B,589411,BBB,2013J,Distinction
1648,663,BBB_2014J_646455,1.3706878121411137e-07,0,0,B,646455,BBB,2014J,Withdrawn
1649,832,BBB_2013J_503516,1.3698218026547693e-07,0,0,B,503516,BBB,2013J,Fail
1650,959,BBB_2013J_588883,1.3688233480024792e-07,1,1,B,588883,BBB,2013J,Distinction
1651,3185,BBB_2014B_625511,1.368649407140765e-07,0,0,A,625511,BBB,2014B,Withdrawn
1652,602,BBB_2014B_629991,1.368649407140765e-07,0,0,B,629991,BBB,2014B,Withdrawn
1653,2132,BBB_2013B_253250,1.3672520537966193e-07,0,0,B,253250,BBB,2013B,Withdrawn
1654,2582,BBB_2013J_562456,1.3671147769400704e-07,0,0,B,562456,BBB,2013J,Fail
1655,3284,BBB_2013J_609388,1.3671147769400704e-07,0,0,B,609388,BBB,2013J,Withdrawn
1656,3196,BBB_2013J_606562,1.3656453745625186e-07,1,1,B,606562,BBB,2013J,Distinction
1657,2445,BBB_2013B_536243,1.3641185603319173e-07,0,0,B,536243,BBB,2013B,Fail
1658,3868,BBB_2014B_626460,1.3621388461615425e-07,0,0,B,626460,BBB,2014B,Withdrawn
1659,145,BBB_2014B_618108,1.3621388461615425e-07,0,0,B,618108,BBB,2014B,Withdrawn
1660,2257,BBB_2014J_565182,1.360680244033574e-07,1,1,B,565182,BBB,2014J,Pass
1661,46,BBB_2014B_565009,1.3596307724128565e-07,0,0,B,565009,BBB,2014B,Fail
1662,1407,BBB_2013J_583039,1.3593688663604553e-07,1,1,B,583039,BBB,2013J,Pass
1663,1789,BBB_2013B_539385,1.3571593626693357e-07,1,1,B,539385,BBB,2013B,Pass
1664,1005,BBB_2013B_475095,1.3571593626693357e-07,1,1,A,475095,BBB,2013B,Pass
1665,3082,BBB_2013B_549568,1.3568093493177003e-07,1,1,B,549568,BBB,2013B,Pass
1666,2148,BBB_2014J_648386,1.3567013468218647e-07,0,0,B,648386,BBB,2014J,Withdrawn
1667,3016,BBB_2014B_630561,1.3553066935401148e-07,1,1,B,630561,BBB,2014B,Pass
1668,1798,BBB_2014J_596744,1.3514933527858375e-07,0,0,B,596744,BBB,2014J,Withdrawn
1669,1700,BBB_2013J_410537,1.3512590157915838e-07,1,1,B,410537,BBB,2013J,Pass
1670,2800,BBB_2013J_580592,1.3485384897649055e-07,0,0,B,580592,BBB,2013J,Withdrawn
1671,2936,BBB_2013J_572103,1.347494702486074e-07,1,1,B,572103,BBB,2013J,Pass
1672,2854,BBB_2014J_424220,1.3453620795189636e-07,1,1,A,424220,BBB,2014J,Pass
1673,2655,BBB_2014B_573806,1.3451435165734438e-07,1,1,B,573806,BBB,2014B,Distinction
1674,153,BBB_2013J_354779,1.342986308827676e-07,1,1,B,354779,BBB,2013J,Pass
1675,1279,BBB_2013J_613171,1.3414899058261653e-07,1,1,B,613171,BBB,2013J,Pass
1676,90,BBB_2014J_686822,1.341455089232113e-07,1,1,B,686822,BBB,2014J,Pass
1677,2504,BBB_2013J_595241,1.34125215822678e-07,0,0,A,595241,BBB,2013J,Fail
1678,1146,BBB_2013J_574065,1.3376491381222877e-07,1,1,B,574065,BBB,2013J,Distinction
1679,3151,BBB_2014J_677338,1.3374233276408631e-07,0,0,B,677338,BBB,2014J,Withdrawn
1680,1606,BBB_2014J_600606,1.3354978989355004e-07,1,1,B,600606,BBB,2014J,Pass
1681,857,BBB_2013B_34863,1.332789310026783e-07,1,1,B,34863,BBB,2013B,Pass
1682,205,BBB_2013B_496070,1.332789310026783e-07,1,1,B,496070,BBB,2013B,Pass
1683,219,BBB_2013B_532665,1.331574992491369e-07,1,1,B,532665,BBB,2013B,Pass
1684,2106,BBB_2013B_558024,1.331574992491369e-07,1,1,B,558024,BBB,2013B,Pass
1685,3759,BBB_2013J_2631545,1.3220771677424636e-07,0,0,B,2631545,BBB,2013J,Fail
1686,3744,BBB_2014J_126800,1.321301539292108e-07,1,1,B,126800,BBB,2014J,Pass
1687,2644,BBB_2013B_481580,1.3188726200041856e-07,1,1,B,481580,BBB,2013B,Distinction
1688,2569,BBB_2014B_628411,1.308758470486282e-07,0,0,B,628411,BBB,2014B,Fail
1689,2613,BBB_2013B_378462,1.3045850266735215e-07,1,1,B,378462,BBB,2013B,Pass
1690,3810,BBB_2014B_620573,1.3041659485679702e-07,1,1,B,620573,BBB,2014B,Pass
1691,2474,BBB_2014B_629060,1.3023790756960807e-07,1,1,B,629060,BBB,2014B,Pass
1692,2038,BBB_2013J_185597,1.3021005429436627e-07,0,0,B,185597,BBB,2013J,Withdrawn
1693,1359,BBB_2014B_553733,1.3000163789911312e-07,0,0,B,553733,BBB,2014B,Fail
1694,3835,BBB_2014B_627948,1.3000163789911312e-07,0,0,B,627948,BBB,2014B,Fail
1695,2740,BBB_2013B_480507,1.2974709306945442e-07,1,1,B,480507,BBB,2013B,Pass
1696,1594,BBB_2013B_554290,1.2950604855177517e-07,0,0,B,554290,BBB,2013B,Withdrawn
1697,3725,BBB_2013J_502391,1.293641815891533e-07,0,0,A,502391,BBB,2013J,Fail
1698,1059,BBB_2013J_598760,1.292649898232412e-07,1,1,B,598760,BBB,2013J,Pass
1699,1108,BBB_2014B_618360,1.289273541260627e-07,0,0,B,618360,BBB,2014B,Withdrawn
1700,3511,BBB_2013B_560117,1.288308624225465e-07,0,0,A,560117,BBB,2013B,Withdrawn
1701,923,BBB_2014B_305307,1.288005790911484e-07,0,0,A,305307,BBB,2014B,Withdrawn
1702,1846,BBB_2014B_616428,1.288005790911484e-07,0,0,B,616428,BBB,2014B,Withdrawn
1703,3497,BBB_2014B_625301,1.288005790911484e-07,0,0,B,625301,BBB,2014B,Fail
1704,1399,BBB_2014J_682316,1.2862393816703843e-07,1,1,A,682316,BBB,2014J,Pass
1705,3930,BBB_2014J_646119,1.2862393816703843e-07,1,1,B,646119,BBB,2014J,Pass
1706,198,BBB_2014J_676376,1.285499564573911e-07,0,0,B,676376,BBB,2014J,Withdrawn
1707,1250,BBB_2013B_411197,1.2794538406524225e-07,0,0,B,411197,BBB,2013B,Fail
1708,3479,BBB_2013J_593385,1.2775214486282493e-07,1,1,B,593385,BBB,2013J,Pass
1709,2056,BBB_2013J_494789,1.2775214486282493e-07,1,1,B,494789,BBB,2013J,Distinction
1710,2738,BBB_2013J_591440,1.2766531654051505e-07,0,0,B,591440,BBB,2013J,Fail
1711,1541,BBB_2013B_556284,1.2730671983263164e-07,1,1,A,556284,BBB,2013B,Pass
1712,1311,BBB_2013B_537558,1.2730671983263164e-07,1,1,B,537558,BBB,2013B,Distinction
1713,994,BBB_2013B_537342,1.2730671983263164e-07,1,1,B,537342,BBB,2013B,Distinction
1714,3677,BBB_2013B_480151,1.272188114853634e-07,0,0,B,480151,BBB,2013B,Withdrawn
1715,2302,BBB_2013B_532668,1.272188114853634e-07,0,0,B,532668,BBB,2013B,Fail
1716,3612,BBB_2013B_555212,1.272188114853634e-07,0,0,B,555212,BBB,2013B,Withdrawn
1717,2907,BBB_2014J_2486159,1.2704255425433075e-07,1,1,B,2486159,BBB,2014J,Pass
1718,3754,BBB_2014J_439806,1.2701316620677972e-07,1,1,B,439806,BBB,2014J,Distinction
1719,3900,BBB_2014J_677892,1.2701316620677972e-07,1,1,B,677892,BBB,2014J,Pass
1720,758,BBB_2014J_651991,1.2679969074724795e-07,1,1,B,651991,BBB,2014J,Pass
1721,2787,BBB_2014J_692196,1.2679969074724795e-07,1,1,B,692196,BBB,2014J,Distinction
1722,1482,BBB_2014B_627285,1.267178362240884e-07,1,1,B,627285,BBB,2014B,Pass
1723,1812,BBB_2014B_493559,1.267178362240884e-07,1,1,B,493559,BBB,2014B,Pass
1724,1544,BBB_2013B_511693,1.266616749262539e-07,1,1,B,511693,BBB,2013B,Pass
1725,1769,BBB_2013B_517890,1.266616749262539e-07,1,1,B,517890,BBB,2013B,Distinction
1726,2702,BBB_2013B_483109,1.2662516724049055e-07,1,1,B,483109,BBB,2013B,Pass
1727,2998,BBB_2013B_494673,1.265665048322262e-07,0,0,B,494673,BBB,2013B,Fail
1728,1056,BBB_2013B_2534033,1.2647244318486628e-07,0,0,A,2534033,BBB,2013B,Withdrawn
1729,1671,BBB_2014J_638036,1.2635628365842422e-07,0,0,B,638036,BBB,2014J,Withdrawn
1730,2406,BBB_2013J_530487,1.262278317426535e-07,1,1,B,530487,BBB,2013J,Pass
1731,2747,BBB_2013B_2303034,1.2622388112504268e-07,0,0,B,2303034,BBB,2013B,Fail
1732,1850,BBB_2013B_1480800,1.2610173882876552e-07,1,1,B,1480800,BBB,2013B,Pass
1733,2464,BBB_2013J_600844,1.258576389773225e-07,0,0,B,600844,BBB,2013J,Withdrawn
1734,414,BBB_2013J_521456,1.258576389773225e-07,0,0,B,521456,BBB,2013J,Withdrawn
1735,1608,BBB_2013J_583534,1.258576389773225e-07,0,0,B,583534,BBB,2013J,Fail
1736,3701,BBB_2013J_398067,1.2566781038003683e-07,1,1,B,398067,BBB,2013J,Distinction
1737,2533,BBB_2013J_523928,1.2558372475268698e-07,1,1,B,523928,BBB,2013J,Pass
1738,1734,BBB_2013J_589509,1.2548630934361427e-07,1,1,B,589509,BBB,2013J,Pass
1739,1043,BBB_2014J_689662,1.2527765136383096e-07,1,1,B,689662,BBB,2014J,Pass
1740,1665,BBB_2013B_390442,1.250161432153618e-07,1,1,B,390442,BBB,2013B,Distinction
1741,2899,BBB_2013B_228235,1.2495885926000483e-07,0,0,B,228235,BBB,2013B,Withdrawn
1742,1145,BBB_2014B_349258,1.2492139944697556e-07,0,0,B,349258,BBB,2014B,Fail
1743,1615,BBB_2013J_195096,1.2476613164835726e-07,1,1,B,195096,BBB,2013J,Pass
1744,652,BBB_2014J_606391,1.2473847732508148e-07,1,1,B,606391,BBB,2014J,Pass
1745,2169,BBB_2014J_534884,1.247239254098531e-07,0,0,B,534884,BBB,2014J,Withdrawn
1746,1867,BBB_2014B_612370,1.246622218786797e-07,0,0,B,612370,BBB,2014B,Fail
1747,789,BBB_2014B_618632,1.246622218786797e-07,0,0,B,618632,BBB,2014B,Fail
1748,2357,BBB_2014J_677004,1.2439703311883932e-07,0,0,B,677004,BBB,2014J,Fail
1749,1871,BBB_2013B_552222,1.2423376460901636e-07,0,0,B,552222,BBB,2013B,Withdrawn
1750,2070,BBB_2014B_635246,1.2408715122091962e-07,0,0,B,635246,BBB,2014B,Fail
1751,3100,BBB_2014J_634636,1.2398338355978922e-07,1,1,A,634636,BBB,2014J,Pass
1752,2595,BBB_2013B_549907,1.2341381250280392e-07,0,0,B,549907,BBB,2013B,Fail
1753,3942,BBB_2014B_355369,1.232976813980713e-07,0,0,B,355369,BBB,2014B,Fail
1754,279,BBB_2013B_546136,1.224165373514552e-07,0,0,B,546136,BBB,2013B,Withdrawn
1755,465,BBB_2014J_506679,1.2233155644025828e-07,0,0,B,506679,BBB,2014J,Withdrawn
1756,3563,BBB_2014J_629053,1.223285863716228e-07,1,1,B,629053,BBB,2014J,Pass
1757,2884,BBB_2014J_2407594,1.223285863716228e-07,1,1,B,2407594,BBB,2014J,Pass
1758,106,BBB_2014J_652803,1.2226544754412316e-07,0,0,B,652803,BBB,2014J,Withdrawn
1759,3475,BBB_2013J_509913,1.2226476542309683e-07,0,0,B,509913,BBB,2013J,Fail
1760,429,BBB_2014J_655342,1.221470427026361e-07,1,1,B,655342,BBB,2014J,Pass
1761,707,BBB_2014B_628827,1.2127669890560355e-07,0,0,B,628827,BBB,2014B,Fail
1762,844,BBB_2013J_2160453,1.2122490034016664e-07,1,1,B,2160453,BBB,2013J,Pass
1763,3871,BBB_2014B_574935,1.211177362847593e-07,0,0,B,574935,BBB,2014B,Withdrawn
1764,1937,BBB_2014J_551000,1.2108564817481238e-07,0,0,B,551000,BBB,2014J,Fail
1765,2170,BBB_2013J_483135,1.208574786915051e-07,0,0,B,483135,BBB,2013J,Withdrawn
1766,1931,BBB_2013J_607517,1.2070070454228699e-07,0,0,B,607517,BBB,2013J,Withdrawn
1767,680,BBB_2014B_633560,1.2044519337450765e-07,1,1,B,633560,BBB,2014B,Distinction
1768,962,BBB_2014B_620791,1.2043497576996742e-07,0,0,B,620791,BBB,2014B,Withdrawn
1769,3588,BBB_2013J_521341,1.202532331490147e-07,1,1,B,521341,BBB,2013J,Pass
1770,1298,BBB_2013J_429610,1.1996566229299788e-07,1,1,B,429610,BBB,2013J,Distinction
1771,2402,BBB_2013J_599292,1.1974520930380095e-07,1,1,B,599292,BBB,2013J,Pass
1772,3738,BBB_2013B_552701,1.1961782320213388e-07,1,1,A,552701,BBB,2013B,Pass
1773,1829,BBB_2013J_535269,1.1953849821111362e-07,0,0,B,535269,BBB,2013J,Fail
1774,374,BBB_2013J_514824,1.1953849821111362e-07,0,0,B,514824,BBB,2013J,Withdrawn
1775,156,BBB_2014J_600463,1.1952552370075864e-07,1,1,B,600463,BBB,2014J,Pass
1776,1783,BBB_2014J_675094,1.1942637456741068e-07,0,0,B,675094,BBB,2014J,Withdrawn
1777,2313,BBB_2013J_252652,1.1920290177158677e-07,0,0,B,252652,BBB,2013J,Withdrawn
1778,2238,BBB_2014B_630944,1.190898260006179e-07,1,1,B,630944,BBB,2014B,Pass
1779,3105,BBB_2013B_334794,1.1853596504352026e-07,0,0,B,334794,BBB,2013B,Withdrawn
1780,158,BBB_2013B_534217,1.1853596504352026e-07,0,0,B,534217,BBB,2013B,Withdrawn
1781,2151,BBB_2013B_563878,1.1851194159362421e-07,1,1,B,563878,BBB,2013B,Pass
1782,3825,BBB_2014J_651610,1.1828361579091506e-07,0,0,B,651610,BBB,2014J,Withdrawn
1783,3177,BBB_2013J_1886295,1.179913411419875e-07,1,1,B,1886295,BBB,2013J,Distinction
1784,2045,BBB_2013B_550278,1.1782434228280181e-07,0,0,B,550278,BBB,2013B,Withdrawn
1785,1502,BBB_2013B_475078,1.1773008878890323e-07,0,0,B,475078,BBB,2013B,Withdrawn
1786,2290,BBB_2014J_495489,1.1764164753458317e-07,0,0,B,495489,BBB,2014J,Fail
1787,2057,BBB_2014B_613718,1.1760240425928714e-07,1,1,B,613718,BBB,2014B,Pass
1788,105,BBB_2013J_540521,1.1756843321109045e-07,1,1,B,540521,BBB,2013J,Pass
1789,1325,BBB_2014J_626139,1.1751358641731713e-07,1,1,B,626139,BBB,2014J,Pass
1790,2097,BBB_2014J_628679,1.1751358641731713e-07,1,1,B,628679,BBB,2014J,Pass
1791,700,BBB_2013B_553462,1.1725657600436534e-07,1,1,B,553462,BBB,2013B,Pass
1792,3229,BBB_2013J_583235,1.1685892786772456e-07,0,0,B,583235,BBB,2013J,Withdrawn
1793,2265,BBB_2014B_621508,1.1681919431794086e-07,0,0,B,621508,BBB,2014B,Withdrawn
1794,1045,BBB_2014B_614130,1.1674187305743544e-07,1,1,B,614130,BBB,2014B,Pass
1795,3549,BBB_2014J_610385,1.1662918808497125e-07,1,1,B,610385,BBB,2014J,Pass
1796,1654,BBB_2014J_657099,1.1659766840921293e-07,0,0,B,657099,BBB,2014J,Fail
1797,1793,BBB_2014B_2643007,1.1653105502773542e-07,1,1,B,2643007,BBB,2014B,Pass
1798,436,BBB_2013B_35812,1.1641375863291614e-07,0,0,B,35812,BBB,2013B,Fail
1799,2462,BBB_2013B_558602,1.1641375863291614e-07,0,0,B,558602,BBB,2013B,Fail
1800,1384,BBB_2013J_590713,1.1637335006753347e-07,0,0,B,590713,BBB,2013J,Withdrawn
1801,862,BBB_2014B_632470,1.1636631569444944e-07,0,0,B,632470,BBB,2014B,Fail
1802,3441,BBB_2014B_603348,1.1636631569444944e-07,0,0,B,603348,BBB,2014B,Withdrawn
1803,1610,BBB_2013B_516057,1.1631834695435828e-07,1,1,B,516057,BBB,2013B,Pass
1804,1694,BBB_2013B_550708,1.1614356054678865e-07,1,1,B,550708,BBB,2013B,Pass
1805,3619,BBB_2014J_596496,1.1593110116336902e-07,0,0,B,596496,BBB,2014J,Withdrawn
1806,3450,BBB_2013J_605255,1.1577651548577705e-07,0,0,B,605255,BBB,2013J,Fail
1807,1540,BBB_2013J_2465209,1.1544307909616691e-07,0,0,B,2465209,BBB,2013J,Withdrawn
1808,2568,BBB_2013B_563877,1.1539510325064839e-07,1,1,B,563877,BBB,2013B,Pass
1809,2149,BBB_2014B_393131,1.1441824199209805e-07,0,0,B,393131,BBB,2014B,Fail
1810,931,BBB_2014B_598836,1.1433075997047126e-07,0,0,B,598836,BBB,2014B,Withdrawn
1811,2852,BBB_2013J_606333,1.1399806254530631e-07,0,0,B,606333,BBB,2013J,Withdrawn
1812,739,BBB_2014J_692647,1.1379574260672598e-07,0,0,B,692647,BBB,2014J,Withdrawn
1813,1928,BBB_2013J_600771,1.1341677463860833e-07,1,1,A,600771,BBB,2013J,Pass
1814,2834,BBB_2013J_608942,1.1331295013405907e-07,0,0,B,608942,BBB,2013J,Withdrawn
1815,2805,BBB_2013J_582084,1.1331295013405907e-07,0,0,B,582084,BBB,2013J,Withdrawn
1816,2797,BBB_2014J_646781,1.1320923221092016e-07,1,1,A,646781,BBB,2014J,Pass
1817,270,BBB_2014J_646178,1.1309889202948398e-07,0,0,B,646178,BBB,2014J,Fail
1818,2951,BBB_2013B_400049,1.130846101204952e-07,0,0,B,400049,BBB,2013B,Fail
1819,3162,BBB_2013B_535152,1.1293985835436615e-07,0,0,B,535152,BBB,2013B,Withdrawn
1820,3796,BBB_2013B_540767,1.1293985835436615e-07,0,0,B,540767,BBB,2013B,Withdrawn
1821,2532,BBB_2013J_580646,1.126146855767729e-07,1,1,B,580646,BBB,2013J,Distinction
1822,2883,BBB_2013J_532750,1.126146855767729e-07,1,1,B,532750,BBB,2013J,Distinction
1823,467,BBB_2014J_108859,1.12545421870891e-07,1,1,A,108859,BBB,2014J,Pass
1824,1017,BBB_2013B_515105,1.1251935205791597e-07,0,0,B,515105,BBB,2013B,Fail
1825,2232,BBB_2013J_587051,1.123803343716645e-07,0,0,B,587051,BBB,2013J,Fail
1826,109,BBB_2013J_556637,1.123803343716645e-07,0,0,B,556637,BBB,2013J,Withdrawn
1827,2190,BBB_2013J_533449,1.123566377714269e-07,0,0,A,533449,BBB,2013J,Withdrawn
1828,2743,BBB_2013J_1778145,1.1215261253028075e-07,1,1,B,1778145,BBB,2013J,Pass
1829,974,BBB_2014J_2688495,1.121471910892069e-07,1,1,B,2688495,BBB,2014J,Distinction
1830,2255,BBB_2013J_433280,1.119478483246894e-07,1,1,B,433280,BBB,2013J,Pass
1831,1996,BBB_2014J_308850,1.1180409842381778e-07,0,0,A,308850,BBB,2014J,Fail
1832,584,BBB_2014B_2591974,1.1170795488624208e-07,1,1,B,2591974,BBB,2014B,Distinction
1833,1999,BBB_2014J_1533277,1.1164913615857586e-07,1,1,B,1533277,BBB,2014J,Pass
1834,1425,BBB_2014J_499790,1.1141442968209958e-07,1,1,B,499790,BBB,2014J,Pass
1835,3296,BBB_2013B_545381,1.1078471828795955e-07,0,0,B,545381,BBB,2013B,Fail
1836,2258,BBB_2013J_2147929,1.107815421619307e-07,1,1,B,2147929,BBB,2013J,Pass
1837,3495,BBB_2013J_241338,1.1072868488781751e-07,0,0,B,241338,BBB,2013J,Fail
1838,2301,BBB_2013J_2587329,1.1067432836853186e-07,1,1,B,2587329,BBB,2013J,Pass
1839,661,BBB_2014B_392733,1.1053916182390822e-07,0,0,B,392733,BBB,2014B,Fail
1840,2165,BBB_2014B_623651,1.1047465164892856e-07,0,0,B,623651,BBB,2014B,Withdrawn
1841,2982,BBB_2014B_325308,1.1008608424845079e-07,1,1,B,325308,BBB,2014B,Distinction
1842,61,BBB_2014B_632752,1.1008608424845079e-07,1,1,B,632752,BBB,2014B,Pass
1843,2018,BBB_2013B_511050,1.0988614462803525e-07,1,1,A,511050,BBB,2013B,Pass
1844,3814,BBB_2013B_524171,1.0969375807690085e-07,0,0,B,524171,BBB,2013B,Fail
1845,3767,BBB_2014J_536767,1.0948268425181595e-07,0,0,B,536767,BBB,2014J,Fail
1846,3858,BBB_2014J_433939,1.0937750971606874e-07,0,0,B,433939,BBB,2014J,Fail
1847,321,BBB_2014J_601316,1.0918627424416627e-07,0,0,B,601316,BBB,2014J,Withdrawn
1848,83,BBB_2014J_26734,1.0916009784978087e-07,0,0,A,26734,BBB,2014J,Fail
1849,590,BBB_2014J_649444,1.0913135639611937e-07,0,0,B,649444,BBB,2014J,Withdrawn
1850,1629,BBB_2013J_2620432,1.0904398095590295e-07,0,0,B,2620432,BBB,2013J,Withdrawn
1851,2605,BBB_2014B_631082,1.0892328106137938e-07,0,0,B,631082,BBB,2014B,Withdrawn
1852,1766,BBB_2014B_485675,1.0892328106137938e-07,0,0,B,485675,BBB,2014B,Fail
1853,126,BBB_2014J_588991,1.0888194168501286e-07,0,0,A,588991,BBB,2014J,Fail
1854,3259,BBB_2013J_607607,1.08699083511965e-07,0,0,B,607607,BBB,2013J,Withdrawn
1855,1801,BBB_2013J_598462,1.0865957023042938e-07,1,1,B,598462,BBB,2013J,Pass
1856,1493,BBB_2014J_2115250,1.0848283693576377e-07,1,1,B,2115250,BBB,2014J,Distinction
1857,1479,BBB_2013J_578109,1.0826679641695591e-07,1,1,B,578109,BBB,2013J,Distinction
1858,1417,BBB_2013J_567979,1.0826679641695591e-07,1,1,B,567979,BBB,2013J,Pass
1859,2620,BBB_2013B_561437,1.0809776540554594e-07,1,1,B,561437,BBB,2013B,Pass
1860,1343,BBB_2014J_372602,1.0792643934109947e-07,1,1,B,372602,BBB,2014J,Distinction
1861,27,BBB_2014J_588062,1.0788261306515778e-07,0,0,B,588062,BBB,2014J,Withdrawn
1862,1214,BBB_2014J_425314,1.0788261306515778e-07,0,0,B,425314,BBB,2014J,Withdrawn
1863,2028,BBB_2014J_692544,1.0756188828509039e-07,1,1,B,692544,BBB,2014J,Pass
1864,1991,BBB_2014J_651605,1.0756188828509039e-07,1,1,A,651605,BBB,2014J,Pass
1865,2815,BBB_2014J_698204,1.0756188828509039e-07,1,1,B,698204,BBB,2014J,Pass
1866,3092,BBB_2014J_644793,1.0756188828509039e-07,1,1,B,644793,BBB,2014J,Distinction
1867,1998,BBB_2013J_584178,1.0747111645059704e-07,1,1,B,584178,BBB,2013J,Pass
1868,527,BBB_2013J_598709,1.0747111645059704e-07,1,1,B,598709,BBB,2013J,Pass
1869,1680,BBB_2013J_485762,1.0747111645059704e-07,1,1,B,485762,BBB,2013J,Pass
1870,2284,BBB_2013B_549078,1.0744309975052602e-07,0,0,B,549078,BBB,2013B,Fail
1871,3154,BBB_2013B_512070,1.0710071762787265e-07,0,0,B,512070,BBB,2013B,Fail
1872,2368,BBB_2014J_2603061,1.0703626429631186e-07,0,0,B,2603061,BBB,2014J,Withdrawn
1873,433,BBB_2014B_625751,1.0701415931180236e-07,0,0,B,625751,BBB,2014B,Withdrawn
1874,3190,BBB_2013J_612658,1.0683700679692265e-07,1,1,B,612658,BBB,2013J,Distinction
1875,3345,BBB_2014B_187601,1.0670547112567874e-07,1,1,B,187601,BBB,2014B,Pass
1876,900,BBB_2014J_290184,1.062474694890625e-07,1,1,B,290184,BBB,2014J,Pass
1877,1107,BBB_2013J_530841,1.0614397183417168e-07,1,1,B,530841,BBB,2013J,Pass
1878,1195,BBB_2014B_627185,1.0569871733423497e-07,1,1,B,627185,BBB,2014B,Pass
1879,3640,BBB_2014J_686633,1.0569321773346019e-07,0,0,A,686633,BBB,2014J,Withdrawn
1880,3553,BBB_2014B_630920,1.0558466101429076e-07,0,0,B,630920,BBB,2014B,Withdrawn
1881,3091,BBB_2014B_634928,1.0505273451144603e-07,1,1,B,634928,BBB,2014B,Pass
1882,2287,BBB_2013J_583832,1.0474530398596471e-07,0,0,B,583832,BBB,2013J,Withdrawn
1883,2866,BBB_2014J_656194,1.0319209309272992e-07,1,1,B,656194,BBB,2014J,Pass
1884,3054,BBB_2014J_653465,1.0255692473037925e-07,0,0,B,653465,BBB,2014J,Fail
1885,3429,BBB_2014B_634058,1.0239691761171343e-07,1,1,B,634058,BBB,2014B,Pass
1886,2891,BBB_2013J_597451,1.0235721248363916e-07,0,0,B,597451,BBB,2013J,Withdrawn
1887,3792,BBB_2014J_654923,1.0227053337530378e-07,0,0,B,654923,BBB,2014J,Withdrawn
1888,3292,BBB_2014J_677950,1.0227053337530378e-07,0,0,B,677950,BBB,2014J,Withdrawn
1889,825,BBB_2013J_467721,1.0220668400506838e-07,0,0,B,467721,BBB,2013J,Withdrawn
1890,455,BBB_2014B_467303,1.0214846923872756e-07,1,1,B,467303,BBB,2014B,Pass
1891,671,BBB_2013B_1776925,1.0212064438519519e-07,0,0,A,1776925,BBB,2013B,Fail
1892,1263,BBB_2013J_608026,1.0182378673562198e-07,0,0,B,608026,BBB,2013J,Withdrawn
1893,2567,BBB_2013J_570271,1.0168076158834083e-07,1,1,B,570271,BBB,2013J,Pass
1894,316,BBB_2014J_648589,1.0158018426409399e-07,0,0,B,648589,BBB,2014J,Withdrawn
1895,3063,BBB_2013B_550381,1.0111680381896804e-07,1,1,B,550381,BBB,2013B,Pass
1896,1442,BBB_2013J_500135,1.0078724699269515e-07,0,0,B,500135,BBB,2013J,Fail
1897,2780,BBB_2013B_284076,1.0055632770900047e-07,1,1,B,284076,BBB,2013B,Pass
1898,1504,BBB_2014J_698345,1.0055264709762923e-07,1,1,B,698345,BBB,2014J,Pass
1899,2458,BBB_2014J_612337,1.0037651065886166e-07,0,0,B,612337,BBB,2014J,Withdrawn
1900,3573,BBB_2013B_548307,1.0001288330840907e-07,0,0,B,548307,BBB,2013B,Fail
1901,418,BBB_2013B_493773,1.0001288330840907e-07,0,0,A,493773,BBB,2013B,Fail
1902,932,BBB_2013B_537259,1.0001288330840907e-07,0,0,A,537259,BBB,2013B,Fail
1903,1591,BBB_2013B_133748,9.962079872138929e-08,0,0,B,133748,BBB,2013B,Fail
1904,1909,BBB_2014J_684467,9.889674146279503e-08,0,0,B,684467,BBB,2014J,Fail
1905,737,BBB_2014J_687978,9.889674146279503e-08,0,0,B,687978,BBB,2014J,Withdrawn
1906,242,BBB_2014J_648127,9.86906840694246e-08,0,0,B,648127,BBB,2014J,Withdrawn
1907,548,BBB_2014J_652558,9.860947614015458e-08,0,0,B,652558,BBB,2014J,Withdrawn
1908,3944,BBB_2014J_597539,9.860947614015458e-08,0,0,B,597539,BBB,2014J,Fail
1909,2065,BBB_2014B_626126,9.856763938387303e-08,1,1,B,626126,BBB,2014B,Pass
1910,1690,BBB_2013B_484161,9.844792714375217e-08,0,0,B,484161,BBB,2013B,Fail
1911,469,BBB_2014B_200506,9.802081990528677e-08,0,0,B,200506,BBB,2014B,Withdrawn
1912,354,BBB_2013B_2301111,9.793525634904654e-08,0,0,B,2301111,BBB,2013B,Withdrawn
1913,1524,BBB_2013J_581657,9.789734889409374e-08,1,1,B,581657,BBB,2013J,Pass
1914,3737,BBB_2014B_625879,9.78606706780738e-08,0,0,B,625879,BBB,2014B,Fail
1915,2316,BBB_2013B_537320,9.778689502581983e-08,0,0,B,537320,BBB,2013B,Withdrawn
1916,3643,BBB_2014J_687769,9.778256782055905e-08,1,1,B,687769,BBB,2014J,Pass
1917,1992,BBB_2013J_586836,9.775637721531893e-08,0,0,B,586836,BBB,2013J,Fail
1918,2921,BBB_2014J_693643,9.77009122493655e-08,0,0,B,693643,BBB,2014J,Withdrawn
1919,1440,BBB_2014J_693744,9.77009122493655e-08,0,0,B,693744,BBB,2014J,Withdrawn
1920,2264,BBB_2014J_607603,9.769308206841743e-08,1,1,B,607603,BBB,2014J,Pass
1921,850,BBB_2014J_2251500,9.738666761904824e-08,0,0,A,2251500,BBB,2014J,Fail
1922,3908,BBB_2013B_465599,9.738432993344759e-08,1,1,B,465599,BBB,2013B,Pass
1923,464,BBB_2014B_620092,9.716950444271788e-08,1,1,B,620092,BBB,2014B,Distinction
1924,2378,BBB_2014J_527742,9.694117153458137e-08,0,0,B,527742,BBB,2014J,Fail
1925,3924,BBB_2014J_645420,9.694117153458137e-08,0,0,B,645420,BBB,2014J,Fail
1926,3410,BBB_2014B_630333,9.686554136578707e-08,1,1,B,630333,BBB,2014B,Pass
1927,915,BBB_2014J_191459,9.685128787850772e-08,0,0,B,191459,BBB,2014J,Fail
1928,2080,BBB_2013B_557827,9.650705123931402e-08,0,0,B,557827,BBB,2013B,Fail
1929,926,BBB_2013J_609811,9.643005682846706e-08,1,1,B,609811,BBB,2013J,Distinction
1930,3832,BBB_2014B_626442,9.584960736219728e-08,0,0,B,626442,BBB,2014B,Fail
1931,519,BBB_2014B_235380,9.584960736219728e-08,0,0,B,235380,BBB,2014B,Fail
1932,3132,BBB_2014B_617296,9.584960736219728e-08,0,0,B,617296,BBB,2014B,Fail
1933,842,BBB_2014B_629424,9.561509273225965e-08,0,0,B,629424,BBB,2014B,Withdrawn
1934,1412,BBB_2013B_2308528,9.544371692982168e-08,1,1,A,2308528,BBB,2013B,Pass
1935,1114,BBB_2014B_271467,9.541021483983059e-08,0,0,B,271467,BBB,2014B,Fail
1936,2662,BBB_2014J_385405,9.508477205599775e-08,1,1,A,385405,BBB,2014J,Pass
1937,3657,BBB_2013B_559173,9.491101593539497e-08,0,0,B,559173,BBB,2013B,Fail
1938,2676,BBB_2014J_686530,9.488846330896195e-08,0,0,B,686530,BBB,2014J,Withdrawn
1939,362,BBB_2013J_342685,9.486085872367767e-08,1,1,B,342685,BBB,2013J,Pass
1940,3098,BBB_2013J_615127,9.483566998369497e-08,1,1,B,615127,BBB,2013J,Distinction
1941,315,BBB_2014B_1864697,9.471433770613658e-08,1,1,B,1864697,BBB,2014B,Distinction
1942,3279,BBB_2013B_427536,9.459867555960955e-08,1,1,B,427536,BBB,2013B,Pass
1943,3531,BBB_2014B_634932,9.458430838549248e-08,0,0,B,634932,BBB,2014B,Fail
1944,851,BBB_2013J_572898,9.44850953032983e-08,1,1,B,572898,BBB,2013J,Distinction
1945,899,BBB_2014B_630608,9.444245563372533e-08,1,1,B,630608,BBB,2014B,Pass
1946,1784,BBB_2013B_539962,9.427939318129575e-08,0,0,B,539962,BBB,2013B,Fail
1947,3123,BBB_2013J_2662716,9.37912432164012e-08,0,0,B,2662716,BBB,2013J,Fail
1948,3333,BBB_2014B_628751,9.356661934134536e-08,1,1,B,628751,BBB,2014B,Pass
1949,1216,BBB_2013J_490894,9.340461559759206e-08,0,0,B,490894,BBB,2013J,Fail
1950,914,BBB_2013B_541794,9.340131157387077e-08,1,1,B,541794,BBB,2013B,Pass
1951,1295,BBB_2013B_550209,9.340131157387077e-08,1,1,B,550209,BBB,2013B,Pass
1952,605,BBB_2014B_630586,9.328749683845672e-08,0,0,B,630586,BBB,2014B,Fail
1953,2626,BBB_2013J_591589,9.325589900299747e-08,1,1,B,591589,BBB,2013J,Pass
1954,541,BBB_2014J_385341,9.285066937536612e-08,0,0,B,385341,BBB,2014J,Fail
1955,3890,BBB_2013B_2608235,9.249073684713949e-08,1,1,B,2608235,BBB,2013B,Pass
1956,3794,BBB_2014J_594282,9.22164815619908e-08,1,1,B,594282,BBB,2014J,Distinction
1957,3817,BBB_2014B_340831,9.196250516652071e-08,1,1,A,340831,BBB,2014B,Pass
1958,3909,BBB_2013B_532839,9.190811312009828e-08,0,0,B,532839,BBB,2013B,Withdrawn
1959,2638,BBB_2013B_262741,9.177765747381272e-08,1,1,B,262741,BBB,2013B,Pass
1960,3131,BBB_2013B_483064,9.177765747381272e-08,1,1,B,483064,BBB,2013B,Pass
1961,245,BBB_2014J_652130,9.160824276932544e-08,0,0,B,652130,BBB,2014J,Withdrawn
1962,2202,BBB_2013B_558247,9.159925440371808e-08,0,0,B,558247,BBB,2013B,Fail
1963,345,BBB_2014B_624972,9.107488097015448e-08,1,1,B,624972,BBB,2014B,Pass
1964,1514,BBB_2014J_368521,9.088325469974734e-08,1,1,B,368521,BBB,2014J,Pass
1965,716,BBB_2013J_609679,9.067167638932006e-08,1,1,B,609679,BBB,2013J,Pass
1966,3315,BBB_2013J_2564744,9.067167638932006e-08,1,1,B,2564744,BBB,2013J,Pass
1967,2473,BBB_2014J_694222,9.057563943315472e-08,0,0,B,694222,BBB,2014J,Withdrawn
1968,2167,BBB_2014J_679439,9.057563943315472e-08,0,0,B,679439,BBB,2014J,Fail
1969,1922,BBB_2014J_2045569,9.053628957644833e-08,0,0,B,2045569,BBB,2014J,Withdrawn
1970,144,BBB_2013B_552039,9.049948346273595e-08,1,1,B,552039,BBB,2013B,Distinction
1971,3534,BBB_2013J_609764,8.982382837530167e-08,0,0,A,609764,BBB,2013J,Fail
1972,2745,BBB_2013J_2239140,8.963910858028612e-08,0,0,B,2239140,BBB,2013J,Fail
1973,1607,BBB_2013B_492182,8.939293394405468e-08,1,1,B,492182,BBB,2013B,Pass
1974,3595,BBB_2014B_608110,8.909005799750958e-08,1,1,B,608110,BBB,2014B,Pass
1975,3199,BBB_2014B_630876,8.866251022254801e-08,1,1,B,630876,BBB,2014B,Pass
1976,2812,BBB_2014J_690003,8.845314170002894e-08,1,1,A,690003,BBB,2014J,Pass
1977,2572,BBB_2014J_693230,8.845314170002894e-08,1,1,B,693230,BBB,2014J,Pass
1978,3379,BBB_2013B_550163,8.816022045721184e-08,0,0,B,550163,BBB,2013B,Fail
1979,3681,BBB_2013J_546941,8.805061213479348e-08,1,1,B,546941,BBB,2013J,Distinction
1980,3854,BBB_2014J_686596,8.781275084857043e-08,0,0,B,686596,BBB,2014J,Fail
1981,1804,BBB_2013B_355369,8.752380153964623e-08,0,0,B,355369,BBB,2013B,Withdrawn
1982,2782,BBB_2014B_613874,8.752197544481533e-08,1,1,B,613874,BBB,2014B,Pass
1983,2412,BBB_2014J_654005,8.71990764039765e-08,1,1,B,654005,BBB,2014J,Pass
1984,2817,BBB_2013J_438068,8.703774057039482e-08,1,1,B,438068,BBB,2013J,Distinction
1985,2346,BBB_2014B_439710,8.685076124947955e-08,1,1,B,439710,BBB,2014B,Distinction
1986,1755,BBB_2014B_558595,8.647796789773565e-08,1,1,B,558595,BBB,2014B,Pass
1987,155,BBB_2013B_545927,8.622041747230469e-08,0,0,A,545927,BBB,2013B,Withdrawn
1988,2748,BBB_2014B_532274,8.615453594984501e-08,0,0,B,532274,BBB,2014B,Fail
1989,38,BBB_2014B_2653570,8.593331557449346e-08,0,0,B,2653570,BBB,2014B,Fail
1990,3547,BBB_2014B_629891,8.539763030057657e-08,1,1,B,629891,BBB,2014B,Distinction
1991,2283,BBB_2014J_649189,8.498148673652395e-08,1,1,B,649189,BBB,2014J,Distinction
1992,3710,BBB_2013B_477011,8.489771374797783e-08,1,1,B,477011,BBB,2013B,Pass
1993,3440,BBB_2013B_476596,8.487505454013444e-08,1,1,B,476596,BBB,2013B,Pass
1994,3212,BBB_2014B_617959,8.459148403971994e-08,0,0,B,617959,BBB,2014B,Fail
1995,1208,BBB_2013B_544627,8.458670208710828e-08,0,0,B,544627,BBB,2013B,Withdrawn
1996,989,BBB_2014B_123270,8.455356237391243e-08,0,0,B,123270,BBB,2014B,Fail
1997,2146,BBB_2014B_616809,8.455356237391243e-08,0,0,B,616809,BBB,2014B,Withdrawn
1998,3188,BBB_2013B_555838,8.445872623497053e-08,1,1,B,555838,BBB,2013B,Pass
1999,1522,BBB_2014J_573130,8.438750143113793e-08,1,1,B,573130,BBB,2014J,Pass
2000,3507,BBB_2013J_574348,8.432288467474791e-08,1,1,B,574348,BBB,2013J,Pass
2001,1986,BBB_2014B_629886,8.424677844232065e-08,1,1,B,629886,BBB,2014B,Pass
2002,3916,BBB_2013B_558769,8.397184814157299e-08,0,0,B,558769,BBB,2013B,Fail
2003,2973,BBB_2013J_69843,8.389093864025199e-08,0,0,B,69843,BBB,2013J,Withdrawn
2004,859,BBB_2013J_602032,8.328952105784992e-08,0,0,B,602032,BBB,2013J,Fail
2005,2037,BBB_2013J_591978,8.328952105784992e-08,0,0,A,591978,BBB,2013J,Fail
2006,2066,BBB_2013J_574146,8.328952105784992e-08,0,0,B,574146,BBB,2013J,Withdrawn
2007,408,BBB_2013J_596641,8.287138086870982e-08,0,0,B,596641,BBB,2013J,Withdrawn
2008,3861,BBB_2013J_1781804,8.287138086870982e-08,0,0,B,1781804,BBB,2013J,Fail
2009,3285,BBB_2014B_610239,8.250630401107628e-08,0,0,B,610239,BBB,2014B,Fail
2010,1341,BBB_2013B_508452,8.174748700184864e-08,1,1,B,508452,BBB,2013B,Pass
2011,1212,BBB_2013B_552914,8.159907594063043e-08,0,0,B,552914,BBB,2013B,Fail
2012,3703,BBB_2013B_551724,8.159907594063043e-08,0,0,B,551724,BBB,2013B,Withdrawn
2013,2910,BBB_2013B_542172,8.159907594063043e-08,0,0,B,542172,BBB,2013B,Withdrawn
2014,1441,BBB_2013B_541764,8.130218986934779e-08,1,1,B,541764,BBB,2013B,Pass
2015,2061,BBB_2013J_574998,8.125421402382926e-08,0,0,B,574998,BBB,2013J,Withdrawn
2016,3674,BBB_2013B_557729,8.105572391059468e-08,0,0,B,557729,BBB,2013B,Withdrawn
2017,3521,BBB_2013B_2273828,8.105572391059468e-08,0,0,B,2273828,BBB,2013B,Withdrawn
2018,2436,BBB_2014J_695070,8.09903966114689e-08,1,1,B,695070,BBB,2014J,Pass
2019,3270,BBB_2014J_275180,8.056369438236288e-08,1,1,B,275180,BBB,2014J,Pass
2020,3010,BBB_2014B_632605,8.042589882961693e-08,0,0,B,632605,BBB,2014B,Withdrawn
2021,984,BBB_2013J_397590,7.997445550245175e-08,0,0,B,397590,BBB,2013J,Fail
2022,1604,BBB_2014B_517679,7.983911132214416e-08,1,1,B,517679,BBB,2014B,Distinction
2023,2516,BBB_2014J_645510,7.96430299487838e-08,0,0,B,645510,BBB,2014J,Withdrawn
2024,2523,BBB_2014J_687369,7.96430299487838e-08,0,0,B,687369,BBB,2014J,Withdrawn
2025,2792,BBB_2013J_479853,7.94962105032937e-08,1,1,B,479853,BBB,2013J,Distinction
2026,1968,BBB_2013J_56340,7.942903579305494e-08,0,0,B,56340,BBB,2013J,Fail
2027,2422,BBB_2014B_554766,7.923988221136824e-08,0,0,B,554766,BBB,2014B,Withdrawn
2028,3478,BBB_2013B_2327072,7.894638542893517e-08,1,1,B,2327072,BBB,2013B,Pass
2029,572,BBB_2014J_444361,7.858972139729303e-08,1,1,B,444361,BBB,2014J,Distinction
2030,2606,BBB_2014B_1332999,7.829702752815138e-08,1,1,B,1332999,BBB,2014B,Distinction
2031,3747,BBB_2013B_472586,7.827780024172171e-08,1,1,B,472586,BBB,2013B,Pass
2032,1338,BBB_2013J_524496,7.79017739205301e-08,0,0,B,524496,BBB,2013J,Fail
2033,1470,BBB_2013B_374234,7.788864309077326e-08,1,1,B,374234,BBB,2013B,Pass
2034,1167,BBB_2014J_692908,7.785252620351457e-08,1,1,B,692908,BBB,2014J,Pass
2035,816,BBB_2014B_627256,7.780727884210137e-08,0,0,B,627256,BBB,2014B,Withdrawn
2036,854,BBB_2014B_625919,7.731760121032494e-08,1,1,B,625919,BBB,2014B,Distinction
2037,1692,BBB_2013B_548617,7.698105264353217e-08,1,1,B,548617,BBB,2013B,Distinction
2038,3449,BBB_2014B_1625718,7.666006496265254e-08,1,1,B,1625718,BBB,2014B,Distinction
2039,2394,BBB_2013J_577099,7.661279965986978e-08,1,1,B,577099,BBB,2013J,Pass
2040,3749,BBB_2014B_2266377,7.647887656503372e-08,0,0,B,2266377,BBB,2014B,Fail
2041,3373,BBB_2014B_549892,7.647887656503372e-08,0,0,B,549892,BBB,2014B,Withdrawn
2042,1062,BBB_2013J_552883,7.646911370784437e-08,0,0,B,552883,BBB,2013J,Fail
2043,2158,BBB_2014J_651863,7.63740217735176e-08,1,1,B,651863,BBB,2014J,Pass
2044,1809,BBB_2014J_192944,7.606061558362853e-08,1,1,B,192944,BBB,2014J,Pass
2045,1395,BBB_2014J_252863,7.606061558362853e-08,1,1,A,252863,BBB,2014J,Pass
2046,3265,BBB_2014B_535077,7.593811091055613e-08,1,1,B,535077,BBB,2014B,Pass
2047,3288,BBB_2014J_579486,7.577470029218603e-08,0,0,A,579486,BBB,2014J,Fail
2048,3087,BBB_2013J_575421,7.577042993034411e-08,0,0,B,575421,BBB,2013J,Withdrawn
2049,1068,BBB_2013J_379210,7.577042993034411e-08,0,0,A,379210,BBB,2013J,Fail
2050,2253,BBB_2013B_388410,7.5743265881556e-08,0,0,B,388410,BBB,2013B,Fail
2051,1990,BBB_2014J_626660,7.56363291998241e-08,0,0,B,626660,BBB,2014J,Withdrawn
2052,2324,BBB_2013B_498296,7.557411407788095e-08,1,1,B,498296,BBB,2013B,Pass
2053,3295,BBB_2014B_625724,7.518615063872858e-08,1,1,A,625724,BBB,2014B,Pass
2054,3247,BBB_2014J_676093,7.516606359558864e-08,0,0,B,676093,BBB,2014J,Withdrawn
2055,3129,BBB_2013B_133531,7.490223197237356e-08,0,0,B,133531,BBB,2013B,Fail
2056,1683,BBB_2013J_593513,7.439819427190741e-08,1,1,A,593513,BBB,2013J,Pass
2057,3282,BBB_2014B_627680,7.432733895029742e-08,0,0,B,627680,BBB,2014B,Withdrawn
2058,2084,BBB_2014J_686725,7.418589831331701e-08,1,1,B,686725,BBB,2014J,Pass
2059,1848,BBB_2013J_571871,7.418265113301459e-08,1,1,B,571871,BBB,2013J,Pass
2060,2974,BBB_2013B_560160,7.406131175002884e-08,0,0,B,560160,BBB,2013B,Fail
2061,1736,BBB_2013B_554203,7.303125215685213e-08,0,0,B,554203,BBB,2013B,Withdrawn
2062,2420,BBB_2014J_637586,7.294289616766036e-08,1,1,B,637586,BBB,2014J,Distinction
2063,1681,BBB_2014J_646579,7.294289616766036e-08,1,1,B,646579,BBB,2014J,Pass
2064,2024,BBB_2013J_536852,7.273129654095101e-08,0,0,B,536852,BBB,2013J,Fail
2065,2819,BBB_2013J_600006,7.273129654095101e-08,0,0,B,600006,BBB,2013J,Withdrawn
2066,679,BBB_2013J_526088,7.273129654095101e-08,0,0,B,526088,BBB,2013J,Fail
2067,3148,BBB_2013B_405746,7.268869239851483e-08,0,0,B,405746,BBB,2013B,Withdrawn
2068,2558,BBB_2014B_629462,7.23443775996202e-08,0,0,B,629462,BBB,2014B,Withdrawn
2069,1712,BBB_2013J_573411,7.200903695547822e-08,1,1,B,573411,BBB,2013J,Pass
2070,817,BBB_2013J_596961,7.200296892051483e-08,0,0,B,596961,BBB,2013J,Fail
2071,1969,BBB_2014J_680878,7.145798264218683e-08,0,0,A,680878,BBB,2014J,Withdrawn
2072,528,BBB_2014J_653097,7.145798264218683e-08,0,0,B,653097,BBB,2014J,Withdrawn
2073,2269,BBB_2014J_655296,7.119024303392507e-08,1,1,B,655296,BBB,2014J,Pass
2074,447,BBB_2014J_648119,7.116111078175891e-08,0,0,B,648119,BBB,2014J,Fail
2075,458,BBB_2014J_582460,7.102389076862892e-08,1,1,B,582460,BBB,2014J,Pass
2076,135,BBB_2013B_476201,7.062108409172652e-08,1,1,A,476201,BBB,2013B,Distinction
2077,3382,BBB_2013J_577914,6.978181232852876e-08,1,1,B,577914,BBB,2013J,Distinction
2078,1247,BBB_2013J_1797168,6.963683318872427e-08,1,1,B,1797168,BBB,2013J,Pass
2079,3325,BBB_2014J_228235,6.957848341926365e-08,0,0,B,228235,BBB,2014J,Withdrawn
2080,2431,BBB_2013J_339494,6.948670971951287e-08,1,1,A,339494,BBB,2013J,Pass
2081,12,BBB_2013B_545780,6.93345043600857e-08,0,0,A,545780,BBB,2013B,Fail
2082,3085,BBB_2013J_592889,6.890789450153534e-08,0,0,B,592889,BBB,2013J,Withdrawn
2083,2078,BBB_2014J_696844,6.861939993996202e-08,1,1,B,696844,BBB,2014J,Pass
2084,2355,BBB_2013B_556990,6.860803125618986e-08,1,1,B,556990,BBB,2013B,Pass
2085,3120,BBB_2014J_692897,6.831258048123345e-08,0,0,B,692897,BBB,2014J,Withdrawn
2086,2247,BBB_2014B_605474,6.823991327564727e-08,0,0,B,605474,BBB,2014B,Fail
2087,2865,BBB_2014J_676176,6.78496689943131e-08,1,1,B,676176,BBB,2014J,Pass
2088,1467,BBB_2014B_620283,6.757517923006162e-08,0,0,B,620283,BBB,2014B,Fail
2089,2971,BBB_2014B_579720,6.752002690291192e-08,0,0,B,579720,BBB,2014B,Fail
2090,3679,BBB_2014B_633228,6.752002690291192e-08,0,0,B,633228,BBB,2014B,Fail
2091,3457,BBB_2014B_611979,6.752002690291192e-08,0,0,A,611979,BBB,2014B,Withdrawn
2092,3327,BBB_2014B_621731,6.752002690291192e-08,0,0,B,621731,BBB,2014B,Withdrawn
2093,3424,BBB_2013J_338878,6.733210966558545e-08,0,0,B,338878,BBB,2013J,Withdrawn
2094,341,BBB_2013J_610748,6.715120548506093e-08,0,0,B,610748,BBB,2013J,Withdrawn
2095,3950,BBB_2013B_1904710,6.705514010718616e-08,0,0,B,1904710,BBB,2013B,Withdrawn
2096,2,BBB_2014B_2597543,6.66928485770768e-08,1,1,B,2597543,BBB,2014B,Pass
2097,845,BBB_2013J_2514379,6.646562411560808e-08,0,0,B,2514379,BBB,2013J,Fail
2098,232,BBB_2013J_606736,6.646562411560808e-08,0,0,B,606736,BBB,2013J,Withdrawn
2099,2508,BBB_2013B_551762,6.644176409054126e-08,0,0,B,551762,BBB,2013B,Withdrawn
2100,2053,BBB_2013J_595436,6.643529104621848e-08,1,1,B,595436,BBB,2013J,Pass
2101,290,BBB_2013B_417462,6.642152072799945e-08,0,0,B,417462,BBB,2013B,Fail
2102,4,BBB_2013J_584325,6.633354843188499e-08,0,0,B,584325,BBB,2013J,Withdrawn
2103,1733,BBB_2014B_614601,6.614808256699689e-08,1,1,A,614601,BBB,2014B,Pass
2104,3210,BBB_2014J_699493,6.607155711435553e-08,0,0,B,699493,BBB,2014J,Withdrawn
2105,96,BBB_2014B_619161,6.589591095007563e-08,0,0,B,619161,BBB,2014B,Fail
2106,665,BBB_2014B_623914,6.573845467983119e-08,0,0,B,623914,BBB,2014B,Withdrawn
2107,2067,BBB_2013B_2474493,6.562485310723787e-08,1,1,B,2474493,BBB,2013B,Pass
2108,412,BBB_2014B_634944,6.551670850285518e-08,1,1,B,634944,BBB,2014B,Pass
2109,494,BBB_2014B_1829654,6.510242656077025e-08,0,0,B,1829654,BBB,2014B,Fail
2110,546,BBB_2013J_593613,6.497882765188479e-08,0,0,B,593613,BBB,2013J,Fail
2111,2463,BBB_2014J_584283,6.465022295287781e-08,0,0,B,584283,BBB,2014J,Withdrawn
2112,2470,BBB_2014B_627647,6.420900433568022e-08,1,1,B,627647,BBB,2014B,Pass
2113,3300,BBB_2013J_571907,6.387430318000042e-08,1,1,B,571907,BBB,2013J,Pass
2114,1144,BBB_2013J_577239,6.374993688496033e-08,0,0,B,577239,BBB,2013J,Withdrawn
2115,2849,BBB_2014J_520972,6.364331284203217e-08,1,1,B,520972,BBB,2014J,Pass
2116,1748,BBB_2014J_523132,6.359324089544316e-08,1,1,B,523132,BBB,2014J,Pass
2117,2440,BBB_2013J_55026,6.351486092626146e-08,1,1,B,55026,BBB,2013J,Pass
2118,3928,BBB_2014J_655230,6.339914193631557e-08,0,0,B,655230,BBB,2014J,Withdrawn
2119,781,BBB_2014J_592090,6.339914193631557e-08,0,0,B,592090,BBB,2014J,Withdrawn
2120,670,BBB_2013B_482945,6.324521706346786e-08,0,0,A,482945,BBB,2013B,Withdrawn
2121,3411,BBB_2013B_551053,6.324521706346786e-08,0,0,B,551053,BBB,2013B,Withdrawn
2122,1104,BBB_2014B_591743,6.320023970829425e-08,0,0,B,591743,BBB,2014B,Fail
2123,3256,BBB_2014J_646618,6.317892342622144e-08,1,1,B,646618,BBB,2014J,Distinction
2124,968,BBB_2014J_683275,6.317892342622144e-08,1,1,B,683275,BBB,2014J,Pass
2125,454,BBB_2014J_645996,6.292079746117452e-08,0,0,A,645996,BBB,2014J,Withdrawn
2126,2551,BBB_2014J_674922,6.275848107861748e-08,1,1,B,674922,BBB,2014J,Pass
2127,603,BBB_2013J_583645,6.252318485167052e-08,1,1,B,583645,BBB,2013J,Pass
2128,3892,BBB_2014J_649638,6.223439186214819e-08,0,0,B,649638,BBB,2014J,Withdrawn
2129,3246,BBB_2014J_537194,6.215309156232252e-08,1,1,B,537194,BBB,2014J,Pass
2130,1186,BBB_2014J_632281,6.215309156232252e-08,1,1,B,632281,BBB,2014J,Pass
2131,392,BBB_2013J_578598,6.207727665241691e-08,0,0,B,578598,BBB,2013J,Withdrawn
2132,1050,BBB_2013J_365169,6.180314926496067e-08,1,1,B,365169,BBB,2013J,Pass
2133,3286,BBB_2014J_648928,6.179639200354359e-08,0,0,B,648928,BBB,2014J,Withdrawn
2134,2491,BBB_2013B_559808,6.171771360641287e-08,0,0,B,559808,BBB,2013B,Fail
2135,2099,BBB_2014J_677873,6.140905384199868e-08,1,1,B,677873,BBB,2014J,Pass
2136,2592,BBB_2013J_2550290,6.124943752183754e-08,0,0,B,2550290,BBB,2013J,Fail
2137,3317,BBB_2013J_563769,6.069193148050545e-08,0,0,B,563769,BBB,2013J,Fail
2138,1633,BBB_2014J_678688,5.966265348433808e-08,1,1,B,678688,BBB,2014J,Pass
2139,171,BBB_2014J_591159,5.9352299075499104e-08,0,0,A,591159,BBB,2014J,Withdrawn
2140,713,BBB_2013J_514043,5.878811748516455e-08,1,1,B,514043,BBB,2013J,Pass
2141,616,BBB_2013J_592290,5.878005993054103e-08,1,1,B,592290,BBB,2013J,Pass
2142,3862,BBB_2014J_411150,5.876752240396854e-08,0,0,B,411150,BBB,2014J,Withdrawn
2143,805,BBB_2014B_447292,5.8640566180656606e-08,0,0,B,447292,BBB,2014B,Fail
2144,2763,BBB_2013B_385034,5.859574159217118e-08,0,0,B,385034,BBB,2013B,Withdrawn
2145,1390,BBB_2014J_674784,5.853665641097905e-08,1,1,B,674784,BBB,2014J,Pass
2146,3562,BBB_2014B_611649,5.8433652583289586e-08,0,0,B,611649,BBB,2014B,Withdrawn
2147,2105,BBB_2014B_632712,5.843001815719617e-08,0,0,B,632712,BBB,2014B,Fail
2148,1119,BBB_2013J_165823,5.837266314756562e-08,0,0,B,165823,BBB,2013J,Withdrawn
2149,322,BBB_2014B_392604,5.790996837617968e-08,1,1,B,392604,BBB,2014B,Pass
2150,921,BBB_2014B_2372088,5.7775213946342774e-08,0,0,B,2372088,BBB,2014B,Withdrawn
2151,1603,BBB_2014J_680471,5.7695267230428726e-08,0,0,B,680471,BBB,2014J,Fail
2152,1176,BBB_2013J_495509,5.746274922557859e-08,1,1,B,495509,BBB,2013J,Pass
2153,2544,BBB_2013B_551504,5.706269590177726e-08,0,0,A,551504,BBB,2013B,Fail
2154,3678,BBB_2013B_548981,5.706269590177726e-08,0,0,B,548981,BBB,2013B,Fail
2155,2054,BBB_2013B_552069,5.706269590177726e-08,0,0,B,552069,BBB,2013B,Withdrawn
2156,1796,BBB_2014B_626917,5.7050893786936285e-08,0,0,B,626917,BBB,2014B,Fail
2157,3143,BBB_2013J_574053,5.702013439190523e-08,0,0,A,574053,BBB,2013J,Withdrawn
2158,160,BBB_2013B_34694,5.689130588848457e-08,0,0,A,34694,BBB,2013B,Withdrawn
2159,1360,BBB_2013J_549745,5.574530703711389e-08,0,0,B,549745,BBB,2013J,Withdrawn
2160,3227,BBB_2013J_599739,5.556213977797597e-08,1,1,B,599739,BBB,2013J,Pass
2161,601,BBB_2014B_614629,5.5323166492371456e-08,1,1,A,614629,BBB,2014B,Distinction
2162,3603,BBB_2013J_606420,5.5283599920130655e-08,1,1,B,606420,BBB,2013J,Pass
2163,403,BBB_2013J_606412,5.5283599920130655e-08,1,1,B,606412,BBB,2013J,Pass
2164,1779,BBB_2014B_610802,5.511508049949043e-08,0,0,B,610802,BBB,2014B,Fail
2165,1519,BBB_2014J_2049740,5.488187682090029e-08,0,0,B,2049740,BBB,2014J,Fail
2166,820,BBB_2014B_391556,5.469873443075812e-08,0,0,B,391556,BBB,2014B,Fail
2167,2684,BBB_2013B_555667,5.4386575243370316e-08,1,1,B,555667,BBB,2013B,Distinction
2168,937,BBB_2013B_556349,5.4322246256788276e-08,1,1,B,556349,BBB,2013B,Pass
2169,1118,BBB_2013J_497632,5.421451021447865e-08,1,1,B,497632,BBB,2013J,Pass
2170,1369,BBB_2014B_620389,5.387288481983887e-08,0,0,B,620389,BBB,2014B,Withdrawn
2171,3201,BBB_2013J_565513,5.384128698437962e-08,1,1,B,565513,BBB,2013J,Distinction
2172,3921,BBB_2014J_652522,5.35099751175494e-08,0,0,B,652522,BBB,2014J,Fail
2173,152,BBB_2014J_646482,5.346531750660688e-08,1,1,B,646482,BBB,2014J,Pass
2174,1022,BBB_2014B_620230,5.3425669221951466e-08,0,0,B,620230,BBB,2014B,Withdrawn
2175,3515,BBB_2014J_647056,5.3303679692362493e-08,1,1,A,647056,BBB,2014J,Pass
2176,3057,BBB_2013J_600370,5.319818541238419e-08,1,1,B,600370,BBB,2013J,Pass
2177,1011,BBB_2013J_517075,5.3078576200960015e-08,0,0,B,517075,BBB,2013J,Withdrawn
2178,2335,BBB_2013J_609010,5.307165551471371e-08,1,1,B,609010,BBB,2013J,Pass
2179,1834,BBB_2013J_2455578,5.255011359395212e-08,1,1,B,2455578,BBB,2013J,Pass
2180,1659,BBB_2013J_2210681,5.2273875894570665e-08,0,0,B,2210681,BBB,2013J,Withdrawn
2181,344,BBB_2014J_588944,5.226378618772287e-08,1,1,A,588944,BBB,2014J,Pass
2182,1016,BBB_2014J_648951,5.1835954195667e-08,0,0,B,648951,BBB,2014J,Fail
2183,3733,BBB_2014J_646691,5.175260753276234e-08,0,0,B,646691,BBB,2014J,Fail
2184,927,BBB_2014J_636807,5.175260753276234e-08,0,0,B,636807,BBB,2014J,Withdrawn
2185,2705,BBB_2013J_603601,5.1657575994568106e-08,1,1,B,603601,BBB,2013J,Pass
2186,2428,BBB_2013B_536270,5.164776695210094e-08,0,0,B,536270,BBB,2013B,Withdrawn
2187,2578,BBB_2013B_535145,5.164776695210094e-08,0,0,B,535145,BBB,2013B,Fail
2188,1447,BBB_2014J_342192,5.143984438404914e-08,1,1,B,342192,BBB,2014J,Pass
2189,2119,BBB_2014B_381909,5.126377899955514e-08,1,1,B,381909,BBB,2014B,Distinction
2190,333,BBB_2013B_446856,5.121363599869255e-08,0,0,B,446856,BBB,2013B,Fail
2191,1117,BBB_2014J_695256,5.109658474111711e-08,1,1,B,695256,BBB,2014J,Pass
2192,772,BBB_2014J_695014,5.109658474111711e-08,1,1,B,695014,BBB,2014J,Pass
2193,3898,BBB_2013B_414958,5.087320786856253e-08,1,1,B,414958,BBB,2013B,Pass
2194,3226,BBB_2013B_550867,5.0301178333711505e-08,0,0,B,550867,BBB,2013B,Withdrawn
2195,1976,BBB_2013B_442143,5.0258496031574396e-08,0,0,B,442143,BBB,2013B,Withdrawn
2196,1139,BBB_2013B_540513,5.0147900054753336e-08,1,1,B,540513,BBB,2013B,Pass
2197,3207,BBB_2013J_533091,5.002805991694004e-08,1,1,A,533091,BBB,2013J,Distinction
2198,623,BBB_2014J_692355,5.0012872065963165e-08,1,1,B,692355,BBB,2014J,Pass
2199,1726,BBB_2014J_691997,5.0010623198204485e-08,0,0,B,691997,BBB,2014J,Fail
2200,350,BBB_2013J_543418,4.9817483471770174e-08,0,0,B,543418,BBB,2013J,Withdrawn
2201,460,BBB_2013B_539418,4.968868694277262e-08,1,1,B,539418,BBB,2013B,Distinction
2202,3720,BBB_2013B_470318,4.949263399112169e-08,1,1,B,470318,BBB,2013B,Pass
2203,1091,BBB_2014B_631086,4.923691676594899e-08,0,0,B,631086,BBB,2014B,Fail
2204,1115,BBB_2014J_696716,4.9077289787646805e-08,0,0,A,696716,BBB,2014J,Withdrawn
2205,1878,BBB_2014B_553808,4.897864513964123e-08,1,1,A,553808,BBB,2014B,Pass
2206,3741,BBB_2014J_679218,4.875429127082498e-08,1,1,A,679218,BBB,2014J,Pass
2207,1887,BBB_2013J_587824,4.858052093936749e-08,0,0,B,587824,BBB,2013J,Fail
2208,1040,BBB_2014J_685702,4.8483951076150333e-08,1,1,B,685702,BBB,2014J,Pass
2209,2295,BBB_2013B_561458,4.792239494122441e-08,1,1,B,561458,BBB,2013B,Pass
2210,797,BBB_2014J_499819,4.774684114750016e-08,1,1,B,499819,BBB,2014J,Pass
2211,2419,BBB_2014J_1903095,4.729437108608181e-08,1,1,B,1903095,BBB,2014J,Pass
2212,1475,BBB_2013B_2384819,4.6840785472568314e-08,1,1,B,2384819,BBB,2013B,Distinction
2213,2424,BBB_2013J_570351,4.678659948353925e-08,1,1,A,570351,BBB,2013J,Pass
2214,1275,BBB_2013B_557057,4.6475705062221095e-08,1,1,A,557057,BBB,2013B,Pass
2215,2026,BBB_2014J_603580,4.636637029875601e-08,1,1,B,603580,BBB,2014J,Pass
2216,2288,BBB_2013B_553526,4.5921581204311224e-08,0,0,B,553526,BBB,2013B,Withdrawn
2217,3261,BBB_2013B_341235,4.5921581204311224e-08,0,0,A,341235,BBB,2013B,Withdrawn
2218,1122,BBB_2014B_614357,4.5839620099741296e-08,1,1,B,614357,BBB,2014B,Distinction
2219,3673,BBB_2014J_650371,4.5804792847548015e-08,1,1,A,650371,BBB,2014J,Pass
2220,3099,BBB_2014J_110911,4.562205901947891e-08,1,1,B,110911,BBB,2014J,Pass
2221,2686,BBB_2014J_1757561,4.538756570582336e-08,0,0,B,1757561,BBB,2014J,Fail
2222,2329,BBB_2014B_613093,4.5119666225446053e-08,1,1,B,613093,BBB,2014B,Pass
2223,807,BBB_2014J_677744,4.5027256589946774e-08,0,0,B,677744,BBB,2014J,Withdrawn
2224,803,BBB_2014B_581333,4.4632265883137734e-08,0,0,B,581333,BBB,2014B,Withdrawn
2225,1463,BBB_2013J_541702,4.430254207932194e-08,1,1,B,541702,BBB,2013J,Distinction
2226,1790,BBB_2014J_690359,4.349984550344743e-08,1,1,B,690359,BBB,2014J,Distinction
2227,870,BBB_2014J_698471,4.3389004389382535e-08,1,1,B,698471,BBB,2014J,Distinction
2228,3949,BBB_2014J_632722,4.3279566597220764e-08,0,0,B,632722,BBB,2014J,Withdrawn
2229,3042,BBB_2014J_650676,4.3279566597220764e-08,0,0,B,650676,BBB,2014J,Withdrawn
2230,2114,BBB_2014J_2326401,4.3279566597220764e-08,0,0,B,2326401,BBB,2014J,Withdrawn
2231,1956,BBB_2014J_59272,4.307088730115538e-08,1,1,B,59272,BBB,2014J,Pass
2232,818,BBB_2014B_630999,4.307070256004408e-08,0,0,B,630999,BBB,2014B,Withdrawn
2233,2087,BBB_2014J_655414,4.260928321286883e-08,0,0,B,655414,BBB,2014J,Withdrawn
2234,1000,BBB_2014J_649278,4.260928321286883e-08,0,0,B,649278,BBB,2014J,Withdrawn
2235,1703,BBB_2013J_582833,4.255860730495442e-08,0,0,A,582833,BBB,2013J,Fail
2236,3206,BBB_2013B_412407,4.2376463227356e-08,1,1,A,412407,BBB,2013B,Pass
2237,1596,BBB_2014B_623406,4.2143796008531353e-08,1,1,B,623406,BBB,2014B,Pass
2238,2214,BBB_2014B_623321,4.2029284941236256e-08,0,0,A,623321,BBB,2014B,Fail
2239,45,BBB_2013J_592256,4.168903799950385e-08,0,0,B,592256,BBB,2013J,Fail
2240,2383,BBB_2014J_696152,4.136069620130911e-08,1,1,B,696152,BBB,2014J,Pass
2241,880,BBB_2013J_536660,4.119759466902906e-08,1,1,B,536660,BBB,2013J,Pass
2242,3064,BBB_2013J_593692,4.119759466902906e-08,1,1,B,593692,BBB,2013J,Pass
2243,3823,BBB_2013J_31014,4.119297258853294e-08,0,0,B,31014,BBB,2013J,Withdrawn
2244,2932,BBB_2013J_577965,4.1170000741885815e-08,0,0,B,577965,BBB,2013J,Withdrawn
2245,1314,BBB_2013J_576046,4.1170000741885815e-08,0,0,B,576046,BBB,2013J,Withdrawn
2246,2256,BBB_2013B_546202,4.1052448551681664e-08,0,0,B,546202,BBB,2013B,Fail
2247,3438,BBB_2013B_96291,4.1052448551681664e-08,0,0,B,96291,BBB,2013B,Withdrawn
2248,3474,BBB_2014B_606075,4.103764794649578e-08,0,0,B,606075,BBB,2014B,Fail
2249,2222,BBB_2014J_605901,4.0982875759709714e-08,0,0,B,605901,BBB,2014J,Withdrawn
2250,1012,BBB_2013B_2602809,4.0790531841139455e-08,1,1,B,2602809,BBB,2013B,Pass
2251,641,BBB_2013B_556871,4.0662989420070517e-08,1,1,B,556871,BBB,2013B,Distinction
2252,1849,BBB_2013B_556892,4.0662989420070517e-08,1,1,B,556892,BBB,2013B,Pass
2253,3932,BBB_2014J_645248,4.036555623088134e-08,0,0,B,645248,BBB,2014J,Withdrawn
2254,1745,BBB_2014J_697561,4.036555623088134e-08,0,0,B,697561,BBB,2014J,Fail
2255,1666,BBB_2013B_84245,3.9948393038002905e-08,1,1,A,84245,BBB,2013B,Distinction
2256,2048,BBB_2013J_582963,3.9930242223817913e-08,0,0,B,582963,BBB,2013J,Withdrawn
2257,493,BBB_2014J_635921,3.9803353502065875e-08,1,1,A,635921,BBB,2014J,Pass
2258,2652,BBB_2014J_644822,3.9803353502065875e-08,1,1,B,644822,BBB,2014J,Pass
2259,3529,BBB_2014B_437171,3.967695860751519e-08,1,1,B,437171,BBB,2014B,Pass
2260,1421,BBB_2013B_479171,3.940760961995693e-08,1,1,B,479171,BBB,2013B,Pass
2261,69,BBB_2013B_500819,3.940760961995693e-08,1,1,B,500819,BBB,2013B,Pass
2262,127,BBB_2013J_604523,3.933919856535795e-08,0,0,B,604523,BBB,2013J,Withdrawn
2263,3369,BBB_2013J_602971,3.933919856535795e-08,0,0,B,602971,BBB,2013J,Withdrawn
2264,1018,BBB_2013J_599640,3.890542288331744e-08,0,0,B,599640,BBB,2013J,Fail
2265,2188,BBB_2013J_2225190,3.884388632968694e-08,0,0,A,2225190,BBB,2013J,Fail
2266,1772,BBB_2013J_520325,3.884388632968694e-08,0,0,B,520325,BBB,2013J,Fail
2267,3781,BBB_2013B_553320,3.8822957293405125e-08,0,0,B,553320,BBB,2013B,Fail
2268,1980,BBB_2013B_544444,3.8822957293405125e-08,0,0,B,544444,BBB,2013B,Withdrawn
2269,3012,BBB_2013B_504014,3.8322195194950837e-08,0,0,B,504014,BBB,2013B,Fail
2270,2759,BBB_2013J_590308,3.807152992862939e-08,0,0,B,590308,BBB,2013J,Fail
2271,678,BBB_2013B_534432,3.7915654615972016e-08,1,1,B,534432,BBB,2013B,Pass
2272,3417,BBB_2014B_586712,3.7656498363958235e-08,1,1,B,586712,BBB,2014B,Pass
2273,262,BBB_2014J_655314,3.7434833899396835e-08,1,1,A,655314,BBB,2014J,Distinction
2274,356,BBB_2014J_617804,3.6724202345794765e-08,0,0,A,617804,BBB,2014J,Withdrawn
2275,1069,BBB_2013J_518258,3.660803216121167e-08,1,1,B,518258,BBB,2013J,Distinction
2276,438,BBB_2013B_2498182,3.656088054526663e-08,0,0,A,2498182,BBB,2013B,Fail
2277,1621,BBB_2014B_589333,3.631726386288392e-08,1,1,B,589333,BBB,2014B,Pass
2278,2693,BBB_2014B_606529,3.623258493234971e-08,0,0,A,606529,BBB,2014B,Fail
2279,2593,BBB_2014J_679726,3.618339050603936e-08,0,0,B,679726,BBB,2014J,Withdrawn
2280,3525,BBB_2013J_575281,3.596428044261302e-08,0,0,B,575281,BBB,2013J,Fail
2281,1019,BBB_2013B_540122,3.566283979239415e-08,0,0,A,540122,BBB,2013B,Withdrawn
2282,829,BBB_2013B_540918,3.566283979239415e-08,0,0,B,540918,BBB,2013B,Withdrawn
2283,124,BBB_2013B_554920,3.566283979239415e-08,0,0,A,554920,BBB,2013B,Withdrawn
2284,2131,BBB_2014B_2421428,3.5626722905135466e-08,0,0,B,2421428,BBB,2014B,Withdrawn
2285,2354,BBB_2014J_271047,3.5381873431106214e-08,0,0,B,271047,BBB,2014J,Withdrawn
2286,1777,BBB_2014J_1732956,3.505137158299476e-08,1,1,B,1732956,BBB,2014J,Pass
2287,1419,BBB_2013J_567013,3.462356445993464e-08,0,0,A,567013,BBB,2013J,Fail
2288,2914,BBB_2013J_598883,3.431014761190454e-08,1,1,B,598883,BBB,2013J,Distinction
2289,2008,BBB_2013J_573777,3.431014761190454e-08,1,1,B,573777,BBB,2013J,Pass
2290,2448,BBB_2013B_542115,3.425774863785591e-08,0,0,B,542115,BBB,2013B,Fail
2291,2342,BBB_2013J_84812,3.342209353718317e-08,1,1,B,84812,BBB,2013J,Pass
2292,2629,BBB_2013B_376617,3.269735060484891e-08,1,1,A,376617,BBB,2013B,Pass
2293,1626,BBB_2014B_633394,3.253182612183991e-08,0,0,B,633394,BBB,2014B,Fail
2294,566,BBB_2014B_604267,3.2343155709213534e-08,0,0,B,604267,BBB,2014B,Withdrawn
2295,2041,BBB_2013J_287107,3.1791426380323173e-08,1,1,B,287107,BBB,2013J,Distinction
2296,3124,BBB_2013J_105883,3.1791426380323173e-08,1,1,B,105883,BBB,2013J,Pass
2297,738,BBB_2014B_297179,3.127886927245527e-08,0,0,B,297179,BBB,2014B,Withdrawn
2298,3510,BBB_2014J_645371,3.1027123981175464e-08,0,0,B,645371,BBB,2014J,Fail
2299,3121,BBB_2014J_679724,3.1027123981175464e-08,0,0,B,679724,BBB,2014J,Withdrawn
2300,211,BBB_2014J_680723,3.078699961633902e-08,1,1,B,680723,BBB,2014J,Distinction
2301,3118,BBB_2013J_596390,3.074156396110084e-08,1,1,B,596390,BBB,2013J,Pass
2302,668,BBB_2013J_534946,3.074156396110084e-08,1,1,B,534946,BBB,2013J,Pass
2303,2735,BBB_2013J_561312,3.074156396110084e-08,1,1,B,561312,BBB,2013J,Distinction
2304,3007,BBB_2014B_469177,3.0604471845663284e-08,1,1,A,469177,BBB,2014B,Pass
2305,755,BBB_2014B_627685,3.050285357630855e-08,1,1,B,627685,BBB,2014B,Pass
2306,2375,BBB_2013J_604982,3.044777585614611e-08,1,1,B,604982,BBB,2013J,Pass
2307,1899,BBB_2013B_2512392,3.035520634853128e-08,0,0,B,2512392,BBB,2013B,Withdrawn
2308,1875,BBB_2014B_632547,3.023103190002985e-08,0,0,B,632547,BBB,2014B,Fail
2309,366,BBB_2014J_648391,3.020769412387381e-08,0,0,B,648391,BBB,2014J,Fail
2310,1277,BBB_2014J_695001,3.015695426711318e-08,1,1,A,695001,BBB,2014J,Pass
2311,1810,BBB_2014J_656253,3.015695426711318e-08,1,1,B,656253,BBB,2014J,Pass
2312,2859,BBB_2014J_691835,3.0092571989825956e-08,1,1,A,691835,BBB,2014J,Distinction
2313,687,BBB_2014J_573934,2.99255660252129e-08,1,1,B,573934,BBB,2014J,Pass
2314,125,BBB_2013B_550018,2.981752800224058e-08,0,0,B,550018,BBB,2013B,Fail
2315,1593,BBB_2014B_544430,2.963564149638387e-08,0,0,A,544430,BBB,2014B,Fail
2316,3581,BBB_2014J_630773,2.9208234053612614e-08,0,0,B,630773,BBB,2014J,Fail
2317,2152,BBB_2013B_544796,2.8930388751291503e-08,0,0,B,544796,BBB,2013B,Withdrawn
2318,2995,BBB_2014B_630260,2.8666724105619323e-08,0,0,A,630260,BBB,2014B,Fail
2319,236,BBB_2013B_543533,2.8603329482734807e-08,0,0,B,543533,BBB,2013B,Withdrawn
2320,1574,BBB_2014J_654913,2.8582515909647555e-08,0,0,B,654913,BBB,2014J,Withdrawn
2321,2134,BBB_2014J_679989,2.7994921936169703e-08,0,0,A,679989,BBB,2014J,Withdrawn
2322,342,BBB_2013J_128889,2.7974680349984737e-08,1,1,B,128889,BBB,2013J,Pass
2323,1794,BBB_2013B_445889,2.7826365212035853e-08,1,1,B,445889,BBB,2013B,Pass
2324,3319,BBB_2013J_522889,2.7818234826781918e-08,0,0,B,522889,BBB,2013J,Fail
2325,3299,BBB_2014J_626210,2.7811108083142244e-08,0,0,B,626210,BBB,2014J,Fail
2326,1267,BBB_2014J_692629,2.7807015356984266e-08,0,0,A,692629,BBB,2014J,Withdrawn
2327,3541,BBB_2014J_695981,2.7807015356984266e-08,0,0,B,695981,BBB,2014J,Withdrawn
2328,2107,BBB_2014J_692496,2.778336494202449e-08,0,0,B,692496,BBB,2014J,Fail
2329,694,BBB_2014J_655471,2.778336494202449e-08,0,0,B,655471,BBB,2014J,Fail
2330,3913,BBB_2014B_383967,2.7438531446932757e-08,1,1,B,383967,BBB,2014B,Pass
2331,2328,BBB_2014J_2611512,2.738061688489779e-08,0,0,B,2611512,BBB,2014J,Fail
2332,3551,BBB_2013B_540656,2.724458170177968e-08,1,1,B,540656,BBB,2013B,Pass
2333,1751,BBB_2013B_548714,2.724458170177968e-08,1,1,B,548714,BBB,2013B,Pass
2334,626,BBB_2013B_154027,2.6917614803778633e-08,1,1,B,154027,BBB,2013B,Pass
2335,1148,BBB_2014J_504597,2.6886068482667724e-08,1,1,A,504597,BBB,2014J,Pass
2336,3532,BBB_2013B_546533,2.658619102646753e-08,0,0,B,546533,BBB,2013B,Fail
2337,1327,BBB_2014J_589133,2.6109882256264427e-08,1,1,B,589133,BBB,2014J,Pass
2338,2476,BBB_2014B_628341,2.5792077806841007e-08,0,0,B,628341,BBB,2014B,Withdrawn
2339,3038,BBB_2014J_626597,2.5664247615964086e-08,0,0,B,626597,BBB,2014J,Withdrawn
2340,15,BBB_2013J_575018,2.5196968067575654e-08,1,1,B,575018,BBB,2013J,Pass
2341,3607,BBB_2013B_406416,2.5022874439173393e-08,0,0,B,406416,BBB,2013B,Withdrawn
2342,3405,BBB_2014B_492928,2.4743686211081695e-08,0,0,B,492928,BBB,2014B,Fail
2343,286,BBB_2013J_540602,2.459741210714128e-08,1,1,B,540602,BBB,2013J,Pass
2344,3739,BBB_2013B_379402,2.438825319472926e-08,0,0,B,379402,BBB,2013B,Fail
2345,3566,BBB_2013J_539670,2.4090313743840852e-08,0,0,A,539670,BBB,2013J,Fail
2346,725,BBB_2013J_540249,2.4090313743840852e-08,0,0,A,540249,BBB,2013J,Fail
2347,2963,BBB_2013B_447759,2.3981241881187998e-08,1,1,B,447759,BBB,2013B,Pass
2348,2581,BBB_2013B_558965,2.3752161126822102e-08,1,1,B,558965,BBB,2013B,Pass
2349,3061,BBB_2014B_633650,2.351486294571714e-08,1,1,B,633650,BBB,2014B,Pass
2350,2209,BBB_2014B_625307,2.3310342101012793e-08,0,0,B,625307,BBB,2014B,Withdrawn
2351,49,BBB_2013B_555059,2.329710824255926e-08,1,1,B,555059,BBB,2013B,Distinction
2352,1335,BBB_2014J_308775,2.3165471318975506e-08,1,1,B,308775,BBB,2014J,Distinction
2353,1308,BBB_2013B_553125,2.2930098708684454e-08,1,1,B,553125,BBB,2013B,Distinction
2354,446,BBB_2013J_590325,2.2851185832450938e-08,1,1,B,590325,BBB,2013J,Pass
2355,2744,BBB_2013J_577680,2.2851185832450938e-08,1,1,B,577680,BBB,2013J,Pass
2356,3947,BBB_2013B_513093,2.2732155713356406e-08,1,1,B,513093,BBB,2013B,Pass
2357,19,BBB_2013J_492478,2.2700344715076426e-08,0,0,B,492478,BBB,2013J,Withdrawn
2358,2309,BBB_2014J_2218789,2.2484089257091e-08,0,0,B,2218789,BBB,2014J,Withdrawn
2359,2376,BBB_2014J_286947,2.2480072914277116e-08,1,1,B,286947,BBB,2014J,Pass
2360,1391,BBB_2013B_555627,2.22944169792072e-08,0,0,A,555627,BBB,2013B,Fail
2361,925,BBB_2014B_391153,2.2170601354787323e-08,1,1,B,391153,BBB,2014B,Pass
2362,3752,BBB_2013B_554986,2.214152772239686e-08,0,0,B,554986,BBB,2013B,Fail
2363,1913,BBB_2013B_558662,2.214152772239686e-08,0,0,B,558662,BBB,2013B,Fail
2364,3138,BBB_2013J_514445,2.202903459647132e-08,1,1,B,514445,BBB,2013J,Pass
2365,3141,BBB_2013B_536203,2.1528174798390864e-08,0,0,B,536203,BBB,2013B,Withdrawn
2366,742,BBB_2013B_143854,2.1528174798390864e-08,0,0,B,143854,BBB,2013B,Withdrawn
2367,2970,BBB_2014J_350312,2.1367936753335925e-08,0,0,B,350312,BBB,2014J,Fail
2368,1807,BBB_2014J_697649,2.1236724379036787e-08,1,1,B,697649,BBB,2014J,Pass
2369,2548,BBB_2014B_355147,2.1088244039901838e-08,1,1,B,355147,BBB,2014B,Pass
2370,2830,BBB_2013J_575681,2.0586725213433965e-08,1,1,B,575681,BBB,2013J,Pass
2371,275,BBB_2013B_551655,1.985430486683981e-08,0,0,B,551655,BBB,2013B,Withdrawn
2372,1453,BBB_2013B_561716,1.9842390841517954e-08,1,1,B,561716,BBB,2013B,Pass
2373,452,BBB_2013J_2463213,1.967947227399236e-08,1,1,B,2463213,BBB,2013J,Pass
2374,560,BBB_2014B_2392789,1.895216250602516e-08,1,1,B,2392789,BBB,2014B,Pass
2375,928,BBB_2014B_619196,1.89336795131112e-08,1,1,B,619196,BBB,2014B,Pass
2376,2032,BBB_2014B_633130,1.867413601530643e-08,1,1,A,633130,BBB,2014B,Pass
2377,549,BBB_2013J_199029,1.8658043998698304e-08,1,1,B,199029,BBB,2013J,Distinction
2378,582,BBB_2013B_502604,1.84850215134702e-08,1,1,B,502604,BBB,2013B,Pass
2379,3491,BBB_2013J_595594,1.8372199761529373e-08,0,0,B,595594,BBB,2013J,Withdrawn
2380,3391,BBB_2013B_539426,1.8360694298280578e-08,0,0,B,539426,BBB,2013B,Withdrawn
2381,677,BBB_2013B_529383,1.8267785506509426e-08,0,0,B,529383,BBB,2013B,Fail
2382,2839,BBB_2014J_509466,1.798892235171934e-08,0,0,B,509466,BBB,2014J,Fail
2383,3676,BBB_2014J_688000,1.7631982984767092e-08,0,0,B,688000,BBB,2014J,Withdrawn
2384,3498,BBB_2014J_639659,1.7631982984767092e-08,0,0,B,639659,BBB,2014J,Withdrawn
2385,62,BBB_2013J_595103,1.7589387724115113e-08,1,1,B,595103,BBB,2013J,Pass
2386,2518,BBB_2013J_597255,1.7205110225404496e-08,0,0,B,597255,BBB,2013J,Withdrawn
2387,570,BBB_2013J_582958,1.678946759398059e-08,1,1,B,582958,BBB,2013J,Distinction
2388,1462,BBB_2013B_548642,1.6755842935367582e-08,0,0,B,548642,BBB,2013B,Withdrawn
2389,3939,BBB_2013B_550668,1.6755842935367582e-08,0,0,B,550668,BBB,2013B,Fail
2390,3494,BBB_2013B_541573,1.6755842935367582e-08,0,0,B,541573,BBB,2013B,Withdrawn
2391,3493,BBB_2013B_543365,1.6755842935367582e-08,0,0,B,543365,BBB,2013B,Withdrawn
2392,1241,BBB_2013B_552939,1.6755842935367582e-08,0,0,A,552939,BBB,2013B,Withdrawn
2393,3543,BBB_2013B_441181,1.6733363139564972e-08,1,1,B,441181,BBB,2013B,Pass
2394,1579,BBB_2014J_692914,1.6532695212845283e-08,0,0,B,692914,BBB,2014J,Withdrawn
2395,139,BBB_2013J_374038,1.6173396844010313e-08,0,0,B,374038,BBB,2013J,Fail
2396,2507,BBB_2013J_593712,1.6148071324550983e-08,1,1,B,593712,BBB,2013J,Pass
2397,1634,BBB_2013J_536409,1.58923008086731e-08,0,0,B,536409,BBB,2013J,Withdrawn
2398,1537,BBB_2013J_492247,1.4457573804804724e-08,0,0,A,492247,BBB,2013J,Withdrawn
2399,1140,BBB_2013J_578057,1.4457573804804724e-08,0,0,B,578057,BBB,2013J,Fail
2400,1342,BBB_2013J_576983,1.331274734894805e-08,0,0,B,576983,BBB,2013J,Withdrawn
2401,1628,BBB_2014J_648135,1.314093189819232e-08,1,1,B,648135,BBB,2014J,Pass
2402,3383,BBB_2014B_263098,1.2874928678741071e-08,0,0,A,263098,BBB,2014B,Withdrawn
2403,1454,BBB_2013J_608497,1.2772712665309882e-08,0,0,B,608497,BBB,2013J,Withdrawn
2404,1657,BBB_2013B_541523,1.2556630402116298e-08,1,1,B,541523,BBB,2013B,Pass
2405,2976,BBB_2014J_2594368,1.2543884153615181e-08,1,1,B,2594368,BBB,2014J,Pass
2406,1518,BBB_2014J_651520,1.241069202961853e-08,0,0,B,651520,BBB,2014J,Withdrawn
2407,3621,BBB_2013J_161491,1.2402063376271144e-08,1,1,B,161491,BBB,2013J,Distinction
2408,3045,BBB_2014J_677922,1.2046100117402148e-08,1,1,B,677922,BBB,2014J,Pass
2409,3164,BBB_2014B_495876,1.1793096277301629e-08,0,0,B,495876,BBB,2014B,Fail
2410,2372,BBB_2013J_2242290,1.1521201770392508e-08,0,0,B,2242290,BBB,2013J,Fail
2411,2760,BBB_2014J_633902,1.1152322620944233e-08,1,1,B,633902,BBB,2014J,Pass
2412,672,BBB_2013B_329226,1.0552652085493719e-08,1,1,A,329226,BBB,2013B,Pass
2413,606,BBB_2014B_618670,1.0159608265780662e-08,1,1,B,618670,BBB,2014B,Pass
2414,384,BBB_2014B_634851,1.0159608265780662e-08,1,1,B,634851,BBB,2014B,Distinction
2415,353,BBB_2014J_692943,1.0031300234913942e-08,1,1,B,692943,BBB,2014J,Pass
2416,2052,BBB_2014J_676962,1.0031300234913942e-08,1,1,A,676962,BBB,2014J,Pass
2417,2468,BBB_2013J_580960,9.823981628187539e-09,1,1,B,580960,BBB,2013J,Pass
2418,1677,BBB_2014J_649291,9.564792513572229e-09,1,1,B,649291,BBB,2014J,Pass
2419,3724,BBB_2014J_678906,9.564792513572229e-09,1,1,B,678906,BBB,2014J,Pass
2420,659,BBB_2013J_602634,9.137512080314991e-09,0,0,B,602634,BBB,2013J,Withdrawn
2421,112,BBB_2014B_612395,9.110556753455512e-09,0,0,B,612395,BBB,2014B,Withdrawn
2422,780,BBB_2013B_545521,9.076011941999695e-09,0,0,A,545521,BBB,2013B,Withdrawn
2423,1915,BBB_2013J_421018,8.661552364230829e-09,1,1,B,421018,BBB,2013J,Pass
2424,3155,BBB_2014B_1780949,7.795167178414886e-09,1,1,B,1780949,BBB,2014B,Pass
2425,3528,BBB_2014J_653244,7.537907187327164e-09,0,0,B,653244,BBB,2014J,Withdrawn
2426,2879,BBB_2014J_2292824,7.347773056665119e-09,0,0,A,2292824,BBB,2014J,Withdrawn
2427,3258,BBB_2013B_267853,7.3098744834965146e-09,0,0,B,267853,BBB,2013B,Fail
2428,1513,BBB_2014J_679919,7.134974389089166e-09,0,0,B,679919,BBB,2014J,Withdrawn
2429,1079,BBB_2014J_697337,6.3920326809352446e-09,0,0,B,697337,BBB,2014J,Withdrawn
2430,3952,BBB_2014J_619052,6.3920326809352446e-09,0,0,A,619052,BBB,2014J,Fail
2431,3072,BBB_2013J_601885,6.332822266585936e-09,1,1,B,601885,BBB,2013J,Pass
2432,1564,BBB_2013J_484135,5.999706509385305e-09,1,1,B,484135,BBB,2013J,Pass
2433,2559,BBB_2013B_379405,5.7404121456272605e-09,0,0,B,379405,BBB,2013B,Withdrawn
2434,1631,BBB_2013B_446247,5.397970070930569e-09,0,0,B,446247,BBB,2013B,Withdrawn
2435,466,BBB_2014J_132924,5.008902626002509e-09,0,0,B,132924,BBB,2014J,Fail
2436,770,BBB_2014J_654214,5.008902626002509e-09,0,0,B,654214,BBB,2014J,Withdrawn
2437,3280,BBB_2014J_698463,4.949676224441646e-09,1,1,B,698463,BBB,2014J,Distinction
2438,3122,BBB_2013B_331354,3.727159914035383e-09,1,1,B,331354,BBB,2013B,Pass
2439,1403,BBB_2013B_555102,3.5464773340265765e-09,1,1,A,555102,BBB,2013B,Pass
2440,1965,BBB_2014J_550245,3.4649052516044776e-09,1,1,B,550245,BBB,2014J,Pass
2441,2798,BBB_2014J_684833,3.4044986829684376e-09,1,1,B,684833,BBB,2014J,Distinction
2442,3415,BBB_2014B_621905,3.378030744016769e-09,1,1,B,621905,BBB,2014B,Pass
2443,3076,BBB_2014B_621394,3.234399637008778e-09,1,1,B,621394,BBB,2014B,Pass
2444,1881,BBB_2013J_586843,3.1448708082137955e-09,1,1,B,586843,BBB,2013J,Pass
2445,1882,BBB_2014J_637003,2.76540212951204e-09,1,1,B,637003,BBB,2014J,Pass
2446,2841,BBB_2014B_619901,2.759120709683316e-09,0,0,B,619901,BBB,2014B,Withdrawn
2447,3723,BBB_2014B_563945,2.6719693124732657e-09,0,0,A,563945,BBB,2014B,Withdrawn
2448,332,BBB_2013B_445065,2.4540052212529417e-09,1,1,B,445065,BBB,2013B,Distinction
2449,2960,BBB_2013J_2415414,2.320989178627997e-09,1,1,B,2415414,BBB,2013J,Distinction
2450,556,BBB_2013B_552991,1.6708076033822294e-09,1,1,A,552991,BBB,2013B,Pass
2451,435,BBB_2013B_553442,1.6708076033822294e-09,1,1,B,553442,BBB,2013B,Pass
2452,1380,BBB_2013B_499118,1.6161532112590749e-09,1,1,B,499118,BBB,2013B,Pass
2453,2011,BBB_2013B_494278,8.925966077377723e-10,1,1,B,494278,BBB,2013B,Pass
2454,3948,BBB_2014B_244064,6.909528504905893e-10,1,1,B,244064,BBB,2014B,Distinction
2455,1464,BBB_2013B_537414,5.474651842973799e-10,1,1,B,537414,BBB,2013B,Pass
2456,1791,BBB_2013B_561452,5.474651842973799e-10,1,1,B,561452,BBB,2013B,Distinction
2457,1339,BBB_2014J_651678,5.331313723822007e-10,1,1,B,651678,BBB,2014J,Pass
2458,111,BBB_2013J_2481657,5.151917226164926e-10,0,0,B,2481657,BBB,2013J,Withdrawn
2459,3287,BBB_2013J_2296908,5.151917226164926e-10,0,0,B,2296908,BBB,2013J,Withdrawn
2460,3323,BBB_2014J_677039,4.802251374336208e-10,0,0,B,677039,BBB,2014J,Withdrawn
2461,574,BBB_2014J_589935,4.1619802049197574e-10,0,0,B,589935,BBB,2014J,Withdrawn
2462,1872,BBB_2014J_638818,2.2835908164431373e-10,0,0,B,638818,BBB,2014J,Withdrawn
2463,1129,BBB_2014J_586398,2.2835908164431373e-10,0,0,B,586398,BBB,2014J,Withdrawn
2464,3146,BBB_2013B_556882,1.7746003277974154e-10,0,0,B,556882,BBB,2013B,Withdrawn
2465,1174,BBB_2013J_105851,9.882071549949245e-11,1,1,B,105851,BBB,2013J,Pass
2466,1088,BBB_2014J_640265,-4.444516976676027e-11,0,0,B,640265,BBB,2014J,Withdrawn
2467,1246,BBB_2013J_607887,-5.203984465573797e-10,1,1,B,607887,BBB,2013J,Pass
2468,1750,BBB_2013J_585652,-5.203984465573797e-10,1,1,A,585652,BBB,2013J,Pass
2469,3134,BBB_2014J_695051,-5.822091142526631e-10,0,0,B,695051,BBB,2014J,Withdrawn
2470,473,BBB_2014J_684615,-1.182089204299075e-09,1,1,B,684615,BBB,2014J,Distinction
2471,3220,BBB_2014B_2512349,-1.893596390800667e-09,0,0,B,2512349,BBB,2014B,Withdrawn
2472,2073,BBB_2013B_298322,-1.9977655085767765e-09,1,1,B,298322,BBB,2013B,Pass
2473,318,BBB_2013J_507016,-2.077037430936457e-09,1,1,B,507016,BBB,2013J,Pass
2474,2189,BBB_2013J_581016,-2.106755880859623e-09,0,0,B,581016,BBB,2013J,Withdrawn
2475,3945,BBB_2013J_608564,-2.2399395671612865e-09,0,0,B,608564,BBB,2013J,Fail
2476,2986,BBB_2013J_2411595,-2.3175166230515742e-09,1,1,B,2411595,BBB,2013J,Pass
2477,281,BBB_2013J_64246,-2.553539157901241e-09,0,0,B,64246,BBB,2013J,Withdrawn
2478,1013,BBB_2013J_383303,-2.6517645856927174e-09,0,0,B,383303,BBB,2013J,Fail
2479,2869,BBB_2013J_338741,-2.844086965936299e-09,1,1,B,338741,BBB,2013J,Pass
2480,2967,BBB_2013J_409930,-2.844086965936299e-09,1,1,B,409930,BBB,2013J,Pass
2481,2862,BBB_2013B_562489,-3.1955089685453686e-09,1,1,B,562489,BBB,2013B,Distinction
2482,658,BBB_2013B_535755,-3.1955089685453686e-09,1,1,B,535755,BBB,2013B,Pass
2483,596,BBB_2014J_686266,-3.6891101284908245e-09,0,0,B,686266,BBB,2014J,Withdrawn
2484,1096,BBB_2014J_652754,-3.6891101284908245e-09,0,0,B,652754,BBB,2014J,Withdrawn
2485,1293,BBB_2014J_697909,-3.6891101284908245e-09,0,0,B,697909,BBB,2014J,Withdrawn
2486,806,BBB_2013B_2571447,-3.7006975261988373e-09,0,0,B,2571447,BBB,2013B,Fail
2487,2821,BBB_2013J_598202,-3.8203076258014335e-09,0,0,B,598202,BBB,2013J,Fail
2488,1373,BBB_2013B_62631,-3.834814243930396e-09,0,0,B,62631,BBB,2013B,Fail
2489,1828,BBB_2013B_534426,-3.834814243930396e-09,0,0,B,534426,BBB,2013B,Withdrawn
2490,703,BBB_2013B_2475034,-4.372043616029941e-09,0,0,B,2475034,BBB,2013B,Withdrawn
2491,1625,BBB_2013B_2425333,-5.10752906635048e-09,0,0,B,2425333,BBB,2013B,Fail
2492,489,BBB_2014J_629553,-5.622338594690746e-09,1,1,B,629553,BBB,2014J,Pass
2493,37,BBB_2014J_689406,-6.170170152586252e-09,1,1,A,689406,BBB,2014J,Pass
2494,3216,BBB_2014B_539894,-6.206617442217066e-09,1,1,B,539894,BBB,2014B,Pass
2495,3620,BBB_2014B_570437,-7.17785075821098e-09,1,1,B,570437,BBB,2014B,Distinction
2496,2604,BBB_2014J_2698588,-7.268805113369581e-09,1,1,B,2698588,BBB,2014J,Distinction
2497,1947,BBB_2013J_174440,-7.455565942393605e-09,0,0,B,174440,BBB,2013J,Fail
2498,1918,BBB_2014J_152973,-7.77933895079741e-09,1,1,B,152973,BBB,2014J,Pass
2499,913,BBB_2014J_2321660,-7.864541906599243e-09,1,1,A,2321660,BBB,2014J,Pass
2500,1556,BBB_2014J_686670,-7.873187435336604e-09,1,1,B,686670,BBB,2014J,Pass
2501,462,BBB_2013J_606477,-8.000606399605203e-09,0,0,B,606477,BBB,2013J,Withdrawn
2502,3766,BBB_2013J_595298,-8.027503106688982e-09,0,0,B,595298,BBB,2013J,Fail
2503,1746,BBB_2013J_509845,-8.027503106688982e-09,0,0,B,509845,BBB,2013J,Withdrawn
2504,1094,BBB_2014J_523905,-8.793863415235137e-09,1,1,B,523905,BBB,2014J,Pass
2505,2591,BBB_2014J_694857,-9.33554300530659e-09,0,0,B,694857,BBB,2014J,Fail
2506,2092,BBB_2014J_490299,-9.33554300530659e-09,0,0,B,490299,BBB,2014J,Withdrawn
2507,3482,BBB_2014J_430530,-9.33554300530659e-09,0,0,B,430530,BBB,2014J,Withdrawn
2508,2184,BBB_2014J_205978,-9.844054460472762e-09,0,0,B,205978,BBB,2014J,Withdrawn
2509,3158,BBB_2014J_678770,-9.844054460472762e-09,0,0,B,678770,BBB,2014J,Fail
2510,2756,BBB_2014B_610759,-1.0084068691185166e-08,1,1,B,610759,BBB,2014B,Pass
2511,2700,BBB_2013J_2425156,-1.0155283725055142e-08,1,1,B,2425156,BBB,2013J,Pass
2512,1942,BBB_2013J_57079,-1.0397354976987572e-08,0,0,B,57079,BBB,2013J,Fail
2513,977,BBB_2014J_698362,-1.1208571848442261e-08,1,1,B,698362,BBB,2014J,Distinction
2514,1981,BBB_2014B_631341,-1.2280784389417931e-08,0,0,B,631341,BBB,2014B,Fail
2515,2843,BBB_2014B_412156,-1.2280784389417931e-08,0,0,A,412156,BBB,2014B,Withdrawn
2516,638,BBB_2013J_2271644,-1.2416347949795181e-08,1,1,A,2271644,BBB,2013J,Pass
2517,3111,BBB_2013J_552399,-1.3167123391610858e-08,1,1,B,552399,BBB,2013J,Distinction
2518,2786,BBB_2014J_649692,-1.3210662785922977e-08,0,0,B,649692,BBB,2014J,Fail
2519,2172,BBB_2014J_2610170,-1.3210662785922977e-08,0,0,B,2610170,BBB,2014J,Withdrawn
2520,3392,BBB_2014J_692175,-1.3210662785922977e-08,0,0,B,692175,BBB,2014J,Fail
2521,2389,BBB_2013J_614495,-1.3305091250970236e-08,1,1,B,614495,BBB,2013J,Distinction
2522,380,BBB_2014B_631492,-1.331858268116548e-08,1,1,B,631492,BBB,2014B,Pass
2523,425,BBB_2014B_619288,-1.3514632968281148e-08,1,1,B,619288,BBB,2014B,Pass
2524,2153,BBB_2013J_498841,-1.3593304259984507e-08,0,0,B,498841,BBB,2013J,Withdrawn
2525,2663,BBB_2013B_34353,-1.3851126468011898e-08,0,0,A,34353,BBB,2013B,Fail
2526,2961,BBB_2014J_648585,-1.4156649186247705e-08,1,1,B,648585,BBB,2014J,Pass
2527,3699,BBB_2014J_691411,-1.4323302544028138e-08,0,0,B,691411,BBB,2014J,Withdrawn
2528,3221,BBB_2014J_694458,-1.4338472631436616e-08,0,0,B,694458,BBB,2014J,Withdrawn
2529,2466,BBB_2014J_647740,-1.4338472631436616e-08,0,0,A,647740,BBB,2014J,Withdrawn
2530,1780,BBB_2013J_566339,-1.4920233937232297e-08,1,1,B,566339,BBB,2013J,Pass
2531,483,BBB_2013J_600856,-1.4920233937232297e-08,1,1,B,600856,BBB,2013J,Distinction
2532,3623,BBB_2013B_537193,-1.5354851612414677e-08,1,1,B,537193,BBB,2013B,Pass
2533,3110,BBB_2013J_587297,-1.5410865472631485e-08,1,1,B,587297,BBB,2013J,Pass
2534,3291,BBB_2013B_553716,-1.542207783700178e-08,1,1,B,553716,BBB,2013B,Pass
2535,773,BBB_2013B_548090,-1.542207783700178e-08,1,1,B,548090,BBB,2013B,Distinction
2536,2236,BBB_2013B_544741,-1.542207783700178e-08,1,1,B,544741,BBB,2013B,Pass
2537,2171,BBB_2014J_679528,-1.6263014046558055e-08,0,0,B,679528,BBB,2014J,Withdrawn
2538,173,BBB_2013J_243047,-1.6451219053692512e-08,0,0,A,243047,BBB,2013J,Withdrawn
2539,578,BBB_2013J_2291034,-1.6451219053692512e-08,0,0,B,2291034,BBB,2013J,Withdrawn
2540,1116,BBB_2014B_432480,-1.669888938238273e-08,1,1,A,432480,BBB,2014B,Pass
2541,1270,BBB_2014J_2169127,-1.6811757319601384e-08,0,0,B,2169127,BBB,2014J,Withdrawn
2542,3628,BBB_2014J_649621,-1.6813498149303996e-08,0,0,B,649621,BBB,2014J,Fail
2543,1365,BBB_2014J_685900,-1.7120081352572925e-08,0,0,A,685900,BBB,2014J,Fail
2544,2714,BBB_2013J_583098,-1.7139212715733265e-08,0,0,B,583098,BBB,2013J,Fail
2545,1474,BBB_2014B_633935,-1.7167296917364183e-08,1,1,B,633935,BBB,2014B,Pass
2546,1638,BBB_2013J_532335,-1.7383651851332615e-08,1,1,B,532335,BBB,2013J,Pass
2547,3846,BBB_2013J_493453,-1.7383651851332615e-08,1,1,B,493453,BBB,2013J,Pass
2548,2823,BBB_2013B_276717,-1.7585385592155944e-08,1,1,B,276717,BBB,2013B,Distinction
2549,17,BBB_2013B_551032,-1.7931327533915464e-08,0,0,B,551032,BBB,2013B,Fail
2550,136,BBB_2013B_442456,-1.8183023087203765e-08,0,0,A,442456,BBB,2013B,Fail
2551,423,BBB_2013B_563879,-1.8890862207854298e-08,1,1,B,563879,BBB,2013B,Pass
2552,250,BBB_2013B_561715,-1.9183405086664607e-08,0,0,A,561715,BBB,2013B,Fail
2553,1880,BBB_2014B_624879,-1.964378348873197e-08,0,0,B,624879,BBB,2014B,Withdrawn
2554,3425,BBB_2014B_148427,-1.9823698238496945e-08,1,1,B,148427,BBB,2014B,Pass
2555,1070,BBB_2013J_547311,-2.0374745446360976e-08,0,0,B,547311,BBB,2013J,Fail
2556,3550,BBB_2014B_625185,-2.0713839532504608e-08,1,1,B,625185,BBB,2014B,Pass
2557,1988,BBB_2013J_606572,-2.131505283387014e-08,1,1,B,606572,BBB,2013J,Pass
2558,1461,BBB_2014J_651979,-2.163715784320175e-08,1,1,B,651979,BBB,2014J,Pass
2559,334,BBB_2014J_528432,-2.163715784320175e-08,1,1,B,528432,BBB,2014J,Distinction
2560,2303,BBB_2014J_258840,-2.211794836171066e-08,1,1,B,258840,BBB,2014J,Pass
2561,1209,BBB_2013B_548097,-2.2386574372035284e-08,0,0,B,548097,BBB,2013B,Fail
2562,1585,BBB_2013B_388014,-2.2772816521410277e-08,0,0,B,388014,BBB,2013B,Withdrawn
2563,162,BBB_2014J_677864,-2.2972871605020373e-08,0,0,B,677864,BBB,2014J,Withdrawn
2564,849,BBB_2013B_2692384,-2.3248425407018658e-08,1,1,A,2692384,BBB,2013B,Pass
2565,3843,BBB_2013B_2322046,-2.3766670409486323e-08,0,0,B,2322046,BBB,2013B,Withdrawn
2566,1046,BBB_2013B_542010,-2.4284423361109475e-08,0,0,A,542010,BBB,2013B,Withdrawn
2567,3048,BBB_2013B_545803,-2.5045311602411857e-08,0,0,B,545803,BBB,2013B,Fail
2568,240,BBB_2014J_2627398,-2.5594475872026123e-08,0,0,B,2627398,BBB,2014J,Withdrawn
2569,3331,BBB_2014B_465369,-2.5835614536617868e-08,1,1,B,465369,BBB,2014B,Pass
2570,667,BBB_2013B_550520,-2.5973323047878694e-08,1,1,B,550520,BBB,2013B,Pass
2571,588,BBB_2014J_641795,-2.6051461432530232e-08,0,0,B,641795,BBB,2014J,Withdrawn
2572,1741,BBB_2013B_552859,-2.6314305401342608e-08,1,1,B,552859,BBB,2013B,Pass
2573,295,BBB_2014B_626966,-2.6371063555075125e-08,1,1,B,626966,BBB,2014B,Distinction
2574,1473,BBB_2013B_553502,-2.732953063855348e-08,1,1,B,553502,BBB,2013B,Pass
2575,1997,BBB_2013B_247267,-2.7447009998127214e-08,0,0,A,247267,BBB,2013B,Fail
2576,1883,BBB_2013B_486650,-2.777738217218939e-08,0,0,B,486650,BBB,2013B,Withdrawn
2577,1601,BBB_2013B_547472,-2.7807560698533962e-08,0,0,A,547472,BBB,2013B,Withdrawn
2578,1873,BBB_2014B_334565,-2.7945745273427747e-08,1,1,A,334565,BBB,2014B,Distinction
2579,3631,BBB_2013J_582301,-2.7955229242593305e-08,0,0,B,582301,BBB,2013J,Fail
2580,2902,BBB_2013J_610744,-2.7955229242593305e-08,0,0,B,610744,BBB,2013J,Fail
2581,791,BBB_2014J_687326,-2.810739552217001e-08,0,0,B,687326,BBB,2014J,Fail
2582,3601,BBB_2013J_609193,-2.8162169485312916e-08,0,0,B,609193,BBB,2013J,Withdrawn
2583,383,BBB_2013J_587194,-2.8162169485312916e-08,0,0,B,587194,BBB,2013J,Fail
2584,2679,BBB_2014B_620304,-2.816248034775981e-08,0,0,A,620304,BBB,2014B,Fail
2585,289,BBB_2013J_531384,-2.817980693237132e-08,1,1,B,531384,BBB,2013J,Pass
2586,269,BBB_2014J_640330,-2.8220824788149912e-08,0,0,A,640330,BBB,2014J,Withdrawn
2587,2695,BBB_2014B_541769,-2.8373534632919473e-08,1,1,B,541769,BBB,2014B,Pass
2588,2990,BBB_2013J_565919,-2.8588122091832702e-08,1,1,B,565919,BBB,2013J,Pass
2589,3202,BBB_2013J_590994,-2.8588122091832702e-08,1,1,B,590994,BBB,2013J,Distinction
2590,2397,BBB_2013J_613191,-2.9124317180162507e-08,0,0,B,613191,BBB,2013J,Withdrawn
2591,1310,BBB_2014B_628982,-2.9142487534272732e-08,0,0,B,628982,BBB,2014B,Fail
2592,2788,BBB_2013J_434397,-2.9265832424130167e-08,1,1,B,434397,BBB,2013J,Pass
2593,187,BBB_2013B_1930254,-2.9285383007504606e-08,0,0,B,1930254,BBB,2013B,Fail
2594,437,BBB_2013J_2115711,-2.9408099067040894e-08,1,1,A,2115711,BBB,2013J,Pass
2595,1207,BBB_2014J_693269,-2.9539895862740195e-08,0,0,B,693269,BBB,2014J,Withdrawn
2596,2439,BBB_2013B_555674,-2.963246537035502e-08,1,1,A,555674,BBB,2013B,Distinction
2597,1020,BBB_2013B_2622465,-2.9925640632200157e-08,1,1,A,2622465,BBB,2013B,Pass
2598,3414,BBB_2014J_626740,-3.016168292901966e-08,1,1,B,626740,BBB,2014J,Pass
2599,2624,BBB_2014J_682364,-3.0841682985283114e-08,0,0,A,682364,BBB,2014J,Withdrawn
2600,1674,BBB_2014J_691514,-3.099991729982321e-08,1,1,B,691514,BBB,2014J,Pass
2601,2120,BBB_2014J_683779,-3.099991729982321e-08,1,1,B,683779,BBB,2014J,Pass
2602,1472,BBB_2014J_195940,-3.099991729982321e-08,1,1,B,195940,BBB,2014J,Pass
2603,3074,BBB_2014J_640225,-3.099991729982321e-08,1,1,B,640225,BBB,2014J,Pass
2604,891,BBB_2013B_547902,-3.15131138961533e-08,1,1,B,547902,BBB,2013B,Pass
2605,3253,BBB_2013B_499387,-3.168493023508745e-08,1,1,B,499387,BBB,2013B,Pass
2606,1499,BBB_2014J_648693,-3.186216090966809e-08,1,1,B,648693,BBB,2014J,Distinction
2607,3093,BBB_2014B_611348,-3.201564879873331e-08,1,1,B,611348,BBB,2014B,Pass
2608,2856,BBB_2013J_608264,-3.2209872102839654e-08,1,1,B,608264,BBB,2013J,Pass
2609,1695,BBB_2013J_565607,-3.2266406435610406e-08,1,1,B,565607,BBB,2013J,Pass
2610,2848,BBB_2014J_404121,-3.2821724005316355e-08,1,1,B,404121,BBB,2014J,Pass
2611,1792,BBB_2014J_697960,-3.2821724005316355e-08,1,1,B,697960,BBB,2014J,Pass
2612,3167,BBB_2013B_2654302,-3.30126965764066e-08,1,1,A,2654302,BBB,2013B,Pass
2613,1095,BBB_2013B_2290090,-3.3798599474721414e-08,1,1,B,2290090,BBB,2013B,Pass
2614,2928,BBB_2013B_489251,-3.507166823624175e-08,1,1,B,489251,BBB,2013B,Pass
2615,2373,BBB_2013J_586854,-3.5194680947370216e-08,0,0,B,586854,BBB,2013J,Withdrawn
2616,2136,BBB_2013J_552177,-3.5305337320323815e-08,0,0,B,552177,BBB,2013J,Fail
2617,63,BBB_2014J_682366,-3.535269144094855e-08,0,0,A,682366,BBB,2014J,Withdrawn
2618,3385,BBB_2014B_573323,-3.542298898651097e-08,1,1,B,573323,BBB,2014B,Distinction
2619,3937,BBB_2014B_617560,-3.542298898651097e-08,1,1,B,617560,BBB,2014B,Pass
2620,656,BBB_2014B_130013,-3.589641295320689e-08,1,1,B,130013,BBB,2014B,Pass
2621,18,BBB_2013B_558747,-3.5977794965447174e-08,1,1,B,558747,BBB,2013B,Pass
2622,1717,BBB_2013B_530669,-3.5977794965447174e-08,1,1,B,530669,BBB,2013B,Pass
2623,110,BBB_2013B_546837,-3.5977794965447174e-08,1,1,B,546837,BBB,2013B,Pass
2624,1941,BBB_2013B_505376,-3.611040355622208e-08,1,1,B,505376,BBB,2013B,Pass
2625,217,BBB_2013J_2567158,-3.6491492494405975e-08,1,1,B,2567158,BBB,2013J,Pass
2626,1468,BBB_2014B_629044,-3.6852359386330136e-08,0,0,B,629044,BBB,2014B,Fail
2627,2661,BBB_2014J_581672,-3.694549732813357e-08,0,0,B,581672,BBB,2014J,Withdrawn
2628,140,BBB_2014J_693615,-3.701915929354982e-08,0,0,A,693615,BBB,2014J,Withdrawn
2629,3219,BBB_2014J_646352,-3.701915929354982e-08,0,0,B,646352,BBB,2014J,Fail
2630,2835,BBB_2014J_680559,-3.728479924802741e-08,0,0,B,680559,BBB,2014J,Fail
2631,3203,BBB_2014B_632503,-3.77545248397837e-08,1,1,B,632503,BBB,2014B,Distinction
2632,2393,BBB_2014B_447184,-3.77545248397837e-08,1,1,B,447184,BBB,2014B,Pass
2633,3591,BBB_2013J_576664,-3.778228219175617e-08,0,0,B,576664,BBB,2013J,Withdrawn
2634,511,BBB_2013J_526810,-3.778228219175617e-08,0,0,B,526810,BBB,2013J,Withdrawn
2635,728,BBB_2013B_518904,-3.7939766883710035e-08,0,0,B,518904,BBB,2013B,Fail
2636,2388,BBB_2013J_507944,-3.837976336740212e-08,0,0,A,507944,BBB,2013J,Withdrawn
2637,439,BBB_2013B_535605,-3.8650401990025784e-08,1,1,B,535605,BBB,2013B,Distinction
2638,561,BBB_2013J_410357,-3.871380016562398e-08,1,1,B,410357,BBB,2013J,Distinction
2639,1667,BBB_2013J_573453,-3.871380016562398e-08,1,1,B,573453,BBB,2013J,Pass
2640,793,BBB_2013J_558333,-3.871380016562398e-08,1,1,B,558333,BBB,2013J,Pass
2641,3413,BBB_2013B_545337,-3.882050592096675e-08,0,0,A,545337,BBB,2013B,Withdrawn
2642,2645,BBB_2014J_611268,-3.919745594771484e-08,1,1,B,611268,BBB,2014J,Distinction
2643,2573,BBB_2013J_292537,-3.957836369750112e-08,1,1,B,292537,BBB,2013J,Pass
2644,2453,BBB_2013J_598865,-3.957836369750112e-08,1,1,B,598865,BBB,2013J,Pass
2645,3471,BBB_2013B_1797614,-3.9651791183814566e-08,1,1,A,1797614,BBB,2013B,Distinction
2646,488,BBB_2013J_575992,-3.977464047011381e-08,0,0,B,575992,BBB,2013J,Withdrawn
2647,399,BBB_2014J_606914,-4.004510500976721e-08,0,0,B,606914,BBB,2014J,Withdrawn
2648,2721,BBB_2014J_424586,-4.004510500976721e-08,0,0,B,424586,BBB,2014J,Withdrawn
2649,2112,BBB_2014J_197527,-4.017264387812247e-08,0,0,B,197527,BBB,2014J,Fail
2650,783,BBB_2013J_593440,-4.042848900098761e-08,0,0,B,593440,BBB,2013J,Withdrawn
2651,3341,BBB_2013J_487214,-4.042848900098761e-08,0,0,B,487214,BBB,2013J,Fail
2652,1675,BBB_2014B_631613,-4.0428950853765855e-08,1,1,B,631613,BBB,2014B,Pass
2653,1372,BBB_2013B_548831,-4.05577829099002e-08,0,0,B,548831,BBB,2013B,Withdrawn
2654,1954,BBB_2013J_197412,-4.07789606526876e-08,1,1,B,197412,BBB,2013J,Pass
2655,2164,BBB_2013J_593081,-4.107842954681473e-08,1,1,B,593081,BBB,2013J,Pass
2656,1662,BBB_2013J_596814,-4.1087190538746654e-08,0,0,B,596814,BBB,2013J,Fail
2657,506,BBB_2013J_520024,-4.1087190538746654e-08,0,0,B,520024,BBB,2013J,Withdrawn
2658,3372,BBB_2014J_651415,-4.111598883582701e-08,1,1,B,651415,BBB,2014J,Pass
2659,693,BBB_2013B_52899,-4.132554920488474e-08,0,0,B,52899,BBB,2013B,Withdrawn
2660,3149,BBB_2013J_248653,-4.254433960682036e-08,1,1,A,248653,BBB,2013J,Distinction
2661,3386,BBB_2014J_298961,-4.264193265157701e-08,1,1,B,298961,BBB,2014J,Pass
2662,280,BBB_2013J_591820,-4.271082332252263e-08,1,1,B,591820,BBB,2013J,Pass
2663,2715,BBB_2014J_426624,-4.3212505573819726e-08,1,1,B,426624,BBB,2014J,Distinction
2664,2379,BBB_2014J_693899,-4.339707260214709e-08,0,0,B,693899,BBB,2014J,Fail
2665,3513,BBB_2013B_509797,-4.397815800416538e-08,0,0,B,509797,BBB,2013B,Fail
2666,2675,BBB_2014J_531753,-4.4466045068247695e-08,1,1,A,531753,BBB,2014J,Pass
2667,692,BBB_2014J_650964,-4.451991131304567e-08,0,0,B,650964,BBB,2014J,Withdrawn
2668,228,BBB_2013J_578600,-4.458876290414082e-08,1,1,B,578600,BBB,2013J,Pass
2669,1112,BBB_2014J_691683,-4.4793353026761906e-08,1,1,B,691683,BBB,2014J,Pass
2670,835,BBB_2014J_497074,-4.4793353026761906e-08,1,1,B,497074,BBB,2014J,Pass
2671,268,BBB_2013B_370302,-4.479579374105924e-08,0,0,A,370302,BBB,2013B,Fail
2672,3545,BBB_2013B_563363,-4.4934068910151836e-08,1,1,B,563363,BBB,2013B,Pass
2673,3232,BBB_2014B_625514,-4.5593466779791925e-08,1,1,A,625514,BBB,2014B,Pass
2674,3663,BBB_2014J_578439,-4.583638357757991e-08,1,1,B,578439,BBB,2014J,Pass
2675,161,BBB_2014J_620135,-4.6730630032243425e-08,0,0,B,620135,BBB,2014J,Withdrawn
2676,237,BBB_2014B_634833,-4.6967961964128335e-08,1,1,B,634833,BBB,2014B,Distinction
2677,1689,BBB_2013J_2078768,-4.745119142057774e-08,1,1,B,2078768,BBB,2013J,Pass
2678,2704,BBB_2013B_506650,-4.756789806492634e-08,0,0,B,506650,BBB,2013B,Withdrawn
2679,1830,BBB_2013J_587623,-4.758290828021927e-08,0,0,B,587623,BBB,2013J,Withdrawn
2680,2611,BBB_2013J_447086,-4.793528773916478e-08,1,1,A,447086,BBB,2013J,Pass
2681,2621,BBB_2014B_318876,-4.8296463717178995e-08,1,1,B,318876,BBB,2014B,Pass
2682,2796,BBB_2013J_593441,-4.831872502109036e-08,0,0,B,593441,BBB,2013J,Withdrawn
2683,1749,BBB_2013J_591034,-4.831872502109036e-08,0,0,B,591034,BBB,2013J,Fail
2684,3058,BBB_2014J_678661,-4.8560064414004955e-08,1,1,B,678661,BBB,2014J,Pass
2685,1259,BBB_2014J_691353,-4.893057337085338e-08,0,0,B,691353,BBB,2014J,Withdrawn
2686,3011,BBB_2014J_195221,-4.898480909787395e-08,0,0,B,195221,BBB,2014J,Fail
2687,636,BBB_2014J_693793,-4.908633144395935e-08,1,1,B,693793,BBB,2014J,Pass
2688,2903,BBB_2013B_554454,-4.909155748578087e-08,0,0,A,554454,BBB,2013B,Withdrawn
2689,3165,BBB_2013J_523398,-4.9651649902671124e-08,0,0,B,523398,BBB,2013J,Fail
2690,1264,BBB_2014B_509696,-5.0135849249954845e-08,1,1,B,509696,BBB,2014B,Pass
2691,3884,BBB_2014J_298187,-5.017444948407501e-08,1,1,B,298187,BBB,2014J,Pass
2692,2861,BBB_2013J_589296,-5.018121029820577e-08,1,1,A,589296,BBB,2013J,Pass
2693,1221,BBB_2013J_593900,-5.024797644637147e-08,1,1,B,593900,BBB,2013J,Pass
2694,2182,BBB_2013J_599836,-5.024797644637147e-08,1,1,B,599836,BBB,2013J,Pass
2695,903,BBB_2013J_571554,-5.024797644637147e-08,1,1,A,571554,BBB,2013J,Pass
2696,1870,BBB_2014J_2487573,-5.036513428535727e-08,1,1,B,2487573,BBB,2014J,Pass
2697,2341,BBB_2013B_513733,-5.105904321567323e-08,0,0,B,513733,BBB,2013B,Fail
2698,2055,BBB_2013B_412654,-5.106659628495436e-08,1,1,A,412654,BBB,2013B,Pass
2699,3721,BBB_2014J_388738,-5.1681180224250056e-08,0,0,A,388738,BBB,2014J,Withdrawn
2700,2395,BBB_2014J_1891028,-5.1681180224250056e-08,0,0,B,1891028,BBB,2014J,Fail
2701,1682,BBB_2014J_593583,-5.195626684439958e-08,0,0,A,593583,BBB,2014J,Withdrawn
2702,1727,BBB_2014B_618151,-5.19861771408614e-08,1,1,B,618151,BBB,2014B,Pass
2703,2246,BBB_2013J_233317,-5.1992884664286976e-08,1,1,B,233317,BBB,2013J,Pass
2704,858,BBB_2014J_700815,-5.2046026155494474e-08,0,0,A,700815,BBB,2014J,Fail
2705,3043,BBB_2014J_679057,-5.351437337708376e-08,0,0,A,679057,BBB,2014J,Withdrawn
2706,3073,BBB_2014B_311599,-5.40086411149332e-08,1,1,B,311599,BBB,2014B,Pass
2707,3069,BBB_2014J_692855,-5.440132255785102e-08,0,0,B,692855,BBB,2014J,Withdrawn
2708,2336,BBB_2014B_624341,-5.4401983362595274e-08,0,0,B,624341,BBB,2014B,Withdrawn
2709,3214,BBB_2014B_619054,-5.4401983362595274e-08,0,0,B,619054,BBB,2014B,Withdrawn
2710,3039,BBB_2014J_682051,-5.445172490681216e-08,1,1,B,682051,BBB,2014J,Pass
2711,1225,BBB_2013B_533996,-5.4855728848224317e-08,0,0,B,533996,BBB,2013B,Withdrawn
2712,2223,BBB_2013J_508079,-5.5296901280144084e-08,1,1,B,508079,BBB,2013J,Pass
2713,2930,BBB_2013J_599709,-5.5301871526580726e-08,0,0,B,599709,BBB,2013J,Fail
2714,3472,BBB_2014J_681150,-5.541983227885794e-08,1,1,B,681150,BBB,2014J,Pass
2715,2183,BBB_2014B_628379,-5.560062632525842e-08,0,0,B,628379,BBB,2014B,Fail
2716,2729,BBB_2014B_320363,-5.560062632525842e-08,0,0,B,320363,BBB,2014B,Fail
2717,1598,BBB_2013J_606097,-5.61988571234906e-08,1,1,B,606097,BBB,2013J,Pass
2718,2658,BBB_2014B_617950,-5.6200491371782846e-08,0,0,B,617950,BBB,2014B,Withdrawn
2719,1611,BBB_2014J_698256,-5.73242218138148e-08,1,1,B,698256,BBB,2014J,Distinction
2720,705,BBB_2013J_509036,-5.7416084331407546e-08,0,0,B,509036,BBB,2013J,Fail
2721,600,BBB_2014J_584509,-5.8891671983474225e-08,1,1,B,584509,BBB,2014J,Pass
2722,3393,BBB_2014B_2308026,-5.964468385855071e-08,1,1,B,2308026,BBB,2014B,Pass
2723,1487,BBB_2014J_606535,-5.965343063962791e-08,1,1,A,606535,BBB,2014J,Pass
2724,3757,BBB_2014J_586502,-5.965343063962791e-08,1,1,B,586502,BBB,2014J,Pass
2725,2969,BBB_2013J_571885,-6.064882285272688e-08,1,1,B,571885,BBB,2013J,Pass
2726,2098,BBB_2014J_622722,-6.072495750686357e-08,0,0,B,622722,BBB,2014J,Withdrawn
2727,79,BBB_2014J_674502,-6.072495750686357e-08,0,0,B,674502,BBB,2014J,Withdrawn
2728,400,BBB_2013J_475215,-6.08215486863628e-08,0,0,B,475215,BBB,2013J,Withdrawn
2729,1696,BBB_2013J_169213,-6.118245465813743e-08,1,1,B,169213,BBB,2013J,Pass
2730,2089,BBB_2014J_497084,-6.134663976808952e-08,1,1,A,497084,BBB,2014J,Pass
2731,2919,BBB_2014J_607923,-6.148322029275732e-08,1,1,B,607923,BBB,2014J,Distinction
2732,2911,BBB_2013B_548520,-6.20867979250761e-08,0,0,A,548520,BBB,2013B,Fail
2733,2195,BBB_2014B_628329,-6.223099546787125e-08,0,0,A,628329,BBB,2014B,Fail
2734,2351,BBB_2013J_569334,-6.250709105870556e-08,0,0,B,569334,BBB,2013J,Fail
2735,1251,BBB_2013J_584676,-6.250709105870556e-08,0,0,B,584676,BBB,2013J,Withdrawn
2736,283,BBB_2013J_527580,-6.251089246234187e-08,1,1,B,527580,BBB,2013J,Pass
2737,496,BBB_2013J_230081,-6.262167318027423e-08,1,1,B,230081,BBB,2013J,Pass
2738,1064,BBB_2013B_549873,-6.265995011744963e-08,0,0,B,549873,BBB,2013B,Withdrawn
2739,2775,BBB_2013B_466959,-6.265995011744963e-08,0,0,A,466959,BBB,2013B,Fail
2740,165,BBB_2014B_605672,-6.291417520287723e-08,1,1,B,605672,BBB,2014B,Pass
2741,3486,BBB_2013B_545480,-6.358232695902188e-08,0,0,B,545480,BBB,2013B,Withdrawn
2742,1814,BBB_2014B_2570092,-6.367603333501393e-08,1,1,B,2570092,BBB,2014B,Distinction
2743,1515,BBB_2014B_339381,-6.367603333501393e-08,1,1,A,339381,BBB,2014B,Pass
2744,204,BBB_2014B_549190,-6.367603333501393e-08,1,1,B,549190,BBB,2014B,Pass
2745,396,BBB_2014B_616464,-6.381584682912944e-08,0,0,B,616464,BBB,2014B,Fail
2746,1888,BBB_2014J_440912,-6.390772711029058e-08,0,0,A,440912,BBB,2014J,Withdrawn
2747,3830,BBB_2014J_638756,-6.439261568402799e-08,1,1,B,638756,BBB,2014J,Pass
2748,790,BBB_2014J_2386867,-6.441545252755532e-08,0,0,B,2386867,BBB,2014J,Withdrawn
2749,175,BBB_2013B_2483179,-6.477817038330613e-08,1,1,B,2483179,BBB,2013B,Distinction
2750,487,BBB_2013B_542084,-6.477817038330613e-08,1,1,B,542084,BBB,2013B,Pass
2751,3144,BBB_2013B_126322,-6.481899816890291e-08,1,1,B,126322,BBB,2013B,Pass
2752,2649,BBB_2014J_678278,-6.501321081486822e-08,0,0,B,678278,BBB,2014J,Withdrawn
2753,3864,BBB_2014B_597882,-6.541563379869331e-08,1,1,B,597882,BBB,2014B,Pass
2754,934,BBB_2014J_648709,-6.565277743675324e-08,0,0,B,648709,BBB,2014J,Withdrawn
2755,2337,BBB_2013J_408106,-6.632531324157753e-08,0,0,B,408106,BBB,2013J,Fail
2756,141,BBB_2013J_577215,-6.646919814556895e-08,0,0,B,577215,BBB,2013J,Withdrawn
2757,183,BBB_2013B_2034350,-6.649521822055249e-08,0,0,A,2034350,BBB,2013B,Withdrawn
2758,3508,BBB_2013J_566358,-6.659580265022669e-08,0,0,B,566358,BBB,2013J,Fail
2759,3465,BBB_2013J_1988213,-6.660074802766758e-08,0,0,B,1988213,BBB,2013J,Withdrawn
2760,2321,BBB_2014J_692215,-6.685603892719882e-08,1,1,B,692215,BBB,2014J,Distinction
2761,1044,BBB_2014B_569663,-6.71250006689661e-08,1,1,B,569663,BBB,2014B,Pass
2762,1457,BBB_2014B_568968,-6.71250006689661e-08,1,1,B,568968,BBB,2014B,Pass
2763,3109,BBB_2014B_155631,-6.71250006689661e-08,1,1,B,155631,BBB,2014B,Pass
2764,751,BBB_2014B_613559,-6.820118869654834e-08,0,0,B,613559,BBB,2014B,Withdrawn
2765,714,BBB_2013B_490514,-6.861267110025437e-08,1,1,B,490514,BBB,2013B,Pass
2766,200,BBB_2014J_364527,-6.86588705889335e-08,1,1,B,364527,BBB,2014J,Pass
2767,3191,BBB_2013B_338861,-6.89238390805258e-08,0,0,B,338861,BBB,2013B,Fail
2768,907,BBB_2013J_478069,-6.900060611769732e-08,1,1,B,478069,BBB,2013J,Pass
2769,3268,BBB_2013B_357030,-6.988562262222331e-08,0,0,B,357030,BBB,2013B,Withdrawn
2770,3065,BBB_2013B_550400,-6.997679946607605e-08,0,0,B,550400,BBB,2013B,Fail
2771,787,BBB_2013B_2685831,-7.059495032990526e-08,1,1,B,2685831,BBB,2013B,Pass
2772,1877,BBB_2014J_653295,-7.067511376135371e-08,0,0,B,653295,BBB,2014J,Withdrawn
2773,1919,BBB_2013J_174222,-7.101832011358056e-08,1,1,B,174222,BBB,2013J,Pass
2774,2816,BBB_2013J_583191,-7.106583410632084e-08,1,1,B,583191,BBB,2013J,Pass
2775,775,BBB_2013B_2300911,-7.166486426513075e-08,0,0,B,2300911,BBB,2013B,Withdrawn
2776,1408,BBB_2013J_576981,-7.206296004369506e-08,1,1,B,576981,BBB,2013J,Pass
2777,2297,BBB_2013J_582636,-7.206296004369506e-08,1,1,B,582636,BBB,2013J,Pass
2778,2517,BBB_2013J_572067,-7.206296004369506e-08,1,1,B,572067,BBB,2013J,Pass
2779,568,BBB_2013J_571503,-7.228415199733718e-08,1,1,B,571503,BBB,2013J,Pass
2780,1658,BBB_2013J_601269,-7.228415199733718e-08,1,1,B,601269,BBB,2013J,Pass
2781,784,BBB_2013J_523655,-7.228415199733718e-08,1,1,B,523655,BBB,2013J,Pass
2782,176,BBB_2013J_596107,-7.228415199733718e-08,1,1,B,596107,BBB,2013J,Pass
2783,2631,BBB_2013B_426650,-7.249740718862085e-08,1,1,B,426650,BBB,2013B,Pass
2784,1552,BBB_2014J_493763,-7.297749249346452e-08,0,0,B,493763,BBB,2014J,Withdrawn
2785,3473,BBB_2014J_648487,-7.316661054801443e-08,1,1,A,648487,BBB,2014J,Pass
2786,3257,BBB_2013J_549129,-7.341570551488985e-08,1,1,B,549129,BBB,2013J,Pass
2787,1702,BBB_2013J_582878,-7.348026542786101e-08,1,1,B,582878,BBB,2013J,Pass
2788,3647,BBB_2014J_590416,-7.393276035827512e-08,0,0,B,590416,BBB,2014J,Fail
2789,864,BBB_2013J_603270,-7.420391057166853e-08,0,0,B,603270,BBB,2013J,Fail
2790,1485,BBB_2013J_541171,-7.439994220703738e-08,0,0,B,541171,BBB,2013J,Withdrawn
2791,1269,BBB_2013J_512940,-7.447918903835671e-08,1,1,B,512940,BBB,2013J,Pass
2792,2983,BBB_2013J_581826,-7.456091566382383e-08,0,0,A,581826,BBB,2013J,Withdrawn
2793,1227,BBB_2013J_503804,-7.51467652548854e-08,1,1,B,503804,BBB,2013J,Pass
2794,3576,BBB_2013B_433939,-7.580250382943632e-08,0,0,B,433939,BBB,2013B,Fail
2795,2634,BBB_2014B_632302,-7.594867668103689e-08,1,1,B,632302,BBB,2014B,Pass
2796,975,BBB_2014J_604950,-7.635508580960959e-08,1,1,B,604950,BBB,2014J,Pass
2797,2646,BBB_2013J_178738,-7.650022126881595e-08,0,0,B,178738,BBB,2013J,Fail
2798,3559,BBB_2013J_329030,-7.650022126881595e-08,0,0,A,329030,BBB,2013J,Fail
2799,294,BBB_2014J_604990,-7.661186174345858e-08,1,1,B,604990,BBB,2014J,Pass
2800,1296,BBB_2013J_610776,-7.70285240037083e-08,0,0,B,610776,BBB,2013J,Fail
2801,3157,BBB_2014B_50069,-7.753804709409451e-08,0,0,B,50069,BBB,2014B,Fail
2802,3116,BBB_2014J_297806,-7.805051183140677e-08,0,0,B,297806,BBB,2014J,Fail
2803,1720,BBB_2014J_689178,-7.826841397218232e-08,0,0,B,689178,BBB,2014J,Fail
2804,1136,BBB_2014B_623935,-7.833779847032929e-08,1,1,B,623935,BBB,2014B,Pass
2805,1353,BBB_2013J_574125,-7.83900659939718e-08,1,1,B,574125,BBB,2013J,Pass
2806,992,BBB_2014J_655878,-7.845230243219703e-08,0,0,B,655878,BBB,2014J,Withdrawn
2807,1648,BBB_2013B_559031,-7.889735087474037e-08,1,1,B,559031,BBB,2013B,Pass
2808,2857,BBB_2014B_618399,-7.890211861649732e-08,1,1,B,618399,BBB,2014B,Pass
2809,191,BBB_2013B_518879,-7.904140630898837e-08,1,1,B,518879,BBB,2013B,Pass
2810,2294,BBB_2014J_1453140,-7.91203333960766e-08,0,0,A,1453140,BBB,2014J,Withdrawn
2811,3349,BBB_2014J_650565,-7.961471482076377e-08,0,0,B,650565,BBB,2014J,Fail
2812,3653,BBB_2013B_389369,-8.012633401222047e-08,1,1,A,389369,BBB,2013B,Distinction
2813,1438,BBB_2013J_599016,-8.231063475250266e-08,1,1,B,599016,BBB,2013J,Pass
2814,1165,BBB_2013B_186670,-8.273148210946601e-08,0,0,B,186670,BBB,2013B,Fail
2815,1679,BBB_2013J_484301,-8.302851739472317e-08,1,1,B,484301,BBB,2013J,Pass
2816,993,BBB_2014J_155484,-8.30665527473684e-08,1,1,B,155484,BBB,2014J,Distinction
2817,1382,BBB_2014J_603121,-8.390608030595104e-08,0,0,B,603121,BBB,2014J,Fail
2818,1138,BBB_2014J_674548,-8.390608030595104e-08,0,0,B,674548,BBB,2014J,Withdrawn
2819,2965,BBB_2013J_615148,-8.442136589792426e-08,0,0,B,615148,BBB,2013J,Withdrawn
2820,3238,BBB_2013J_580654,-8.442136589792426e-08,0,0,B,580654,BBB,2013J,Withdrawn
2821,3925,BBB_2013B_517617,-8.486770042281933e-08,1,1,B,517617,BBB,2013B,Pass
2822,113,BBB_2013J_558962,-8.515803529007826e-08,1,1,B,558962,BBB,2013J,Pass
2823,2913,BBB_2014J_686987,-8.51671444479507e-08,1,1,B,686987,BBB,2014J,Pass
2824,2023,BBB_2013J_522434,-8.519491956349157e-08,1,1,A,522434,BBB,2013J,Pass
2825,3834,BBB_2014B_634615,-8.534465223419829e-08,0,0,A,634615,BBB,2014B,Fail
2826,1539,BBB_2014B_589444,-8.535305084933498e-08,1,1,B,589444,BBB,2014B,Distinction
2827,1705,BBB_2013B_561455,-8.542704676983703e-08,1,1,B,561455,BBB,2013B,Pass
2828,759,BBB_2014J_269510,-8.582957633507249e-08,0,0,B,269510,BBB,2014J,Fail
2829,3395,BBB_2014J_599323,-8.582957633507249e-08,0,0,B,599323,BBB,2014J,Fail
2830,3433,BBB_2014J_571395,-8.582957633507249e-08,0,0,B,571395,BBB,2014J,Fail
2831,248,BBB_2014B_485262,-8.611562662963479e-08,1,1,B,485262,BBB,2014B,Pass
2832,924,BBB_2013J_569930,-8.613713475824625e-08,1,1,B,569930,BBB,2013J,Pass
2833,104,BBB_2013B_521430,-8.641810467224786e-08,1,1,B,521430,BBB,2013B,Distinction
2834,304,BBB_2013B_556502,-8.649112004377457e-08,1,1,B,556502,BBB,2013B,Pass
2835,272,BBB_2013J_582578,-8.652294525290927e-08,1,1,B,582578,BBB,2013J,Pass
2836,2326,BBB_2014J_693682,-8.687184305244955e-08,1,1,B,693682,BBB,2014J,Pass
2837,3387,BBB_2014J_579409,-8.687184305244955e-08,1,1,B,579409,BBB,2014J,Pass
2838,3634,BBB_2013J_375960,-8.724587985398102e-08,1,1,B,375960,BBB,2013J,Pass
2839,1664,BBB_2013B_323914,-8.739289114600979e-08,0,0,B,323914,BBB,2013B,Fail
2840,343,BBB_2014B_511506,-8.754460623094928e-08,0,0,B,511506,BBB,2014B,Fail
2841,2807,BBB_2014B_285567,-8.75977619330115e-08,1,1,B,285567,BBB,2014B,Pass
2842,1636,BBB_2014J_689069,-8.778170013101771e-08,0,0,B,689069,BBB,2014J,Fail
2843,1740,BBB_2013B_553938,-8.805367457398461e-08,0,0,B,553938,BBB,2013B,Withdrawn
2844,1661,BBB_2013J_574250,-8.80854003071363e-08,1,1,B,574250,BBB,2013J,Pass
2845,3779,BBB_2013B_530065,-8.824700614695757e-08,1,1,B,530065,BBB,2013B,Pass
2846,3348,BBB_2013B_193822,-8.841780640977959e-08,1,1,B,193822,BBB,2013B,Pass
2847,999,BBB_2013B_546407,-8.880329716021151e-08,1,1,B,546407,BBB,2013B,Pass
2848,2443,BBB_2013B_70608,-8.902125614440592e-08,1,1,B,70608,BBB,2013B,Distinction
2849,3102,BBB_2014B_614270,-8.9207496500876e-08,0,0,B,614270,BBB,2014B,Withdrawn
2850,3918,BBB_2014J_530941,-8.946546614652107e-08,1,1,B,530941,BBB,2014J,Pass
2851,357,BBB_2014J_587860,-8.959798947216768e-08,1,1,B,587860,BBB,2014J,Pass
2852,1862,BBB_2013B_560319,-8.96066509881166e-08,1,1,B,560319,BBB,2013B,Pass
2853,1333,BBB_2014B_626840,-8.976044796327187e-08,0,0,B,626840,BBB,2014B,Withdrawn
2854,199,BBB_2014J_322574,-8.997521661058272e-08,0,0,B,322574,BBB,2014J,Fail
2855,2889,BBB_2013J_594928,-9.007886347944805e-08,1,1,B,594928,BBB,2013J,Pass
2856,3806,BBB_2014B_190565,-9.011301216332868e-08,1,1,B,190565,BBB,2014B,Pass
2857,1728,BBB_2013B_533846,-9.062798511649817e-08,0,0,B,533846,BBB,2013B,Fail
2858,1120,BBB_2014J_674746,-9.073739448695051e-08,0,0,B,674746,BBB,2014J,Withdrawn
2859,1072,BBB_2013B_530987,-9.097993114437486e-08,1,1,B,530987,BBB,2013B,Pass
2860,3661,BBB_2013B_549158,-9.097993114437486e-08,1,1,B,549158,BBB,2013B,Pass
2861,2525,BBB_2013B_2620178,-9.142518564431157e-08,1,1,A,2620178,BBB,2013B,Distinction
2862,1034,BBB_2014J_613909,-9.150568303084583e-08,1,1,B,613909,BBB,2014J,Pass
2863,251,BBB_2013J_573694,-9.17008904366412e-08,0,0,B,573694,BBB,2013J,Withdrawn
2864,2609,BBB_2014B_634483,-9.173272275120326e-08,1,1,B,634483,BBB,2014B,Pass
2865,2790,BBB_2013J_519945,-9.192604721874886e-08,0,0,B,519945,BBB,2013J,Withdrawn
2866,2753,BBB_2013J_472262,-9.192604721874886e-08,0,0,B,472262,BBB,2013J,Fail
2867,3266,BBB_2013B_2425726,-9.223358432564055e-08,0,0,B,2425726,BBB,2013B,Withdrawn
2868,441,BBB_2014J_695405,-9.270671341710113e-08,0,0,B,695405,BBB,2014J,Fail
2869,1006,BBB_2014J_656412,-9.281392010507261e-08,0,0,B,656412,BBB,2014J,Withdrawn
2870,1319,BBB_2014J_648754,-9.281392010507261e-08,0,0,B,648754,BBB,2014J,Withdrawn
2871,2685,BBB_2014J_688710,-9.281392010507261e-08,0,0,B,688710,BBB,2014J,Withdrawn
2872,1778,BBB_2013B_519387,-9.334761585932938e-08,0,0,B,519387,BBB,2013B,Fail
2873,1925,BBB_2013B_545799,-9.334761585932938e-08,0,0,B,545799,BBB,2013B,Withdrawn
2874,846,BBB_2014J_561752,-9.347503038270588e-08,1,1,B,561752,BBB,2014J,Pass
2875,2245,BBB_2014B_610340,-9.36015709385174e-08,0,0,B,610340,BBB,2014B,Fail
2876,3863,BBB_2013B_520049,-9.370732101388057e-08,0,0,B,520049,BBB,2013B,Withdrawn
2877,1563,BBB_2013J_589471,-9.371975551175638e-08,0,0,B,589471,BBB,2013J,Withdrawn
2878,1896,BBB_2014B_620129,-9.408059042925743e-08,1,1,B,620129,BBB,2014B,Pass
2879,2432,BBB_2014B_561061,-9.408059042925743e-08,1,1,B,561061,BBB,2014B,Pass
2880,510,BBB_2013J_579619,-9.492320884874061e-08,1,1,B,579619,BBB,2013J,Pass
2881,1355,BBB_2013J_609873,-9.607180118109682e-08,0,0,B,609873,BBB,2013J,Withdrawn
2882,2720,BBB_2013J_572733,-9.611095919126456e-08,1,1,B,572733,BBB,2013J,Pass
2883,3423,BBB_2013J_496442,-9.624965002785757e-08,1,1,B,496442,BBB,2013J,Pass
2884,1102,BBB_2014B_506650,-9.646617371572574e-08,1,1,B,506650,BBB,2014B,Pass
2885,1439,BBB_2013J_525885,-9.667541434055238e-08,0,0,B,525885,BBB,2013J,Fail
2886,669,BBB_2014J_2353764,-9.702273473521927e-08,1,1,B,2353764,BBB,2014J,Pass
2887,2002,BBB_2014B_626297,-9.752513108196581e-08,0,0,B,626297,BBB,2014B,Fail
2888,1449,BBB_2014B_552896,-9.771449782647323e-08,0,0,B,552896,BBB,2014B,Withdrawn
2889,909,BBB_2014J_561979,-9.780035981066248e-08,1,1,B,561979,BBB,2014J,Pass
2890,2923,BBB_2013J_483703,-9.784325527562032e-08,0,0,B,483703,BBB,2013J,Withdrawn
2891,1811,BBB_2014B_2094350,-9.816397295026036e-08,0,0,B,2094350,BBB,2014B,Fail
2892,1821,BBB_2013J_2579817,-9.849338056255874e-08,0,0,B,2579817,BBB,2013J,Withdrawn
2893,3753,BBB_2014J_387773,-9.854045401880285e-08,1,1,B,387773,BBB,2014J,Distinction
2894,1081,BBB_2013B_513368,-9.891967778230537e-08,0,0,B,513368,BBB,2013B,Withdrawn
2895,2208,BBB_2013J_520100,-9.970226244604419e-08,0,0,B,520100,BBB,2013J,Fail
2896,3496,BBB_2014B_627115,-1.0040528763965995e-07,1,1,B,627115,BBB,2014B,Distinction
2897,3096,BBB_2014J_656276,-1.0041132725291391e-07,0,0,B,656276,BBB,2014J,Fail
2898,3557,BBB_2014J_642802,-1.0041132725291391e-07,0,0,B,642802,BBB,2014J,Withdrawn
2899,2196,BBB_2014J_676973,-1.0041132725291391e-07,0,0,B,676973,BBB,2014J,Withdrawn
2900,2666,BBB_2013J_471711,-1.0078387902012764e-07,1,1,B,471711,BBB,2013J,Pass
2901,443,BBB_2013B_277733,-1.0108178116752242e-07,1,1,B,277733,BBB,2013B,Pass
2902,2975,BBB_2013B_508662,-1.0151004659064711e-07,1,1,B,508662,BBB,2013B,Pass
2903,1348,BBB_2013J_404269,-1.0204029621263544e-07,1,1,B,404269,BBB,2013J,Pass
2904,265,BBB_2013B_535269,-1.024675597705027e-07,0,0,B,535269,BBB,2013B,Withdrawn
2905,2387,BBB_2013B_560005,-1.024675597705027e-07,0,0,B,560005,BBB,2013B,Withdrawn
2906,826,BBB_2013B_548403,-1.024675597705027e-07,0,0,B,548403,BBB,2013B,Fail
2907,831,BBB_2013J_549918,-1.0269505423821101e-07,0,0,B,549918,BBB,2013J,Fail
2908,950,BBB_2014J_229326,-1.0281575413273458e-07,0,0,B,229326,BBB,2014J,Withdrawn
2909,1354,BBB_2014J_697653,-1.0359013202787537e-07,0,0,B,697653,BBB,2014J,Withdrawn
2910,711,BBB_2013B_252652,-1.0376599846040335e-07,0,0,B,252652,BBB,2013B,Withdrawn
2911,535,BBB_2014J_2627493,-1.042066557488397e-07,0,0,B,2627493,BBB,2014J,Withdrawn
2912,3816,BBB_2013B_548885,-1.0485793211501004e-07,1,1,B,548885,BBB,2013B,Distinction
2913,2370,BBB_2014B_633669,-1.0507362446787738e-07,1,1,B,633669,BBB,2014B,Pass
2914,1083,BBB_2013B_630346,-1.0541749873027584e-07,0,0,B,630346,BBB,2013B,Fail
2915,1388,BBB_2013J_579486,-1.0587896781544259e-07,0,0,A,579486,BBB,2013J,Withdrawn
2916,2694,BBB_2014J_645359,-1.0598448341170297e-07,1,1,B,645359,BBB,2014J,Pass
2917,363,BBB_2014B_617134,-1.063185592897753e-07,0,0,B,617134,BBB,2014B,Withdrawn
2918,1643,BBB_2014J_534715,-1.0657985427542371e-07,1,1,A,534715,BBB,2014J,Pass
2919,67,BBB_2013J_590668,-1.0677415218651731e-07,0,0,B,590668,BBB,2013J,Withdrawn
2920,2059,BBB_2014B_1626021,-1.0692980367821292e-07,1,1,B,1626021,BBB,2014B,Pass
2921,2574,BBB_2014J_493443,-1.0726553512085957e-07,1,1,B,493443,BBB,2014J,Pass
2922,666,BBB_2013J_604238,-1.0753733192814252e-07,1,1,B,604238,BBB,2013J,Pass
2923,3879,BBB_2013J_606697,-1.0773502623351305e-07,1,1,B,606697,BBB,2013J,Pass
2924,1203,BBB_2014J_549288,-1.0819567108910633e-07,0,0,B,549288,BBB,2014J,Withdrawn
2925,2186,BBB_2014J_697857,-1.086499636926419e-07,1,1,B,697857,BBB,2014J,Pass
2926,2338,BBB_2014J_650958,-1.086499636926419e-07,1,1,B,650958,BBB,2014J,Pass
2927,307,BBB_2014B_347864,-1.0871286804103875e-07,0,0,A,347864,BBB,2014B,Withdrawn
2928,411,BBB_2014J_694448,-1.0878071066144912e-07,0,0,B,694448,BBB,2014J,Withdrawn
2929,610,BBB_2013J_30091,-1.0947112372150514e-07,1,1,B,30091,BBB,2013J,Pass
2930,685,BBB_2014J_648311,-1.0963936603047841e-07,0,0,B,648311,BBB,2014J,Fail
2931,586,BBB_2014J_599108,-1.1004694755456512e-07,0,0,B,599108,BBB,2014J,Fail
2932,2179,BBB_2014J_648194,-1.1052792103782849e-07,1,1,B,648194,BBB,2014J,Pass
2933,3127,BBB_2014J_677879,-1.106210305579225e-07,0,0,B,677879,BBB,2014J,Fail
2934,1946,BBB_2013B_410739,-1.107718219373055e-07,1,1,B,410739,BBB,2013B,Pass
2935,1936,BBB_2014B_628954,-1.1090891405274306e-07,1,1,B,628954,BBB,2014B,Pass
2936,3047,BBB_2014J_653958,-1.1108539155202379e-07,1,1,B,653958,BBB,2014J,Pass
2937,1684,BBB_2014J_682409,-1.1108539155202379e-07,1,1,B,682409,BBB,2014J,Pass
2938,2220,BBB_2014J_648063,-1.1108539155202379e-07,1,1,B,648063,BBB,2014J,Pass
2939,1841,BBB_2013J_538210,-1.11478577480284e-07,1,1,B,538210,BBB,2013J,Pass
2940,2276,BBB_2013B_527164,-1.1156301837900173e-07,1,1,B,527164,BBB,2013B,Distinction
2941,2890,BBB_2014J_72349,-1.1180741665839378e-07,0,0,B,72349,BBB,2014J,Withdrawn
2942,122,BBB_2013B_2205383,-1.1200672389577448e-07,0,0,B,2205383,BBB,2013B,Fail
2943,284,BBB_2014J_652906,-1.1204639349671197e-07,0,0,B,652906,BBB,2014J,Withdrawn
2944,3933,BBB_2013B_532950,-1.1256868504005979e-07,1,1,B,532950,BBB,2013B,Pass
2945,2455,BBB_2013J_525974,-1.1359600193827646e-07,1,1,B,525974,BBB,2013J,Distinction
2946,2071,BBB_2013J_597078,-1.1363556495780358e-07,0,0,A,597078,BBB,2013J,Fail
2947,1451,BBB_2014B_593465,-1.1364414831405156e-07,0,0,B,593465,BBB,2014B,Withdrawn
2948,2126,BBB_2013J_234929,-1.1365792573769795e-07,0,0,B,234929,BBB,2013J,Fail
2949,252,BBB_2013J_602066,-1.1487343698490804e-07,1,1,A,602066,BBB,2013J,Pass
2950,3841,BBB_2013B_554374,-1.1497058949316852e-07,1,1,B,554374,BBB,2013B,Distinction
2951,841,BBB_2013B_318056,-1.150765740476345e-07,1,1,B,318056,BBB,2013B,Pass
2952,3051,BBB_2013B_523966,-1.150765740476345e-07,1,1,B,523966,BBB,2013B,Pass
2953,3561,BBB_2014J_623689,-1.1536513255805403e-07,1,1,B,623689,BBB,2014J,Pass
2954,2908,BBB_2014J_612566,-1.155985316358965e-07,1,1,B,612566,BBB,2014J,Pass
2955,1437,BBB_2013B_536189,-1.1569058244731423e-07,1,1,B,536189,BBB,2013B,Pass
2956,2758,BBB_2014J_559344,-1.1579106740100542e-07,1,1,A,559344,BBB,2014J,Pass
2957,554,BBB_2014J_677877,-1.1582610426330575e-07,0,0,B,677877,BBB,2014J,Withdrawn
2958,1429,BBB_2014J_688263,-1.1582610426330575e-07,0,0,B,688263,BBB,2014J,Fail
2959,3784,BBB_2013B_546015,-1.161654381576227e-07,0,0,B,546015,BBB,2013B,Withdrawn
2960,2096,BBB_2014B_585547,-1.166799066254498e-07,1,1,B,585547,BBB,2014B,Pass
2961,812,BBB_2014J_653633,-1.1769245134019002e-07,0,0,A,653633,BBB,2014J,Withdrawn
2962,2343,BBB_2014B_264106,-1.1776128872043046e-07,1,1,B,264106,BBB,2014B,Pass
2963,3707,BBB_2013J_542296,-1.1776555197684502e-07,1,1,B,542296,BBB,2013J,Pass
2964,324,BBB_2014J_683145,-1.178290034431484e-07,1,1,B,683145,BBB,2014J,Pass
2965,3645,BBB_2013J_388052,-1.183886695343972e-07,1,1,B,388052,BBB,2013J,Pass
2966,2594,BBB_2013B_534713,-1.1845220626582886e-07,0,0,B,534713,BBB,2013B,Withdrawn
2967,3330,BBB_2013J_551234,-1.1846193359588142e-07,1,1,B,551234,BBB,2013J,Pass
2968,1394,BBB_2013B_543630,-1.185000968462191e-07,0,0,B,543630,BBB,2013B,Fail
2969,3153,BBB_2014J_683993,-1.1898006846422504e-07,0,0,B,683993,BBB,2014J,Withdrawn
2970,972,BBB_2014J_691367,-1.1898006846422504e-07,0,0,A,691367,BBB,2014J,Withdrawn
2971,2108,BBB_2013B_392428,-1.1902298524546495e-07,1,1,B,392428,BBB,2013B,Pass
2972,3774,BBB_2014J_586376,-1.1910014308114114e-07,1,1,B,586376,BBB,2014J,Pass
2973,3641,BBB_2013B_406311,-1.1930070797916414e-07,0,0,A,406311,BBB,2013B,Fail
2974,1908,BBB_2013B_82741,-1.1933782673168025e-07,1,1,B,82741,BBB,2013B,Pass
2975,2268,BBB_2014J_2670300,-1.1984811010279373e-07,1,1,B,2670300,BBB,2014J,Pass
2976,1898,BBB_2013J_608578,-1.2052866793510475e-07,1,1,B,608578,BBB,2013J,Pass
2977,3394,BBB_2013B_554894,-1.2079655675734102e-07,1,1,B,554894,BBB,2013B,Pass
2978,348,BBB_2013B_498131,-1.2079655675734102e-07,1,1,B,498131,BBB,2013B,Pass
2979,267,BBB_2013B_537898,-1.2079655675734102e-07,1,1,B,537898,BBB,2013B,Pass
2980,246,BBB_2013B_541763,-1.2087905076896277e-07,0,0,B,541763,BBB,2013B,Fail
2981,3059,BBB_2013B_2480865,-1.2090492873539915e-07,0,0,B,2480865,BBB,2013B,Withdrawn
2982,1649,BBB_2013B_1753965,-1.2141460103975987e-07,1,1,A,1753965,BBB,2013B,Pass
2983,2774,BBB_2013B_2470672,-1.2163016549493477e-07,0,0,B,2470672,BBB,2013B,Fail
2984,2072,BBB_2013J_2573570,-1.2211475564072316e-07,0,0,B,2573570,BBB,2013J,Withdrawn
2985,776,BBB_2014B_2303083,-1.2300495200179284e-07,0,0,B,2303083,BBB,2014B,Fail
2986,1697,BBB_2014B_629835,-1.2301046581342234e-07,1,1,A,629835,BBB,2014B,Pass
2987,2201,BBB_2014J_400549,-1.2333681809195696e-07,1,1,B,400549,BBB,2014J,Pass
2988,635,BBB_2013J_468482,-1.2346757216619153e-07,0,0,B,468482,BBB,2013J,Withdrawn
2989,3926,BBB_2014B_622132,-1.2349057953997544e-07,1,1,B,622132,BBB,2014B,Distinction
2990,2144,BBB_2014B_628635,-1.2349057953997544e-07,1,1,B,628635,BBB,2014B,Pass
2991,3081,BBB_2014J_622313,-1.240405822500179e-07,1,1,B,622313,BBB,2014J,Pass
2992,195,BBB_2014B_613205,-1.2486839295888785e-07,0,0,B,613205,BBB,2014B,Fail
2993,1760,BBB_2014J_578710,-1.2500886725774762e-07,1,1,B,578710,BBB,2014J,Pass
2994,3249,BBB_2013B_557528,-1.2577932295698702e-07,1,1,B,557528,BBB,2013B,Pass
2995,2251,BBB_2013B_545702,-1.2590341214036016e-07,1,1,B,545702,BBB,2013B,Pass
2996,3355,BBB_2013B_493377,-1.265225648694468e-07,0,0,B,493377,BBB,2013B,Withdrawn
2997,2824,BBB_2013B_1521540,-1.2701048035523854e-07,1,1,B,1521540,BBB,2013B,Distinction
2998,1420,BBB_2013J_2029037,-1.2713459796032112e-07,1,1,B,2029037,BBB,2013J,Pass
2999,2512,BBB_2014J_649962,-1.2721621089895052e-07,1,1,B,649962,BBB,2014J,Pass
3000,2270,BBB_2014J_572106,-1.2738979648929671e-07,0,0,B,572106,BBB,2014J,Fail
3001,2537,BBB_2014B_624196,-1.2747163680160156e-07,1,1,B,624196,BBB,2014B,Pass
3002,313,BBB_2014B_627118,-1.286622364204959e-07,1,1,B,627118,BBB,2014B,Pass
3003,1142,BBB_2014B_633386,-1.2887458922250516e-07,1,1,B,633386,BBB,2014B,Pass
3004,2494,BBB_2014B_624011,-1.2921024961087824e-07,1,1,B,624011,BBB,2014B,Pass
3005,2484,BBB_2014B_495958,-1.297223093388311e-07,0,0,B,495958,BBB,2014B,Withdrawn
3006,2701,BBB_2014B_614741,-1.2977616847820173e-07,1,1,B,614741,BBB,2014B,Pass
3007,114,BBB_2014J_651814,-1.2981043084892008e-07,0,0,A,651814,BBB,2014J,Withdrawn
3008,3622,BBB_2013B_504102,-1.307685408846737e-07,1,1,B,504102,BBB,2013B,Pass
3009,2296,BBB_2014B_284593,-1.3164850543034845e-07,0,0,B,284593,BBB,2014B,Withdrawn
3010,2837,BBB_2014J_657290,-1.318072833100814e-07,1,1,B,657290,BBB,2014J,Pass
3011,21,BBB_2014J_574063,-1.318072833100814e-07,1,1,B,574063,BBB,2014J,Pass
3012,2371,BBB_2013J_512977,-1.3215650085385278e-07,1,1,A,512977,BBB,2013J,Pass
3013,877,BBB_2013J_587418,-1.3215650085385278e-07,1,1,B,587418,BBB,2013J,Pass
3014,2344,BBB_2013J_545443,-1.3215650085385278e-07,1,1,B,545443,BBB,2013J,Pass
3015,1230,BBB_2013B_433531,-1.3239436214007583e-07,1,1,B,433531,BBB,2013B,Pass
3016,848,BBB_2014B_2574365,-1.3239673535281327e-07,1,1,B,2574365,BBB,2014B,Distinction
3017,2757,BBB_2013J_566415,-1.3254872044399235e-07,1,1,B,566415,BBB,2013J,Pass
3018,74,BBB_2013J_582243,-1.3279044708269794e-07,0,0,B,582243,BBB,2013J,Withdrawn
3019,2945,BBB_2014B_612396,-1.3301180956659664e-07,0,0,B,612396,BBB,2014B,Fail
3020,1346,BBB_2014B_618981,-1.3339666793399374e-07,1,1,B,618981,BBB,2014B,Pass
3021,1039,BBB_2013B_546921,-1.3464547521380155e-07,1,1,A,546921,BBB,2013B,Pass
3022,2160,BBB_2013J_31849,-1.3595887082828995e-07,1,1,B,31849,BBB,2013J,Pass
3023,2493,BBB_2013J_586440,-1.3743573390456731e-07,1,1,B,586440,BBB,2013J,Pass
3024,536,BBB_2013B_552822,-1.3766272388693324e-07,1,1,B,552822,BBB,2013B,Pass
3025,2212,BBB_2013B_255347,-1.378040366262212e-07,1,1,B,255347,BBB,2013B,Pass
3026,352,BBB_2014B_470113,-1.3840494261785352e-07,1,1,B,470113,BBB,2014B,Pass
3027,1588,BBB_2013J_243851,-1.3974292301099922e-07,1,1,B,243851,BBB,2013J,Pass
3028,1547,BBB_2013J_512417,-1.4023979133526154e-07,1,1,B,512417,BBB,2013J,Pass
3029,3873,BBB_2013J_409945,-1.404702771878874e-07,1,1,B,409945,BBB,2013J,Pass
3030,1084,BBB_2014J_572538,-1.4131335035472148e-07,1,1,B,572538,BBB,2014J,Pass
3031,1904,BBB_2013B_554545,-1.417007524651126e-07,0,0,A,554545,BBB,2013B,Withdrawn
3032,701,BBB_2013B_2664301,-1.4194924347066262e-07,0,0,B,2664301,BBB,2013B,Fail
3033,6,BBB_2013J_600770,-1.4214921861821495e-07,0,0,B,600770,BBB,2013J,Fail
3034,3554,BBB_2013J_532114,-1.4230981548735144e-07,0,0,B,532114,BBB,2013J,Withdrawn
3035,1979,BBB_2014B_586417,-1.4247960677948868e-07,0,0,B,586417,BBB,2014B,Withdrawn
3036,3488,BBB_2014B_279557,-1.4247960677948868e-07,0,0,B,279557,BBB,2014B,Withdrawn
3037,202,BBB_2013J_364185,-1.4271618908878736e-07,0,0,B,364185,BBB,2013J,Withdrawn
3038,2193,BBB_2013J_581492,-1.4295710570877418e-07,0,0,B,581492,BBB,2013J,Withdrawn
3039,906,BBB_2013B_538138,-1.431351108749368e-07,0,0,B,538138,BBB,2013B,Withdrawn
3040,391,BBB_2013J_588265,-1.4363847355980397e-07,1,1,B,588265,BBB,2013J,Pass
3041,2374,BBB_2013B_339946,-1.4463832087585615e-07,0,0,B,339946,BBB,2013B,Withdrawn
3042,1110,BBB_2014J_682483,-1.452155942160971e-07,1,1,B,682483,BBB,2014J,Pass
3043,2534,BBB_2013J_596360,-1.4598312247926515e-07,0,0,A,596360,BBB,2013J,Fail
3044,1836,BBB_2013B_2517864,-1.4679639548376144e-07,1,1,B,2517864,BBB,2013B,Pass
3045,3828,BBB_2013J_568370,-1.4693551975142327e-07,0,0,B,568370,BBB,2013J,Withdrawn
3046,293,BBB_2014J_2159336,-1.4706532169839193e-07,0,0,B,2159336,BBB,2014J,Withdrawn
3047,3186,BBB_2014J_417971,-1.477705211527791e-07,0,0,B,417971,BBB,2014J,Withdrawn
3048,1097,BBB_2013J_532869,-1.483607405816656e-07,1,1,B,532869,BBB,2013J,Pass
3049,1704,BBB_2013B_554482,-1.4841809559129615e-07,0,0,B,554482,BBB,2013B,Withdrawn
3050,774,BBB_2013B_511527,-1.4951282878428174e-07,0,0,B,511527,BBB,2013B,Fail
3051,410,BBB_2014J_655224,-1.511982361535047e-07,0,0,B,655224,BBB,2014J,Withdrawn
3052,1609,BBB_2014J_620550,-1.511982361535047e-07,0,0,B,620550,BBB,2014J,Fail
3053,2689,BBB_2014J_573873,-1.511982361535047e-07,0,0,B,573873,BBB,2014J,Fail
3054,431,BBB_2013J_577376,-1.5173648648669769e-07,1,1,B,577376,BBB,2013J,Pass
3055,1891,BBB_2014B_617764,-1.527580621996094e-07,1,1,B,617764,BBB,2014B,Pass
3056,3267,BBB_2014B_617012,-1.5301181122140406e-07,1,1,A,617012,BBB,2014B,Pass
3057,1266,BBB_2013J_498892,-1.5324290814078267e-07,0,0,A,498892,BBB,2013J,Fail
3058,365,BBB_2013J_609850,-1.5324290814078267e-07,0,0,B,609850,BBB,2013J,Fail
3059,1248,BBB_2013B_537392,-1.5342716608301998e-07,0,0,B,537392,BBB,2013B,Withdrawn
3060,3031,BBB_2013B_497468,-1.5428810229423107e-07,1,1,B,497468,BBB,2013B,Pass
3061,3697,BBB_2013B_534360,-1.5594144997521653e-07,1,1,A,534360,BBB,2013B,Pass
3062,3230,BBB_2014J_193310,-1.560752878049243e-07,1,1,B,193310,BBB,2014J,Pass
3063,3239,BBB_2013B_443108,-1.561095928082068e-07,0,0,B,443108,BBB,2013B,Withdrawn
3064,1759,BBB_2013B_363660,-1.5624910076894594e-07,1,1,A,363660,BBB,2013B,Distinction
3065,2643,BBB_2013J_601505,-1.5674869757731358e-07,0,0,B,601505,BBB,2013J,Fail
3066,3126,BBB_2013B_548504,-1.5752793558476696e-07,1,1,A,548504,BBB,2013B,Distinction
3067,1670,BBB_2014B_628142,-1.575737655912235e-07,0,0,B,628142,BBB,2014B,Withdrawn
3068,2298,BBB_2013J_591030,-1.5792970486927516e-07,1,1,B,591030,BBB,2013J,Pass
3069,951,BBB_2014J_2414945,-1.5796243246768427e-07,0,0,A,2414945,BBB,2014J,Fail
3070,1786,BBB_2013B_1771053,-1.5801373365320615e-07,0,0,B,1771053,BBB,2013B,Withdrawn
3071,2557,BBB_2013J_605882,-1.5903033556696755e-07,0,0,B,605882,BBB,2013J,Withdrawn
3072,103,BBB_2014J_508431,-1.5911341222363262e-07,0,0,B,508431,BBB,2014J,Withdrawn
3073,676,BBB_2014B_625833,-1.5912623041458573e-07,1,1,B,625833,BBB,2014B,Distinction
3074,310,BBB_2014J_605771,-1.5920082319098583e-07,1,1,B,605771,BBB,2014J,Pass
3075,3263,BBB_2013J_522792,-1.599103995886253e-07,1,1,B,522792,BBB,2013J,Pass
3076,2563,BBB_2013J_593510,-1.599103995886253e-07,1,1,B,593510,BBB,2013J,Pass
3077,3837,BBB_2014J_2009239,-1.6059539120760746e-07,1,1,B,2009239,BBB,2014J,Pass
3078,2331,BBB_2014J_695982,-1.6065733632331103e-07,0,0,B,695982,BBB,2014J,Withdrawn
3079,2561,BBB_2013J_589810,-1.6162337601599575e-07,0,0,B,589810,BBB,2013J,Withdrawn
3080,1635,BBB_2014B_635755,-1.6184138473818166e-07,1,1,B,635755,BBB,2014B,Distinction
3081,1048,BBB_2014B_562643,-1.620430651882998e-07,0,0,B,562643,BBB,2014B,Withdrawn
3082,3027,BBB_2014B_506622,-1.6206489306114236e-07,1,1,B,506622,BBB,2014B,Distinction
3083,2315,BBB_2014B_535462,-1.6218500320519524e-07,0,0,B,535462,BBB,2014B,Fail
3084,3750,BBB_2013J_516364,-1.6220033671743295e-07,0,0,B,516364,BBB,2013J,Withdrawn
3085,1707,BBB_2013J_585355,-1.6220033671743295e-07,0,0,B,585355,BBB,2013J,Fail
3086,792,BBB_2014J_2537934,-1.6265016711258795e-07,0,0,A,2537934,BBB,2014J,Fail
3087,1401,BBB_2014J_507386,-1.6317900985995948e-07,0,0,B,507386,BBB,2014J,Fail
3088,3735,BBB_2013B_2019837,-1.6335675923073723e-07,0,0,B,2019837,BBB,2013B,Withdrawn
3089,3321,BBB_2013B_544859,-1.6335675923073723e-07,0,0,B,544859,BBB,2013B,Fail
3090,3524,BBB_2013J_2540724,-1.6421866178006894e-07,1,1,A,2540724,BBB,2013J,Distinction
3091,2831,BBB_2014J_695015,-1.6459229357224103e-07,0,0,B,695015,BBB,2014J,Fail
3092,216,BBB_2014J_695528,-1.6459229357224103e-07,0,0,B,695528,BBB,2014J,Withdrawn
3093,2545,BBB_2013J_585644,-1.6471567221287842e-07,1,1,A,585644,BBB,2013J,Pass
3094,25,BBB_2014J_651394,-1.6479158659876703e-07,0,0,B,651394,BBB,2014J,Fail
3095,622,BBB_2014B_629870,-1.651116434686628e-07,0,0,B,629870,BBB,2014B,Fail
3096,1480,BBB_2013J_523885,-1.6742127684210573e-07,0,0,B,523885,BBB,2013J,Withdrawn
3097,2457,BBB_2014B_628006,-1.6768100863373547e-07,1,1,B,628006,BBB,2014B,Pass
3098,3886,BBB_2013J_417967,-1.6854617967965169e-07,0,0,B,417967,BBB,2013J,Withdrawn
3099,3001,BBB_2013B_549196,-1.6965796589829552e-07,1,1,B,549196,BBB,2013B,Distinction
3100,3337,BBB_2013B_548344,-1.705374188532005e-07,0,0,A,548344,BBB,2013B,Fail
3101,287,BBB_2014J_700079,-1.7100515492529667e-07,1,1,A,700079,BBB,2014J,Distinction
3102,782,BBB_2013J_515676,-1.7103778304772277e-07,1,1,B,515676,BBB,2013J,Pass
3103,142,BBB_2014J_572371,-1.7114312811372656e-07,0,0,B,572371,BBB,2014J,Withdrawn
3104,2116,BBB_2013B_557170,-1.7209762859238253e-07,0,0,B,557170,BBB,2013B,Withdrawn
3105,2767,BBB_2014J_447324,-1.724533831293229e-07,0,0,B,447324,BBB,2014J,Fail
3106,364,BBB_2014J_628435,-1.7247724315438973e-07,0,0,B,628435,BBB,2014J,Withdrawn
3107,93,BBB_2014J_641329,-1.7247724315438973e-07,0,0,B,641329,BBB,2014J,Fail
3108,2872,BBB_2014B_531755,-1.7250802386570285e-07,1,1,B,531755,BBB,2014B,Pass
3109,459,BBB_2013J_601887,-1.7300477850312745e-07,1,1,B,601887,BBB,2013J,Pass
3110,3654,BBB_2014J_551922,-1.7353799819375126e-07,1,1,B,551922,BBB,2014J,Pass
3111,905,BBB_2014J_626646,-1.7353799819375126e-07,1,1,B,626646,BBB,2014J,Distinction
3112,3198,BBB_2013J_559344,-1.7406023289368022e-07,0,0,A,559344,BBB,2013J,Withdrawn
3113,1180,BBB_2014J_637903,-1.750174476455868e-07,1,1,B,637903,BBB,2014J,Pass
3114,1362,BBB_2014J_643587,-1.750174476455868e-07,1,1,B,643587,BBB,2014J,Pass
3115,2846,BBB_2013J_552116,-1.7588281764346902e-07,1,1,B,552116,BBB,2013J,Pass
3116,2499,BBB_2013B_556878,-1.7629726301038318e-07,1,1,B,556878,BBB,2013B,Pass
3117,1839,BBB_2013B_541706,-1.767095341165259e-07,0,0,B,541706,BBB,2013B,Fail
3118,48,BBB_2014J_1419671,-1.7753055203684198e-07,0,0,B,1419671,BBB,2014J,Fail
3119,2427,BBB_2014J_602471,-1.780547194130122e-07,1,1,A,602471,BBB,2014J,Pass
3120,1245,BBB_2013B_555672,-1.7837069776760472e-07,1,1,B,555672,BBB,2013B,Pass
3121,2035,BBB_2013B_537434,-1.7842624799868645e-07,1,1,B,537434,BBB,2013B,Pass
3122,3139,BBB_2013J_604200,-1.785312662150318e-07,1,1,B,604200,BBB,2013J,Pass
3123,1157,BBB_2013J_556972,-1.785312662150318e-07,1,1,B,556972,BBB,2013J,Pass
3124,138,BBB_2013J_535833,-1.785312662150318e-07,1,1,B,535833,BBB,2013J,Pass
3125,3113,BBB_2014B_1540042,-1.7868708823698398e-07,1,1,B,1540042,BBB,2014B,Distinction
3126,2977,BBB_2013B_543351,-1.791811428120127e-07,1,1,B,543351,BBB,2013B,Pass
3127,130,BBB_2013J_558983,-1.8008896063292923e-07,0,0,B,558983,BBB,2013J,Fail
3128,456,BBB_2013B_480815,-1.8037827942407603e-07,1,1,B,480815,BBB,2013B,Pass
3129,2452,BBB_2014J_685228,-1.807537586273611e-07,1,1,B,685228,BBB,2014J,Pass
3130,2940,BBB_2013B_147876,-1.8210992891454225e-07,0,0,A,147876,BBB,2013B,Fail
3131,497,BBB_2013B_388360,-1.8210992891454225e-07,0,0,B,388360,BBB,2013B,Fail
3132,402,BBB_2013B_559697,-1.8210992891454225e-07,0,0,B,559697,BBB,2013B,Withdrawn
3133,698,BBB_2013J_2164944,-1.8237747667626536e-07,0,0,B,2164944,BBB,2013J,Fail
3134,3308,BBB_2014B_629461,-1.8277341951034032e-07,0,0,B,629461,BBB,2014B,Fail
3135,2217,BBB_2014B_270256,-1.8342068131005362e-07,0,0,B,270256,BBB,2014B,Withdrawn
3136,3388,BBB_2014J_677230,-1.8385557609690295e-07,0,0,B,677230,BBB,2014J,Withdrawn
3137,1278,BBB_2013B_548990,-1.8398344536763034e-07,0,0,B,548990,BBB,2013B,Withdrawn
3138,3290,BBB_2013B_552273,-1.8419986247408815e-07,1,1,A,552273,BBB,2013B,Pass
3139,2271,BBB_2013B_512242,-1.84421367066534e-07,0,0,B,512242,BBB,2013B,Fail
3140,3542,BBB_2014J_651324,-1.8442507609961467e-07,1,1,B,651324,BBB,2014J,Pass
3141,2489,BBB_2014B_511901,-1.844998820388355e-07,1,1,B,511901,BBB,2014B,Pass
3142,1242,BBB_2013B_544532,-1.8501248177926755e-07,1,1,B,544532,BBB,2013B,Pass
3143,2320,BBB_2014B_1763653,-1.851756508131075e-07,1,1,B,1763653,BBB,2014B,Pass
3144,598,BBB_2013B_528649,-1.8570099769021908e-07,0,0,A,528649,BBB,2013B,Fail
3145,3614,BBB_2013J_530021,-1.8592970718600554e-07,0,0,B,530021,BBB,2013J,Fail
3146,381,BBB_2013J_607699,-1.8592970718600554e-07,0,0,B,607699,BBB,2013J,Fail
3147,2244,BBB_2013J_605207,-1.8650096933470195e-07,1,1,B,605207,BBB,2013J,Pass
3148,2140,BBB_2014B_628655,-1.865273731027628e-07,0,0,B,628655,BBB,2014B,Fail
3149,330,BBB_2014J_576262,-1.8680582059005246e-07,0,0,B,576262,BBB,2014J,Withdrawn
3150,2382,BBB_2014B_352009,-1.8710468907556788e-07,0,0,A,352009,BBB,2014B,Fail
3151,395,BBB_2014B_560238,-1.8716067984314577e-07,1,1,B,560238,BBB,2014B,Distinction
3152,2058,BBB_2013B_384678,-1.8740831819741288e-07,0,0,A,384678,BBB,2013B,Fail
3153,3665,BBB_2014B_633162,-1.8794685274770018e-07,0,0,B,633162,BBB,2014B,Fail
3154,1274,BBB_2014B_601616,-1.8838787241293176e-07,1,1,B,601616,BBB,2014B,Pass
3155,2060,BBB_2013J_2539858,-1.8838964876977116e-07,1,1,A,2539858,BBB,2013J,Distinction
3156,2111,BBB_2013B_486656,-1.890899454792816e-07,1,1,B,486656,BBB,2013B,Distinction
3157,2260,BBB_2014B_607108,-1.893846928169296e-07,0,0,B,607108,BBB,2014B,Fail
3158,1423,BBB_2013J_593299,-1.8947687863146712e-07,0,0,A,593299,BBB,2013J,Fail
3159,1290,BBB_2013J_507389,-1.8947687863146712e-07,0,0,B,507389,BBB,2013J,Fail
3160,3599,BBB_2014B_1624443,-1.8955611835735908e-07,1,1,B,1624443,BBB,2014B,Pass
3161,3742,BBB_2013B_545001,-1.8984437133440224e-07,0,0,B,545001,BBB,2013B,Withdrawn
3162,2520,BBB_2013J_178963,-1.9072221846272441e-07,1,1,A,178963,BBB,2013J,Pass
3163,2600,BBB_2013J_586145,-1.9084470181951474e-07,0,0,B,586145,BBB,2013J,Fail
3164,3842,BBB_2013B_500507,-1.9197376843749225e-07,0,0,B,500507,BBB,2013B,Withdrawn
3165,2515,BBB_2013J_495625,-1.9279976015695865e-07,1,1,A,495625,BBB,2013J,Pass
3166,1558,BBB_2014B_623295,-1.9386367000606697e-07,0,0,B,623295,BBB,2014B,Fail
3167,1432,BBB_2014B_624734,-1.9386367000606697e-07,0,0,B,624734,BBB,2014B,Withdrawn
3168,2415,BBB_2014J_2609768,-1.9420319574692257e-07,0,0,B,2609768,BBB,2014J,Withdrawn
3169,2707,BBB_2013J_589234,-1.9458178712739027e-07,0,0,B,589234,BBB,2013J,Withdrawn
3170,23,BBB_2014B_603061,-1.9458914835013275e-07,0,0,B,603061,BBB,2014B,Withdrawn
3171,3656,BBB_2013B_384909,-1.9592560818182392e-07,0,0,B,384909,BBB,2013B,Withdrawn
3172,1995,BBB_2013B_445125,-1.9603236012244452e-07,0,0,B,445125,BBB,2013B,Fail
3173,241,BBB_2013B_534086,-1.9603236012244452e-07,0,0,B,534086,BBB,2013B,Fail
3174,3418,BBB_2014B_519078,-1.967581368944593e-07,1,1,A,519078,BBB,2014B,Pass
3175,1090,BBB_2013B_539558,-1.96806354324508e-07,0,0,B,539558,BBB,2013B,Fail
3176,1842,BBB_2013J_556427,-1.9696348374509398e-07,0,0,B,556427,BBB,2013J,Withdrawn
3177,1863,BBB_2013J_594774,-1.9726559230548446e-07,0,0,B,594774,BBB,2013J,Withdrawn
3178,180,BBB_2014J_559685,-1.9758707026085176e-07,0,0,B,559685,BBB,2014J,Fail
3179,28,BBB_2013J_536666,-1.9765293757245672e-07,1,1,B,536666,BBB,2013J,Pass
3180,3680,BBB_2014B_599202,-1.9815637131159747e-07,1,1,B,599202,BBB,2014B,Distinction
3181,148,BBB_2014J_520024,-1.9851539434512233e-07,1,1,B,520024,BBB,2014J,Pass
3182,2751,BBB_2014J_698369,-1.9971544418240228e-07,1,1,B,698369,BBB,2014J,Distinction
3183,2893,BBB_2013B_418065,-1.9975162501850718e-07,0,0,A,418065,BBB,2013B,Withdrawn
3184,3577,BBB_2013J_592406,-2.0022682178932882e-07,0,0,B,592406,BBB,2013J,Withdrawn
3185,2366,BBB_2013J_565819,-2.0022682178932882e-07,0,0,B,565819,BBB,2013J,Withdrawn
3186,2799,BBB_2013J_86291,-2.0046465465384244e-07,0,0,B,86291,BBB,2013J,Fail
3187,902,BBB_2013J_601706,-2.0110155674046837e-07,0,0,B,601706,BBB,2013J,Withdrawn
3188,2094,BBB_2014J_649247,-2.0185460414268164e-07,0,0,B,649247,BBB,2014J,Withdrawn
3189,3544,BBB_2014J_596128,-2.0185460414268164e-07,0,0,B,596128,BBB,2014J,Fail
3190,1943,BBB_2013B_560458,-2.020672269509305e-07,0,0,B,560458,BBB,2013B,Withdrawn
3191,2768,BBB_2014B_511238,-2.0260777944258734e-07,0,0,A,511238,BBB,2014B,Withdrawn
3192,2454,BBB_2013J_52797,-2.027417878025517e-07,1,1,B,52797,BBB,2013J,Pass
3193,337,BBB_2014J_689333,-2.0303042447267217e-07,1,1,B,689333,BBB,2014J,Pass
3194,231,BBB_2014J_688545,-2.0307919612605474e-07,0,0,B,688545,BBB,2014J,Withdrawn
3195,3283,BBB_2013B_400894,-2.0364305441944452e-07,1,1,B,400894,BBB,2013B,Pass
3196,3583,BBB_2013B_558903,-2.0379705745199317e-07,0,0,B,558903,BBB,2013B,Fail
3197,3377,BBB_2014B_308345,-2.039798374653401e-07,0,0,B,308345,BBB,2014B,Fail
3198,3194,BBB_2014B_625249,-2.0398431388457539e-07,1,1,B,625249,BBB,2014B,Pass
3199,1752,BBB_2014B_634188,-2.0416348434082465e-07,1,1,B,634188,BBB,2014B,Pass
3200,1571,BBB_2013J_606063,-2.0417223822732922e-07,0,0,B,606063,BBB,2013J,Withdrawn
3201,2726,BBB_2014J_2687739,-2.0426722358024563e-07,0,0,B,2687739,BBB,2014J,Withdrawn
3202,3273,BBB_2013B_501550,-2.051453549256621e-07,1,1,B,501550,BBB,2013B,Pass
3203,260,BBB_2014B_535506,-2.0577226678142324e-07,1,1,A,535506,BBB,2014B,Pass
3204,3318,BBB_2013J_2620279,-2.0584276683166536e-07,0,0,B,2620279,BBB,2013J,Withdrawn
3205,3616,BBB_2013J_598503,-2.0584276683166536e-07,0,0,B,598503,BBB,2013J,Withdrawn
3206,540,BBB_2014J_675047,-2.0608084128070914e-07,0,0,B,675047,BBB,2014J,Withdrawn
3207,1085,BBB_2013B_547873,-2.0621565965939226e-07,1,1,B,547873,BBB,2013B,Pass
3208,863,BBB_2014B_631384,-2.0744901974012464e-07,1,1,B,631384,BBB,2014B,Pass
3209,1756,BBB_2013B_325511,-2.0780255738372944e-07,1,1,B,325511,BBB,2013B,Pass
3210,249,BBB_2014J_650357,-2.0813963885757403e-07,0,0,B,650357,BBB,2014J,Withdrawn
3211,3436,BBB_2014J_98842,-2.083486378978705e-07,1,1,B,98842,BBB,2014J,Pass
3212,29,BBB_2013B_1721462,-2.085310057964307e-07,1,1,B,1721462,BBB,2013B,Pass
3213,3638,BBB_2014J_652366,-2.0891135932288307e-07,0,0,B,652366,BBB,2014J,Withdrawn
3214,1581,BBB_2014J_652731,-2.0917151744015428e-07,0,0,B,652731,BBB,2014J,Withdrawn
3215,3808,BBB_2013B_523156,-2.0973365622012352e-07,0,0,B,523156,BBB,2013B,Withdrawn
3216,1430,BBB_2014J_297179,-2.0975126346911566e-07,1,1,B,297179,BBB,2014J,Pass
3217,70,BBB_2014J_581016,-2.0977482506623346e-07,1,1,B,581016,BBB,2014J,Pass
3218,2688,BBB_2013J_593871,-2.0989907056900847e-07,1,1,B,593871,BBB,2013J,Pass
3219,288,BBB_2013J_604951,-2.099529439192338e-07,0,0,B,604951,BBB,2013J,Fail
3220,1003,BBB_2013B_468949,-2.100453997400109e-07,1,1,B,468949,BBB,2013B,Pass
3221,461,BBB_2014J_546250,-2.1159789298508258e-07,1,1,B,546250,BBB,2014J,Pass
3222,3213,BBB_2013J_583459,-2.1180429143896617e-07,1,1,B,583459,BBB,2013J,Pass
3223,3324,BBB_2014J_648543,-2.123836111422861e-07,1,1,B,648543,BBB,2014J,Pass
3224,3182,BBB_2014B_571897,-2.1242702530344104e-07,1,1,B,571897,BBB,2014B,Pass
3225,1933,BBB_2013J_2680885,-2.124370723777247e-07,1,1,B,2680885,BBB,2013J,Distinction
3226,2853,BBB_2013J_552622,-2.133788115088464e-07,1,1,B,552622,BBB,2013J,Pass
3227,1471,BBB_2013J_585779,-2.1342081879538455e-07,1,1,B,585779,BBB,2013J,Pass
3228,1706,BBB_2014J_587037,-2.13893031286716e-07,0,0,A,587037,BBB,2014J,Withdrawn
3229,3546,BBB_2014B_407545,-2.1554495788222994e-07,0,0,B,407545,BBB,2014B,Withdrawn
3230,2248,BBB_2013B_511306,-2.1585557874459482e-07,1,1,B,511306,BBB,2013B,Pass
3231,637,BBB_2013J_270646,-2.1602866695502598e-07,1,1,B,270646,BBB,2013J,Pass
3232,16,BBB_2013J_599840,-2.1739636224538117e-07,0,0,B,599840,BBB,2013J,Fail
3233,3751,BBB_2014J_697345,-2.1799019123136532e-07,0,0,B,697345,BBB,2014J,Fail
3234,579,BBB_2013B_2581528,-2.181110545507181e-07,1,1,B,2581528,BBB,2013B,Pass
3235,3461,BBB_2014J_488854,-2.1852687837053963e-07,0,0,B,488854,BBB,2014J,Withdrawn
3236,567,BBB_2014J_494212,-2.1860782339899743e-07,0,0,B,494212,BBB,2014J,Withdrawn
3237,2479,BBB_2014B_620354,-2.1867292332444777e-07,1,1,B,620354,BBB,2014B,Distinction
3238,2665,BBB_2014B_536629,-2.1881626821596e-07,1,1,B,536629,BBB,2014B,Pass
3239,664,BBB_2014J_655152,-2.188259884405852e-07,0,0,B,655152,BBB,2014J,Withdrawn
3240,1852,BBB_2013J_597894,-2.1962082996651588e-07,1,1,B,597894,BBB,2013J,Pass
3241,3860,BBB_2013J_578854,-2.2008700284459337e-07,0,0,B,578854,BBB,2013J,Withdrawn
3242,2847,BBB_2014J_698205,-2.2020310552761657e-07,0,0,B,698205,BBB,2014J,Withdrawn
3243,733,BBB_2014J_531450,-2.2020310552761657e-07,0,0,B,531450,BBB,2014J,Fail
3244,3466,BBB_2013B_281564,-2.2101590957390727e-07,1,1,B,281564,BBB,2013B,Pass
3245,3228,BBB_2013J_577992,-2.2106152641754306e-07,0,0,A,577992,BBB,2013J,Withdrawn
3246,2577,BBB_2013B_556292,-2.2112500630555587e-07,1,1,B,556292,BBB,2013B,Distinction
3247,543,BBB_2014J_335035,-2.2222030793273007e-07,0,0,B,335035,BBB,2014J,Fail
3248,44,BBB_2013B_272580,-2.2240848807086877e-07,1,1,B,272580,BBB,2013B,Pass
3249,3041,BBB_2014B_614734,-2.227003648158643e-07,0,0,B,614734,BBB,2014B,Fail
3250,3675,BBB_2013J_491758,-2.2306747382572212e-07,0,0,B,491758,BBB,2013J,Withdrawn
3251,1031,BBB_2013J_510438,-2.2328006821226154e-07,0,0,B,510438,BBB,2013J,Fail
3252,3636,BBB_2013J_565393,-2.2363651908108295e-07,0,0,B,565393,BBB,2013J,Fail
3253,943,BBB_2013J_578739,-2.2363651908108295e-07,0,0,B,578739,BBB,2013J,Withdrawn
3254,2583,BBB_2013J_594253,-2.2363651908108295e-07,0,0,B,594253,BBB,2013J,Withdrawn
3255,2364,BBB_2014B_623055,-2.2381796327408665e-07,1,1,B,623055,BBB,2014B,Pass
3256,190,BBB_2014B_571954,-2.2382252495845023e-07,1,1,A,571954,BBB,2014B,Pass
3257,2293,BBB_2013J_594208,-2.2462629090114206e-07,0,0,B,594208,BBB,2013J,Withdrawn
3258,2345,BBB_2013B_475460,-2.2551611777998914e-07,0,0,B,475460,BBB,2013B,Fail
3259,1523,BBB_2013B_535140,-2.257048095088976e-07,1,1,B,535140,BBB,2013B,Pass
3260,3897,BBB_2013B_523596,-2.2754201722818834e-07,0,0,B,523596,BBB,2013B,Fail
3261,492,BBB_2013B_548106,-2.287279556867361e-07,0,0,B,548106,BBB,2013B,Withdrawn
3262,2081,BBB_2013J_596964,-2.293608218906229e-07,1,1,B,596964,BBB,2013J,Pass
3263,624,BBB_2014B_624306,-2.2977360458753537e-07,1,1,B,624306,BBB,2014B,Pass
3264,3301,BBB_2014J_695125,-2.305205271113664e-07,0,0,B,695125,BBB,2014J,Withdrawn
3265,3815,BBB_2013B_554930,-2.305629749344007e-07,0,0,B,554930,BBB,2013B,Withdrawn
3266,3272,BBB_2013J_495449,-2.3266541404609598e-07,1,1,B,495449,BBB,2013J,Pass
3267,3484,BBB_2013J_597886,-2.3266541404609598e-07,1,1,B,597886,BBB,2013J,Distinction
3268,117,BBB_2014B_635764,-2.3291266870728577e-07,1,1,A,635764,BBB,2014B,Pass
3269,2875,BBB_2013J_602803,-2.3323130449171003e-07,0,0,B,602803,BBB,2013J,Withdrawn
3270,1835,BBB_2013J_493672,-2.3381151947887702e-07,0,0,B,493672,BBB,2013J,Withdrawn
3271,736,BBB_2014B_479738,-2.3409984351019375e-07,1,1,B,479738,BBB,2014B,Pass
3272,947,BBB_2013J_599802,-2.346339300629552e-07,0,0,B,599802,BBB,2013J,Fail
3273,409,BBB_2014B_603888,-2.3464387766125583e-07,0,0,B,603888,BBB,2014B,Withdrawn
3274,2039,BBB_2014B_2148859,-2.346973246858397e-07,1,1,B,2148859,BBB,2014B,Pass
3275,571,BBB_2013J_575290,-2.3481682376313984e-07,1,1,A,575290,BBB,2013J,Pass
3276,609,BBB_2014J_688301,-2.3493113587846892e-07,0,0,B,688301,BBB,2014J,Fail
3277,1781,BBB_2014J_692528,-2.3493113587846892e-07,0,0,B,692528,BBB,2014J,Withdrawn
3278,886,BBB_2014B_622223,-2.3545410954284307e-07,0,0,B,622223,BBB,2014B,Fail
3279,2633,BBB_2014J_612473,-2.3553795358566276e-07,0,0,B,612473,BBB,2014J,Withdrawn
3280,2051,BBB_2013J_553825,-2.3734128262731247e-07,1,1,B,553825,BBB,2013J,Pass
3281,1582,BBB_2014B_336356,-2.3785364078321436e-07,1,1,B,336356,BBB,2014B,Pass
3282,1282,BBB_2014B_628327,-2.384307435931987e-07,0,0,B,628327,BBB,2014B,Withdrawn
3283,785,BBB_2014B_623177,-2.384307435931987e-07,0,0,B,623177,BBB,2014B,Fail
3284,1972,BBB_2014B_620126,-2.3852049935157993e-07,0,0,B,620126,BBB,2014B,Withdrawn
3285,1381,BBB_2014J_696481,-2.4068157244983013e-07,0,0,B,696481,BBB,2014J,Withdrawn
3286,964,BBB_2014B_331156,-2.4126163111759524e-07,1,1,B,331156,BBB,2014B,Pass
3287,3470,BBB_2013J_382575,-2.416416577943892e-07,0,0,A,382575,BBB,2013J,Fail
3288,1709,BBB_2013J_567160,-2.416416577943892e-07,0,0,B,567160,BBB,2013J,Fail
3289,3912,BBB_2014B_2652209,-2.417157247691648e-07,1,1,B,2652209,BBB,2014B,Pass
3290,2546,BBB_2014J_698198,-2.421305111965921e-07,0,0,B,698198,BBB,2014J,Fail
3291,1890,BBB_2013B_548813,-2.4224198114097817e-07,0,0,B,548813,BBB,2013B,Fail
3292,3171,BBB_2014B_470331,-2.4239631102318526e-07,0,0,B,470331,BBB,2014B,Withdrawn
3293,3755,BBB_2014B_612113,-2.4239631102318526e-07,0,0,B,612113,BBB,2014B,Fail
3294,686,BBB_2014B_621322,-2.4266523723781575e-07,1,1,A,621322,BBB,2014B,Pass
3295,3453,BBB_2014J_506020,-2.4297233380821126e-07,1,1,B,506020,BBB,2014J,Pass
3296,2233,BBB_2014B_564409,-2.429927690172917e-07,1,1,A,564409,BBB,2014B,Pass
3297,2851,BBB_2014J_2241250,-2.4317546376551036e-07,0,0,B,2241250,BBB,2014J,Fail
3298,1075,BBB_2014J_590854,-2.443413791297644e-07,1,1,B,590854,BBB,2014J,Distinction
3299,901,BBB_2014J_618197,-2.4442283574899193e-07,1,1,B,618197,BBB,2014J,Pass
3300,479,BBB_2014B_631109,-2.4456335268041585e-07,1,1,B,631109,BBB,2014B,Pass
3301,830,BBB_2014B_623001,-2.452378851103276e-07,0,0,B,623001,BBB,2014B,Withdrawn
3302,1958,BBB_2014J_684736,-2.456697529851226e-07,0,0,B,684736,BBB,2014J,Withdrawn
3303,226,BBB_2013B_484135,-2.457287280321907e-07,0,0,B,484135,BBB,2013B,Withdrawn
3304,3910,BBB_2014J_684982,-2.461850101553864e-07,0,0,B,684982,BBB,2014J,Withdrawn
3305,734,BBB_2014B_613881,-2.4676415932844975e-07,1,1,B,613881,BBB,2014B,Pass
3306,3420,BBB_2014B_615090,-2.4676415932844975e-07,1,1,B,615090,BBB,2014B,Pass
3307,1560,BBB_2014J_640706,-2.469880939770519e-07,0,0,B,640706,BBB,2014J,Withdrawn
3308,445,BBB_2014B_492895,-2.4840687729010824e-07,0,0,B,492895,BBB,2014B,Withdrawn
3309,3788,BBB_2013J_578030,-2.4881455829017796e-07,1,1,B,578030,BBB,2013J,Distinction
3310,2300,BBB_2014B_628301,-2.489027508545405e-07,1,1,B,628301,BBB,2014B,Distinction
3311,2755,BBB_2013B_485630,-2.4964438694041746e-07,1,1,B,485630,BBB,2013B,Pass
3312,65,BBB_2014J_2603534,-2.500064795185608e-07,0,0,B,2603534,BBB,2014J,Withdrawn
3313,154,BBB_2013J_369986,-2.500273410532827e-07,1,1,B,369986,BBB,2013J,Pass
3314,1623,BBB_2014B_545196,-2.5067856768146157e-07,1,1,B,545196,BBB,2014B,Pass
3315,1234,BBB_2013B_563874,-2.5078176690840337e-07,1,1,B,563874,BBB,2013B,Distinction
3316,2235,BBB_2013J_515209,-2.508986369775812e-07,0,0,B,515209,BBB,2013J,Withdrawn
3317,2121,BBB_2014J_680453,-2.5106834300459013e-07,1,1,B,680453,BBB,2014J,Pass
3318,3350,BBB_2014B_621303,-2.513029642159381e-07,0,0,B,621303,BBB,2014B,Fail
3319,1288,BBB_2013B_531689,-2.514128709663055e-07,0,0,B,531689,BBB,2013B,Withdrawn
3320,3876,BBB_2013B_562146,-2.5193875785589626e-07,0,0,B,562146,BBB,2013B,Withdrawn
3321,3633,BBB_2013B_545240,-2.525657691876404e-07,0,0,B,545240,BBB,2013B,Fail
3322,2083,BBB_2013B_549406,-2.525657691876404e-07,0,0,B,549406,BBB,2013B,Fail
3323,2044,BBB_2013B_309175,-2.5373057610522665e-07,1,1,B,309175,BBB,2013B,Pass
3324,71,BBB_2014J_699875,-2.545817778809578e-07,0,0,B,699875,BBB,2014J,Withdrawn
3325,756,BBB_2014J_492592,-2.5487531729595503e-07,1,1,B,492592,BBB,2014J,Distinction
3326,833,BBB_2013B_561164,-2.556208755777334e-07,1,1,A,561164,BBB,2013B,Distinction
3327,731,BBB_2014J_2187308,-2.557672758030094e-07,1,1,B,2187308,BBB,2014J,Pass
3328,121,BBB_2014J_652605,-2.557672758030094e-07,1,1,B,652605,BBB,2014J,Pass
3329,3396,BBB_2014J_686837,-2.557672758030094e-07,1,1,B,686837,BBB,2014J,Pass
3330,1460,BBB_2014B_483031,-2.559692688919313e-07,1,1,B,483031,BBB,2014B,Distinction
3331,174,BBB_2014B_2243703,-2.563292866852862e-07,1,1,B,2243703,BBB,2014B,Pass
3332,2322,BBB_2013B_555747,-2.565646752827888e-07,1,1,B,555747,BBB,2013B,Pass
3333,3463,BBB_2013B_541073,-2.566135322012997e-07,1,1,B,541073,BBB,2013B,Pass
3334,970,BBB_2014J_687105,-2.5723636554175755e-07,0,0,B,687105,BBB,2014J,Withdrawn
3335,3838,BBB_2014J_692918,-2.5768235900613945e-07,1,1,B,692918,BBB,2014J,Pass
3336,3407,BBB_2013J_493999,-2.577461657438107e-07,0,0,B,493999,BBB,2013J,Fail
3337,2806,BBB_2014J_584274,-2.5873103481899307e-07,0,0,B,584274,BBB,2014J,Withdrawn
3338,896,BBB_2013J_479305,-2.594633201624674e-07,1,1,B,479305,BBB,2013J,Pass
3339,189,BBB_2014B_624592,-2.5962458494177554e-07,1,1,B,624592,BBB,2014B,Pass
3340,413,BBB_2014B_189035,-2.599005028969259e-07,1,1,B,189035,BBB,2014B,Pass
3341,3927,BBB_2013J_564626,-2.603393909339502e-07,0,0,A,564626,BBB,2013J,Fail
3342,2697,BBB_2013J_541274,-2.610334774999501e-07,1,1,A,541274,BBB,2013J,Distinction
3343,3651,BBB_2014J_401317,-2.6138016551158216e-07,1,1,B,401317,BBB,2014J,Pass
3344,3338,BBB_2014J_651775,-2.618064627313288e-07,1,1,A,651775,BBB,2014J,Pass
3345,2539,BBB_2014B_551252,-2.6183445811511774e-07,1,1,B,551252,BBB,2014B,Distinction
3346,2947,BBB_2013J_548197,-2.627728576953814e-07,1,1,B,548197,BBB,2013J,Pass
3347,3579,BBB_2013B_154125,-2.636514864207129e-07,0,0,B,154125,BBB,2013B,Fail
3348,47,BBB_2013B_498371,-2.63686160906218e-07,0,0,B,498371,BBB,2013B,Withdrawn
3349,1824,BBB_2013B_550842,-2.63686160906218e-07,0,0,A,550842,BBB,2013B,Withdrawn
3350,1977,BBB_2014B_631444,-2.6443441925039224e-07,0,0,B,631444,BBB,2014B,Withdrawn
3351,1367,BBB_2013B_550777,-2.6444806167091883e-07,0,0,A,550777,BBB,2013B,Withdrawn
3352,2904,BBB_2013J_554540,-2.645679444412963e-07,1,1,A,554540,BBB,2013J,Pass
3353,157,BBB_2013J_617472,-2.647152825829835e-07,1,1,B,617472,BBB,2013J,Pass
3354,1627,BBB_2014B_627245,-2.64812058503594e-07,0,0,B,627245,BBB,2014B,Withdrawn
3355,0,BBB_2013B_545041,-2.65222070083837e-07,0,0,A,545041,BBB,2013B,Fail
3356,3313,BBB_2013B_533697,-2.65222070083837e-07,0,0,B,533697,BBB,2013B,Withdrawn
3357,888,BBB_2014J_114402,-2.653428055054974e-07,1,1,B,114402,BBB,2014J,Distinction
3358,2076,BBB_2013B_475688,-2.6555142085271655e-07,1,1,A,475688,BBB,2013B,Pass
3359,1371,BBB_2014B_562438,-2.663951192971581e-07,0,0,B,562438,BBB,2014B,Withdrawn
3360,3112,BBB_2014J_678444,-2.670797982773365e-07,0,0,B,678444,BBB,2014J,Fail
3361,2472,BBB_2014J_689107,-2.670797982773365e-07,0,0,B,689107,BBB,2014J,Fail
3362,3364,BBB_2014J_656181,-2.670797982773365e-07,0,0,B,656181,BBB,2014J,Fail
3363,2680,BBB_2013B_2394212,-2.678076214124303e-07,0,0,B,2394212,BBB,2013B,Withdrawn
3364,3637,BBB_2013J_423399,-2.6807902031578124e-07,1,1,A,423399,BBB,2013J,Pass
3365,349,BBB_2014B_635777,-2.684439266431582e-07,0,0,B,635777,BBB,2014B,Withdrawn
3366,2478,BBB_2014B_626897,-2.684439266431582e-07,0,0,B,626897,BBB,2014B,Fail
3367,3068,BBB_2013J_571794,-2.6859888180297276e-07,0,0,B,571794,BBB,2013J,Withdrawn
3368,2139,BBB_2014B_504393,-2.699107994885708e-07,0,0,B,504393,BBB,2014B,Withdrawn
3369,3584,BBB_2013J_523857,-2.7075546427113295e-07,1,1,B,523857,BBB,2013J,Pass
3370,3624,BBB_2013B_291194,-2.709683428747667e-07,1,1,B,291194,BBB,2013B,Pass
3371,966,BBB_2013B_305945,-2.7096913868263073e-07,0,0,B,305945,BBB,2013B,Withdrawn
3372,518,BBB_2013B_541832,-2.7096913868263073e-07,0,0,B,541832,BBB,2013B,Fail
3373,723,BBB_2014J_650953,-2.725869876485376e-07,0,0,B,650953,BBB,2014J,Fail
3374,706,BBB_2014J_675526,-2.7397808821660874e-07,1,1,B,675526,BBB,2014J,Pass
3375,3575,BBB_2013B_543165,-2.7399622126722534e-07,1,1,A,543165,BBB,2013B,Pass
3376,2637,BBB_2014J_245784,-2.7494684218254406e-07,0,0,B,245784,BBB,2014J,Fail
3377,2877,BBB_2013B_528261,-2.750774683590862e-07,1,1,B,528261,BBB,2013B,Distinction
3378,120,BBB_2014J_581877,-2.751442309545382e-07,1,1,B,581877,BBB,2014J,Pass
3379,1496,BBB_2014J_579201,-2.755527361841814e-07,0,0,B,579201,BBB,2014J,Withdrawn
3380,331,BBB_2013J_2392824,-2.7670219537867524e-07,1,1,B,2392824,BBB,2013J,Pass
3381,3571,BBB_2014J_572032,-2.7691487503034296e-07,1,1,B,572032,BBB,2014J,Pass
3382,1763,BBB_2013B_143741,-2.7755126552619913e-07,1,1,B,143741,BBB,2013B,Distinction
3383,397,BBB_2013J_600681,-2.780560350856831e-07,0,0,B,600681,BBB,2013J,Withdrawn
3384,1008,BBB_2013B_2531031,-2.783924628602108e-07,1,1,B,2531031,BBB,2013B,Pass
3385,3005,BBB_2014J_680174,-2.7911249844692065e-07,0,0,B,680174,BBB,2014J,Fail
3386,3163,BBB_2013J_577347,-2.791213375985535e-07,0,0,B,577347,BBB,2013J,Fail
3387,223,BBB_2013J_306964,-2.8011248787152e-07,1,1,B,306964,BBB,2013J,Pass
3388,721,BBB_2013J_556175,-2.811416379699949e-07,1,1,A,556175,BBB,2013J,Pass
3389,2712,BBB_2014J_654043,-2.823003057983442e-07,1,1,B,654043,BBB,2014J,Pass
3390,2844,BBB_2013J_578362,-2.823802276452625e-07,0,0,B,578362,BBB,2013J,Fail
3391,2553,BBB_2013J_570168,-2.8247413297322055e-07,1,1,B,570168,BBB,2013J,Pass
3392,2809,BBB_2013B_555707,-2.8381938932398043e-07,0,0,B,555707,BBB,2013B,Withdrawn
3393,1211,BBB_2013J_360876,-2.8394541118359484e-07,0,0,B,360876,BBB,2013J,Fail
3394,1297,BBB_2014J_686074,-2.84005380990493e-07,1,1,B,686074,BBB,2014J,Pass
3395,611,BBB_2014B_569970,-2.845404480922298e-07,1,1,B,569970,BBB,2014B,Pass
3396,1213,BBB_2013B_550613,-2.8513960614873213e-07,1,1,B,550613,BBB,2013B,Pass
3397,1283,BBB_2014B_537373,-2.852177090062469e-07,1,1,B,537373,BBB,2014B,Pass
3398,1406,BBB_2013B_493451,-2.8531940188258886e-07,0,0,B,493451,BBB,2013B,Fail
3399,3150,BBB_2013J_478967,-2.8629287385228963e-07,0,0,B,478967,BBB,2013J,Fail
3400,654,BBB_2013B_553520,-2.873092341815209e-07,0,0,B,553520,BBB,2013B,Withdrawn
3401,3430,BBB_2013B_558212,-2.873092341815209e-07,0,0,B,558212,BBB,2013B,Withdrawn
3402,59,BBB_2013B_542760,-2.873092341815209e-07,0,0,B,542760,BBB,2013B,Withdrawn
3403,3726,BBB_2013B_536471,-2.873092341815209e-07,0,0,B,536471,BBB,2013B,Withdrawn
3404,137,BBB_2014J_303617,-2.8776929639207083e-07,1,1,B,303617,BBB,2014J,Pass
3405,2218,BBB_2013J_355692,-2.879193061744445e-07,0,0,A,355692,BBB,2013J,Withdrawn
3406,2737,BBB_2013J_419375,-2.887540802021249e-07,1,1,B,419375,BBB,2013J,Pass
3407,814,BBB_2014J_598201,-2.893784198931826e-07,1,1,B,598201,BBB,2014J,Pass
3408,1080,BBB_2014B_623857,-2.9043508220638614e-07,0,0,B,623857,BBB,2014B,Fail
3409,1410,BBB_2014J_160026,-2.9064608497719746e-07,1,1,B,160026,BBB,2014J,Pass
3410,3711,BBB_2013B_483371,-2.907114833305968e-07,0,0,B,483371,BBB,2013B,Withdrawn
3411,3883,BBB_2014J_576913,-2.910417435941781e-07,0,0,A,576913,BBB,2014J,Fail
3412,876,BBB_2014J_653664,-2.9137643764443055e-07,1,1,B,653664,BBB,2014J,Pass
3413,2230,BBB_2013J_608000,-2.914265735398658e-07,1,1,A,608000,BBB,2013J,Pass
3414,1952,BBB_2013B_108377,-2.9158957204344915e-07,1,1,B,108377,BBB,2013B,Pass
3415,2156,BBB_2013B_527020,-2.9158957204344915e-07,1,1,B,527020,BBB,2013B,Pass
3416,1955,BBB_2014B_487002,-2.9240825938359194e-07,1,1,B,487002,BBB,2014B,Distinction
3417,3462,BBB_2014J_639724,-2.9387700806182693e-07,1,1,B,639724,BBB,2014J,Distinction
3418,2392,BBB_2014J_680530,-2.947166990452388e-07,1,1,B,680530,BBB,2014J,Pass
3419,2418,BBB_2014J_358204,-2.9481088859029114e-07,1,1,B,358204,BBB,2014J,Distinction
3420,1387,BBB_2014J_622007,-2.9510601962101646e-07,0,0,B,622007,BBB,2014J,Fail
3421,712,BBB_2014J_682163,-2.9510601962101646e-07,0,0,B,682163,BBB,2014J,Withdrawn
3422,2820,BBB_2014J_678955,-2.9510601962101646e-07,0,0,A,678955,BBB,2014J,Fail
3423,573,BBB_2013J_599606,-2.95273650863237e-07,0,0,B,599606,BBB,2013J,Withdrawn
3424,3492,BBB_2013J_238825,-2.95273650863237e-07,0,0,B,238825,BBB,2013J,Withdrawn
3425,3302,BBB_2014J_686402,-2.954622004835983e-07,0,0,B,686402,BBB,2014J,Fail
3426,2791,BBB_2014J_687256,-2.954622004835983e-07,0,0,A,687256,BBB,2014J,Withdrawn
3427,1100,BBB_2014J_675673,-2.955082152311661e-07,0,0,B,675673,BBB,2014J,Withdrawn
3428,2628,BBB_2013B_541822,-2.968240266909561e-07,1,1,B,541822,BBB,2013B,Distinction
3429,2597,BBB_2013B_519800,-2.972848847093701e-07,1,1,B,519800,BBB,2013B,Pass
3430,3632,BBB_2013B_554139,-2.9785664423798153e-07,0,0,B,554139,BBB,2013B,Fail
3431,695,BBB_2013J_616502,-2.987392804243427e-07,0,0,A,616502,BBB,2013J,Fail
3432,1575,BBB_2014B_561060,-2.99368082323781e-07,1,1,B,561060,BBB,2014B,Pass
3433,3567,BBB_2014J_201655,-3.0011440799171396e-07,0,0,B,201655,BBB,2014J,Withdrawn
3434,108,BBB_2013J_595791,-3.0014496132935164e-07,0,0,A,595791,BBB,2013J,Withdrawn
3435,2636,BBB_2013J_2557885,-3.006951487805054e-07,0,0,B,2557885,BBB,2013J,Withdrawn
3436,2920,BBB_2013J_572765,-3.044883101210871e-07,1,1,B,572765,BBB,2013J,Pass
3437,1895,BBB_2014B_2246708,-3.0492196856357623e-07,0,0,B,2246708,BBB,2014B,Withdrawn
3438,1205,BBB_2013B_541113,-3.0569628961529816e-07,1,1,B,541113,BBB,2013B,Pass
3439,3826,BBB_2013B_204746,-3.0589995958507643e-07,1,1,B,204746,BBB,2013B,Distinction
3440,1507,BBB_2013J_613273,-3.07151623246682e-07,0,0,A,613273,BBB,2013J,Withdrawn
3441,81,BBB_2013J_603910,-3.07151623246682e-07,0,0,B,603910,BBB,2013J,Withdrawn
3442,128,BBB_2013B_297484,-3.0770507919442025e-07,1,1,B,297484,BBB,2013B,Pass
3443,916,BBB_2013B_488477,-3.0811145279585617e-07,0,0,B,488477,BBB,2013B,Withdrawn
3444,942,BBB_2014J_696803,-3.0849983545522264e-07,0,0,B,696803,BBB,2014J,Withdrawn
3445,3953,BBB_2014J_656222,-3.0870717182551743e-07,0,0,B,656222,BBB,2014J,Fail
3446,1149,BBB_2014J_630404,-3.0939136763663555e-07,1,1,B,630404,BBB,2014J,Pass
3447,82,BBB_2013J_333117,-3.1087412821761973e-07,0,0,B,333117,BBB,2013J,Withdrawn
3448,194,BBB_2013B_548355,-3.1163816061052785e-07,0,0,B,548355,BBB,2013B,Withdrawn
3449,1220,BBB_2013J_583065,-3.122690941381734e-07,0,0,B,583065,BBB,2013J,Withdrawn
3450,3002,BBB_2014B_628402,-3.12628429810502e-07,0,0,B,628402,BBB,2014B,Withdrawn
3451,621,BBB_2014B_446650,-3.1289806656786823e-07,1,1,A,446650,BBB,2014B,Pass
3452,655,BBB_2014J_505878,-3.1296482916332025e-07,0,0,B,505878,BBB,2014J,Fail
3453,2361,BBB_2014J_652585,-3.1296482916332025e-07,0,0,B,652585,BBB,2014J,Withdrawn
3454,575,BBB_2013B_555157,-3.129942172108713e-07,0,0,A,555157,BBB,2013B,Fail
3455,3066,BBB_2014B_625167,-3.133093571250356e-07,1,1,B,625167,BBB,2014B,Pass
3456,340,BBB_2013J_507387,-3.148454084112018e-07,0,0,B,507387,BBB,2013J,Fail
3457,1492,BBB_2014B_2087747,-3.165430086937704e-07,1,1,B,2087747,BBB,2014B,Pass
3458,2438,BBB_2013J_581672,-3.1706298386779963e-07,0,0,B,581672,BBB,2013J,Withdrawn
3459,1572,BBB_2013J_580328,-3.1706298386779963e-07,0,0,A,580328,BBB,2013J,Withdrawn
3460,2876,BBB_2013B_551906,-3.18570783974792e-07,0,0,B,551906,BBB,2013B,Withdrawn
3461,683,BBB_2014B_375711,-3.186119954534661e-07,0,0,B,375711,BBB,2014B,Fail
3462,3598,BBB_2013B_550960,-3.1918946774567303e-07,0,0,B,550960,BBB,2013B,Withdrawn
3463,40,BBB_2013J_398891,-3.212048795830924e-07,1,1,A,398891,BBB,2013J,Pass
3464,2487,BBB_2014B_475631,-3.228250591291726e-07,0,0,B,475631,BBB,2014B,Withdrawn
3465,973,BBB_2014J_601706,-3.229143317184935e-07,1,1,B,601706,BBB,2014J,Pass
3466,415,BBB_2014J_678328,-3.230210836591141e-07,0,0,B,678328,BBB,2014J,Withdrawn
3467,2708,BBB_2014J_486516,-3.230210836591141e-07,0,0,B,486516,BBB,2014J,Fail
3468,689,BBB_2013B_525869,-3.237858834381768e-07,0,0,B,525869,BBB,2013B,Fail
3469,1803,BBB_2013B_546958,-3.237858834381768e-07,0,0,B,546958,BBB,2013B,Fail
3470,3117,BBB_2013J_589580,-3.23786025546724e-07,0,0,B,589580,BBB,2013J,Withdrawn
3471,3044,BBB_2013J_602324,-3.23786025546724e-07,0,0,B,602324,BBB,2013J,Fail
3472,3056,BBB_2013J_590244,-3.23786025546724e-07,0,0,B,590244,BBB,2013J,Withdrawn
3473,3426,BBB_2013J_278794,-3.237901466945914e-07,1,1,B,278794,BBB,2013J,Pass
3474,702,BBB_2014B_1559428,-3.246031496928481e-07,0,0,B,1559428,BBB,2014B,Fail
3475,753,BBB_2013B_117071,-3.247768631808867e-07,0,0,A,117071,BBB,2013B,Fail
3476,2985,BBB_2013B_556863,-3.2496225799150125e-07,0,0,B,556863,BBB,2013B,Withdrawn
3477,3070,BBB_2014B_546202,-3.255154297221452e-07,1,1,B,546202,BBB,2014B,Pass
3478,1639,BBB_2014J_625709,-3.257721346017206e-07,0,0,B,625709,BBB,2014J,Fail
3479,3250,BBB_2014J_689173,-3.2840810604284343e-07,0,0,B,689173,BBB,2014J,Withdrawn
3480,3951,BBB_2014J_655605,-3.2840810604284343e-07,0,0,B,655605,BBB,2014J,Fail
3481,639,BBB_2014B_444221,-3.285140905973094e-07,0,0,B,444221,BBB,2014B,Withdrawn
3482,2085,BBB_2014B_621323,-3.285140905973094e-07,0,0,A,621323,BBB,2014B,Withdrawn
3483,1854,BBB_2013B_507359,-3.2888692658161744e-07,1,1,B,507359,BBB,2013B,Pass
3484,1067,BBB_2013B_552894,-3.289677295015281e-07,1,1,B,552894,BBB,2013B,Pass
3485,1885,BBB_2013B_494095,-3.290826100510458e-07,1,1,B,494095,BBB,2013B,Pass
3486,2727,BBB_2013J_522443,-3.310028944270016e-07,0,0,B,522443,BBB,2013J,Fail
3487,3274,BBB_2013J_609860,-3.314677030630264e-07,0,0,B,609860,BBB,2013J,Withdrawn
3488,485,BBB_2013J_583367,-3.3146915257020737e-07,0,0,B,583367,BBB,2013J,Fail
3489,1235,BBB_2013J_549226,-3.325081365801452e-07,0,0,B,549226,BBB,2013J,Fail
3490,3866,BBB_2014J_649886,-3.331749951485108e-07,0,0,B,649886,BBB,2014J,Withdrawn
3491,1715,BBB_2014J_678212,-3.3386251629963226e-07,0,0,B,678212,BBB,2014J,Withdrawn
3492,904,BBB_2013B_544500,-3.353689805862814e-07,0,0,B,544500,BBB,2013B,Fail
3493,2944,BBB_2014B_547487,-3.358293554356351e-07,1,1,B,547487,BBB,2014B,Distinction
3494,2103,BBB_2013B_545697,-3.3663903309388843e-07,1,1,B,545697,BBB,2013B,Pass
3495,1183,BBB_2013B_2635505,-3.370090837506723e-07,1,1,B,2635505,BBB,2013B,Pass
3496,2090,BBB_2013J_514864,-3.37547248818737e-07,1,1,B,514864,BBB,2013J,Pass
3497,57,BBB_2013J_586346,-3.382935176432511e-07,1,1,B,586346,BBB,2013J,Pass
3498,2925,BBB_2013B_322745,-3.3942194477276644e-07,0,0,B,322745,BBB,2013B,Fail
3499,1376,BBB_2014B_624567,-3.402029165044951e-07,0,0,B,624567,BBB,2014B,Fail
3500,3776,BBB_2014J_652288,-3.407236306429695e-07,0,0,A,652288,BBB,2014J,Fail
3501,748,BBB_2013J_555789,-3.4095879186679667e-07,0,0,B,555789,BBB,2013J,Withdrawn
3502,930,BBB_2013B_403191,-3.4182727404186153e-07,0,0,A,403191,BBB,2013B,Withdrawn
3503,1055,BBB_2013B_510845,-3.4260926895512966e-07,1,1,B,510845,BBB,2013B,Pass
3504,3684,BBB_2014J_288086,-3.42904598937821e-07,1,1,B,288086,BBB,2014J,Pass
3505,2813,BBB_2013J_596275,-3.4324463626944635e-07,0,0,B,596275,BBB,2013J,Withdrawn
3506,3107,BBB_2014J_689228,-3.435014832575689e-07,0,0,B,689228,BBB,2014J,Fail
3507,373,BBB_2014B_632869,-3.4528838455116784e-07,0,0,B,632869,BBB,2014B,Fail
3508,1844,BBB_2013J_577049,-3.4546761185083597e-07,0,0,B,577049,BBB,2013J,Withdrawn
3509,3241,BBB_2013B_550429,-3.4571661444715573e-07,0,0,B,550429,BBB,2013B,Fail
3510,2746,BBB_2014B_2034455,-3.4572971685520315e-07,0,0,B,2034455,BBB,2014B,Withdrawn
3511,2623,BBB_2014B_497872,-3.4714901175902924e-07,0,0,B,497872,BBB,2014B,Withdrawn
3512,2950,BBB_2013B_39655,-3.4864919484789425e-07,1,1,B,39655,BBB,2013B,Distinction
3513,3570,BBB_2014J_648238,-3.502429706259136e-07,0,0,B,648238,BBB,2014J,Withdrawn
3514,2000,BBB_2014J_576203,-3.503423613437917e-07,0,0,B,576203,BBB,2014J,Fail
3515,1754,BBB_2013B_519602,-3.5085196259387885e-07,1,1,B,519602,BBB,2013B,Pass
3516,1553,BBB_2014J_2432551,-3.5107890994368063e-07,0,0,A,2432551,BBB,2014J,Fail
3517,653,BBB_2014J_693620,-3.512209900691232e-07,0,0,B,693620,BBB,2014J,Withdrawn
3518,2305,BBB_2013J_564300,-3.5176375945411564e-07,0,0,B,564300,BBB,2013J,Withdrawn
3519,2101,BBB_2014J_177554,-3.537323038926843e-07,0,0,B,177554,BBB,2014J,Fail
3520,502,BBB_2014B_596602,-3.5431654055173567e-07,0,0,B,596602,BBB,2014B,Withdrawn
3521,682,BBB_2014J_683742,-3.5501520301295386e-07,1,1,B,683742,BBB,2014J,Pass
3522,448,BBB_2014B_2082318,-3.553985834514606e-07,1,1,B,2082318,BBB,2014B,Pass
3523,2528,BBB_2013J_584735,-3.565855024589837e-07,0,0,A,584735,BBB,2013J,Withdrawn
3524,2918,BBB_2013J_472327,-3.577536347165733e-07,1,1,A,472327,BBB,2013J,Pass
3525,297,BBB_2014B_540558,-3.581478722480824e-07,1,1,B,540558,BBB,2014B,Pass
3526,3716,BBB_2013B_341040,-3.5867103065356787e-07,0,0,A,341040,BBB,2013B,Withdrawn
3527,2716,BBB_2014J_602943,-3.5976202639176336e-07,1,1,A,602943,BBB,2014J,Distinction
3528,895,BBB_2014J_560208,-3.600175375595427e-07,1,1,A,560208,BBB,2014J,Pass
3529,3217,BBB_2014J_142324,-3.6036635719938204e-07,1,1,B,142324,BBB,2014J,Pass
3530,1595,BBB_2013B_561711,-3.6117714330430317e-07,0,0,A,561711,BBB,2013B,Fail
3531,2924,BBB_2013B_560455,-3.6194396102473547e-07,1,1,B,560455,BBB,2013B,Pass
3532,2145,BBB_2014J_690384,-3.6195683605910745e-07,1,1,B,690384,BBB,2014J,Pass
3533,2399,BBB_2014B_616914,-3.6242201417735487e-07,1,1,B,616914,BBB,2014B,Pass
3534,795,BBB_2013B_556877,-3.6242852274881443e-07,0,0,B,556877,BBB,2013B,Withdrawn
3535,3839,BBB_2014J_674616,-3.6321856100585137e-07,0,0,B,674616,BBB,2014J,Fail
3536,2832,BBB_2014J_640289,-3.6321856100585137e-07,0,0,B,640289,BBB,2014J,Withdrawn
3537,3204,BBB_2013B_2597027,-3.6420598803488247e-07,0,0,B,2597027,BBB,2013B,Withdrawn
3538,1819,BBB_2013B_405995,-3.644497041932482e-07,1,1,B,405995,BBB,2013B,Pass
3539,507,BBB_2014J_655668,-3.646135837698239e-07,0,0,A,655668,BBB,2014J,Fail
3540,101,BBB_2013J_595388,-3.646854906946828e-07,0,0,B,595388,BBB,2013J,Withdrawn
3541,2603,BBB_2014J_691815,-3.6473937825576286e-07,0,0,B,691815,BBB,2014J,Withdrawn
3542,3106,BBB_2013B_554294,-3.6486218846221163e-07,0,0,B,554294,BBB,2013B,Fail
3543,872,BBB_2014B_585048,-3.6689792182187375e-07,1,1,A,585048,BBB,2014B,Pass
3544,2122,BBB_2013J_551347,-3.67329676009831e-07,1,1,A,551347,BBB,2013J,Pass
3545,323,BBB_2014J_570692,-3.682488340928103e-07,0,0,B,570692,BBB,2014J,Withdrawn
3546,2435,BBB_2014J_682887,-3.6833949934589327e-07,0,0,B,682887,BBB,2014J,Fail
3547,1280,BBB_2013J_572277,-3.691202721256559e-07,0,0,A,572277,BBB,2013J,Fail
3548,515,BBB_2014J_686286,-3.691663437166426e-07,0,0,B,686286,BBB,2014J,Fail
3549,2240,BBB_2013B_2380539,-3.706102518208354e-07,1,1,B,2380539,BBB,2013B,Pass
3550,2135,BBB_2014J_2264569,-3.7129328234186687e-07,0,0,B,2264569,BBB,2014J,Withdrawn
3551,2386,BBB_2013J_574549,-3.7307694356059073e-07,1,1,B,574549,BBB,2013J,Pass
3552,1917,BBB_2014J_654545,-3.7375130546024593e-07,0,0,B,654545,BBB,2014J,Fail
3553,3398,BBB_2014J_630597,-3.74077984588439e-07,1,1,B,630597,BBB,2014J,Pass
3554,1856,BBB_2014B_1453691,-3.74878197817452e-07,0,0,B,1453691,BBB,2014B,Withdrawn
3555,1249,BBB_2014J_689563,-3.757992317332537e-07,1,1,B,689563,BBB,2014J,Pass
3556,457,BBB_2013J_514074,-3.763090603570163e-07,0,0,B,514074,BBB,2013J,Withdrawn
3557,765,BBB_2014J_58653,-3.7715139455940516e-07,1,1,B,58653,BBB,2014J,Pass
3558,2143,BBB_2014J_118213,-3.7747437886537227e-07,0,0,B,118213,BBB,2014J,Fail
3559,1577,BBB_2013J_2584834,-3.7760122495456017e-07,1,1,B,2584834,BBB,2013J,Pass
3560,673,BBB_2013J_594038,-3.7812290543115523e-07,0,0,B,594038,BBB,2013J,Fail
3561,1418,BBB_2014J_2459279,-3.7814862707818975e-07,0,0,B,2459279,BBB,2014J,Fail
3562,1920,BBB_2014B_521671,-3.7824352716597787e-07,0,0,B,521671,BBB,2014B,Fail
3563,2307,BBB_2014B_626746,-3.7824352716597787e-07,0,0,B,626746,BBB,2014B,Withdrawn
3564,744,BBB_2014B_2568059,-3.7913429196123616e-07,1,1,B,2568059,BBB,2014B,Pass
3565,2660,BBB_2013B_537162,-3.7938460195618973e-07,1,1,B,537162,BBB,2013B,Pass
3566,1238,BBB_2013B_544989,-3.800263073117094e-07,0,0,A,544989,BBB,2013B,Fail
3567,2318,BBB_2014J_330981,-3.809915938290942e-07,0,0,B,330981,BBB,2014J,Withdrawn
3568,2769,BBB_2014J_692537,-3.809915938290942e-07,0,0,B,692537,BBB,2014J,Withdrawn
3569,2079,BBB_2013B_555902,-3.814522528955422e-07,0,0,B,555902,BBB,2013B,Fail
3570,229,BBB_2014B_624514,-3.8162264104357746e-07,0,0,B,624514,BBB,2014B,Withdrawn
3571,94,BBB_2014J_577934,-3.8174189853634743e-07,0,0,A,577934,BBB,2014J,Withdrawn
3572,1820,BBB_2014B_1611973,-3.8239411992435635e-07,0,0,B,1611973,BBB,2014B,Fail
3573,828,BBB_2014J_686182,-3.8275859992609185e-07,1,1,B,686182,BBB,2014J,Pass
3574,3312,BBB_2014J_576923,-3.8275859992609185e-07,1,1,B,576923,BBB,2014J,Pass
3575,100,BBB_2013J_265170,-3.8325609352796164e-07,0,0,B,265170,BBB,2013J,Fail
3576,3294,BBB_2013J_572514,-3.8325609352796164e-07,0,0,B,572514,BBB,2013J,Fail
3577,889,BBB_2014J_433064,-3.8353391573764384e-07,0,0,B,433064,BBB,2014J,Fail
3578,2742,BBB_2013J_593281,-3.876418759318767e-07,0,0,A,593281,BBB,2013J,Withdrawn
3579,498,BBB_2014J_681566,-3.886704291744536e-07,1,1,B,681566,BBB,2014J,Pass
3580,2952,BBB_2014J_649795,-3.886704291744536e-07,1,1,B,649795,BBB,2014J,Pass
3581,3128,BBB_2013B_34229,-3.897027340826753e-07,1,1,B,34229,BBB,2013B,Pass
3582,355,BBB_2014B_629040,-3.8974195604168926e-07,0,0,B,629040,BBB,2014B,Withdrawn
3583,3800,BBB_2014B_634353,-3.8974195604168926e-07,0,0,B,634353,BBB,2014B,Fail
3584,2034,BBB_2013B_1789199,-3.903928984527738e-07,1,1,B,1789199,BBB,2013B,Pass
3585,3403,BBB_2014B_359438,-3.9076880398170033e-07,1,1,B,359438,BBB,2014B,Distinction
3586,3390,BBB_2013J_595287,-3.912715271781053e-07,0,0,B,595287,BBB,2013J,Withdrawn
3587,3596,BBB_2013J_600428,-3.9178755173452373e-07,0,0,B,600428,BBB,2013J,Withdrawn
3588,1349,BBB_2013J_1521687,-3.921062727840763e-07,0,0,B,1521687,BBB,2013J,Fail
3589,3668,BBB_2013J_604118,-3.921062727840763e-07,0,0,B,604118,BBB,2013J,Fail
3590,1306,BBB_2013J_554314,-3.921062727840763e-07,0,0,B,554314,BBB,2013J,Fail
3591,2403,BBB_2013B_2693974,-3.9220503822434694e-07,0,0,B,2693974,BBB,2013B,Withdrawn
3592,1525,BBB_2014J_2093092,-3.9339590784948086e-07,0,0,B,2093092,BBB,2014J,Withdrawn
3593,1092,BBB_2013J_551205,-3.939683210774092e-07,1,1,B,551205,BBB,2013J,Pass
3594,553,BBB_2014B_551718,-3.940854469419719e-07,0,0,B,551718,BBB,2014B,Fail
3595,2926,BBB_2014B_573488,-3.946414892652683e-07,1,1,B,573488,BBB,2014B,Pass
3596,3850,BBB_2013J_1503056,-3.9521793837593577e-07,1,1,B,1503056,BBB,2013J,Pass
3597,1374,BBB_2013J_612217,-3.956141370053956e-07,1,1,B,612217,BBB,2013J,Pass
3598,3936,BBB_2014B_623882,-3.957638909923844e-07,1,1,B,623882,BBB,2014B,Pass
3599,1597,BBB_2014J_1929491,-3.958795957714756e-07,0,0,B,1929491,BBB,2014J,Withdrawn
3600,1795,BBB_2013J_587219,-3.968458202052716e-07,0,0,B,587219,BBB,2013J,Withdrawn
3601,1456,BBB_2013J_573223,-3.968458202052716e-07,0,0,A,573223,BBB,2013J,Fail
3602,1130,BBB_2014J_678575,-3.9733180301482207e-07,0,0,A,678575,BBB,2014J,Withdrawn
3603,997,BBB_2014J_267774,-3.976331299782032e-07,0,0,B,267774,BBB,2014J,Withdrawn
3604,882,BBB_2013J_310933,-3.983951728514512e-07,1,1,B,310933,BBB,2013J,Pass
3605,1619,BBB_2013J_405945,-3.984175975801918e-07,1,1,B,405945,BBB,2013J,Pass
3606,2013,BBB_2014B_487543,-3.995179724824993e-07,1,1,A,487543,BBB,2014B,Pass
3607,887,BBB_2014B_568559,-4.0019966718318756e-07,1,1,B,568559,BBB,2014B,Pass
3608,3252,BBB_2014B_636271,-4.014665364593384e-07,0,0,A,636271,BBB,2014B,Fail
3609,2678,BBB_2014J_679798,-4.029671742955543e-07,1,1,A,679798,BBB,2014J,Pass
3610,3237,BBB_2014J_564278,-4.029671742955543e-07,1,1,B,564278,BBB,2014J,Pass
3611,3454,BBB_2013J_600449,-4.0366131770497304e-07,0,0,B,600449,BBB,2013J,Withdrawn
3612,2739,BBB_2014J_684459,-4.037750329644041e-07,0,0,A,684459,BBB,2014J,Withdrawn
3613,2616,BBB_2014J_694476,-4.037750329644041e-07,0,0,A,694476,BBB,2014J,Withdrawn
3614,3275,BBB_2014B_556877,-4.0388988509221235e-07,1,1,B,556877,BBB,2014B,Pass
3615,2411,BBB_2013B_525683,-4.045237176342198e-07,1,1,B,525683,BBB,2013B,Pass
3616,1132,BBB_2014B_623622,-4.046237336297054e-07,1,1,B,623622,BBB,2014B,Pass
3617,2174,BBB_2014J_498841,-4.0476393792232557e-07,1,1,B,498841,BBB,2014J,Pass
3618,1827,BBB_2014J_679232,-4.0660978584128316e-07,1,1,B,679232,BBB,2014J,Pass
3619,1488,BBB_2014J_691869,-4.0660978584128316e-07,1,1,B,691869,BBB,2014J,Pass
3620,808,BBB_2013J_440593,-4.0668734868631873e-07,1,1,A,440593,BBB,2013J,Pass
3621,177,BBB_2013B_558955,-4.0832364334164595e-07,0,0,B,558955,BBB,2013B,Fail
3622,5,BBB_2014J_577728,-4.084354827682546e-07,0,0,B,577728,BBB,2014J,Fail
3623,3514,BBB_2013B_340831,-4.085541434051265e-07,0,0,A,340831,BBB,2013B,Withdrawn
3624,3629,BBB_2014J_650269,-4.091136815986829e-07,1,1,B,650269,BBB,2014J,Pass
3625,2450,BBB_2014B_185021,-4.093064660537493e-07,1,1,B,185021,BBB,2014B,Pass
3626,3019,BBB_2013B_506360,-4.105969537704368e-07,0,0,B,506360,BBB,2013B,Fail
3627,2526,BBB_2013J_568533,-4.1065729305955756e-07,1,1,B,568533,BBB,2013J,Distinction
3628,2929,BBB_2013J_585790,-4.110233930987306e-07,0,0,B,585790,BBB,2013J,Fail
3629,3489,BBB_2013B_554362,-4.1148797436108e-07,0,0,B,554362,BBB,2013B,Withdrawn
3630,562,BBB_2013B_505499,-4.1148797436108e-07,0,0,A,505499,BBB,2013B,Withdrawn
3631,2017,BBB_2013B_559610,-4.1253511540162435e-07,0,0,B,559610,BBB,2013B,Fail
3632,2003,BBB_2013B_2444102,-4.1494158153909666e-07,0,0,B,2444102,BBB,2013B,Withdrawn
3633,2417,BBB_2014B_565344,-4.164079427937395e-07,0,0,B,565344,BBB,2014B,Fail
3634,3192,BBB_2014J_654678,-4.1728560518095037e-07,0,0,A,654678,BBB,2014J,Withdrawn
3635,3305,BBB_2014B_634486,-4.1737672518138424e-07,0,0,B,634486,BBB,2014B,Withdrawn
3636,1762,BBB_2013B_518189,-4.192179403617047e-07,1,1,B,518189,BBB,2013B,Pass
3637,1721,BBB_2014J_475363,-4.1926261928892927e-07,1,1,B,475363,BBB,2014J,Pass
3638,3615,BBB_2013B_423314,-4.193792904061411e-07,0,0,A,423314,BBB,2013B,Fail
3639,482,BBB_2013J_561549,-4.1954001517297e-07,0,0,B,561549,BBB,2013J,Fail
3640,2664,BBB_2013B_544017,-4.197812017991964e-07,0,0,B,544017,BBB,2013B,Fail
3641,2793,BBB_2013J_563063,-4.208645236758457e-07,0,0,B,563063,BBB,2013J,Withdrawn
3642,1879,BBB_2014B_547018,-4.214828095427947e-07,0,0,B,547018,BBB,2014B,Fail
3643,2939,BBB_2013B_2293443,-4.220778180297202e-07,1,1,B,2293443,BBB,2013B,Distinction
3644,66,BBB_2013J_2226301,-4.2267816979801864e-07,1,1,B,2226301,BBB,2013J,Pass
3645,1602,BBB_2013J_587985,-4.2367392438791285e-07,1,1,B,587985,BBB,2013J,Distinction
3646,523,BBB_2013J_529795,-4.2393662624817807e-07,0,0,B,529795,BBB,2013J,Fail
3647,1265,BBB_2014B_400729,-4.2466763261472806e-07,0,0,B,400729,BBB,2014B,Withdrawn
3648,2036,BBB_2013B_509226,-4.2470745142964006e-07,1,1,B,509226,BBB,2013B,Pass
3649,2005,BBB_2013B_549651,-4.2479243234083697e-07,1,1,B,549651,BBB,2013B,Pass
3650,504,BBB_2013B_557622,-4.2479243234083697e-07,1,1,B,557622,BBB,2013B,Distinction
3651,2506,BBB_2013B_341509,-4.260070340933453e-07,1,1,B,341509,BBB,2013B,Pass
3652,946,BBB_2013J_109782,-4.2641784148145234e-07,0,0,B,109782,BBB,2013J,Withdrawn
3653,512,BBB_2013J_603265,-4.2641784148145234e-07,0,0,B,603265,BBB,2013J,Fail
3654,3769,BBB_2014J_397414,-4.2719028670035186e-07,1,1,B,397414,BBB,2014J,Pass
3655,1930,BBB_2013J_197240,-4.2875129224739794e-07,1,1,B,197240,BBB,2013J,Pass
3656,3655,BBB_2013B_1847146,-4.288369552796212e-07,1,1,B,1847146,BBB,2013B,Pass
3657,3934,BBB_2014B_629504,-4.3048038378401543e-07,1,1,A,629504,BBB,2014B,Pass
3658,1761,BBB_2014B_635761,-4.3048038378401543e-07,1,1,B,635761,BBB,2014B,Pass
3659,1258,BBB_2014B_570031,-4.3269972138659796e-07,1,1,B,570031,BBB,2014B,Pass
3660,1719,BBB_2013J_368077,-4.3280974182380305e-07,1,1,B,368077,BBB,2013J,Pass
3661,369,BBB_2014J_34662,-4.3330405219421664e-07,0,0,B,34662,BBB,2014J,Withdrawn
3662,2187,BBB_2014B_575680,-4.3496191892700153e-07,1,1,B,575680,BBB,2014B,Pass
3663,3159,BBB_2013J_580975,-4.365558936569869e-07,0,0,B,580975,BBB,2013J,Fail
3664,3686,BBB_2013J_575794,-4.3707797203751397e-07,0,0,B,575794,BBB,2013J,Withdrawn
3665,500,BBB_2013B_530153,-4.3744682898250176e-07,0,0,B,530153,BBB,2013B,Fail
3666,3375,BBB_2014J_686201,-4.394123891415802e-07,0,0,B,686201,BBB,2014J,Withdrawn
3667,3807,BBB_2013B_497280,-4.397414556933654e-07,1,1,B,497280,BBB,2013B,Pass
3668,565,BBB_2013B_480554,-4.397414556933654e-07,1,1,B,480554,BBB,2013B,Pass
3669,2141,BBB_2014B_617126,-4.4001305354868236e-07,0,0,B,617126,BBB,2014B,Withdrawn
3670,898,BBB_2013J_293760,-4.400477848776063e-07,1,1,B,293760,BBB,2013J,Pass
3671,3090,BBB_2013J_2272630,-4.4374084495757415e-07,0,0,B,2272630,BBB,2013J,Withdrawn
3672,2627,BBB_2013J_422479,-4.4407968857740343e-07,1,1,B,422479,BBB,2013J,Pass
3673,1409,BBB_2014B_466856,-4.4446670699471724e-07,1,1,B,466856,BBB,2014B,Distinction
3674,1113,BBB_2014J_675085,-4.445301442501659e-07,1,1,B,675085,BBB,2014J,Pass
3675,407,BBB_2013J_415546,-4.457180864392285e-07,0,0,B,415546,BBB,2013J,Fail
3676,3009,BBB_2013B_405471,-4.458310058907955e-07,1,1,A,405471,BBB,2013B,Pass
3677,1669,BBB_2014B_630718,-4.458977684862475e-07,1,1,B,630718,BBB,2014B,Pass
3678,2818,BBB_2014B_626555,-4.458977684862475e-07,1,1,A,626555,BBB,2014B,Pass
3679,1001,BBB_2014J_373174,-4.459022306946281e-07,1,1,B,373174,BBB,2014J,Pass
3680,810,BBB_2013B_416007,-4.4625937789533054e-07,1,1,B,416007,BBB,2013B,Pass
3681,92,BBB_2013J_320051,-4.473653802961053e-07,1,1,B,320051,BBB,2013J,Pass
3682,1744,BBB_2013J_611004,-4.473682793104672e-07,0,0,B,611004,BBB,2013J,Fail
3683,1832,BBB_2013J_564792,-4.477493860122195e-07,0,0,A,564792,BBB,2013J,Fail
3684,2199,BBB_2013J_596596,-4.4785087993659545e-07,0,0,B,596596,BBB,2013J,Fail
3685,2482,BBB_2014J_694380,-4.482016890960949e-07,0,0,B,694380,BBB,2014J,Withdrawn
3686,1215,BBB_2013J_614148,-4.4825031864093035e-07,0,0,B,614148,BBB,2013J,Fail
3687,1676,BBB_2013J_345083,-4.485123952235881e-07,0,0,B,345083,BBB,2013J,Withdrawn
3688,2130,BBB_2013J_141949,-4.491246841098473e-07,1,1,B,141949,BBB,2013J,Pass
3689,2549,BBB_2013J_523466,-4.494009431255108e-07,1,1,B,523466,BBB,2013J,Pass
3690,3687,BBB_2014B_631031,-4.5013879912403354e-07,0,0,B,631031,BBB,2014B,Withdrawn
3691,3893,BBB_2013B_349040,-4.5227210421217023e-07,0,0,B,349040,BBB,2013B,Withdrawn
3692,259,BBB_2014J_651544,-4.5266520487530215e-07,1,1,B,651544,BBB,2014J,Pass
3693,2207,BBB_2013B_550921,-4.5370066459327063e-07,1,1,B,550921,BBB,2013B,Pass
3694,3133,BBB_2013B_325879,-4.5370066459327063e-07,1,1,B,325879,BBB,2013B,Pass
3695,102,BBB_2013J_599475,-4.541782061551203e-07,0,0,B,599475,BBB,2013J,Withdrawn
3696,359,BBB_2013J_606426,-4.544104399428761e-07,0,0,B,606426,BBB,2013J,Withdrawn
3697,3439,BBB_2014J_622573,-4.553673704776884e-07,1,1,B,622573,BBB,2014J,Pass
3698,3718,BBB_2014J_2299745,-4.5556251393463754e-07,0,0,B,2299745,BBB,2014J,Fail
3699,3211,BBB_2014B_626123,-4.558274042665289e-07,1,1,B,626123,BBB,2014B,Distinction
3700,2147,BBB_2013B_546811,-4.559513797630643e-07,1,1,B,546811,BBB,2013B,Pass
3701,1620,BBB_2013J_592205,-4.5598460474138847e-07,1,1,B,592205,BBB,2013J,Pass
3702,2358,BBB_2013J_592772,-4.5598460474138847e-07,1,1,B,592772,BBB,2013J,Pass
3703,644,BBB_2013J_592317,-4.561635762456717e-07,1,1,B,592317,BBB,2013J,Pass
3704,212,BBB_2014J_675178,-4.5629138867298025e-07,0,0,B,675178,BBB,2014J,Withdrawn
3705,917,BBB_2014J_474408,-4.565963536151685e-07,1,1,B,474408,BBB,2014J,Pass
3706,3344,BBB_2013J_584042,-4.5688142336075543e-07,1,1,B,584042,BBB,2013J,Pass
3707,34,BBB_2014B_379785,-4.5716225827163726e-07,0,0,B,379785,BBB,2014B,Withdrawn
3708,434,BBB_2014J_584595,-4.5836497974960366e-07,0,0,B,584595,BBB,2014J,Withdrawn
3709,3455,BBB_2014J_694329,-4.5837197149012354e-07,0,0,B,694329,BBB,2014J,Withdrawn
3710,3101,BBB_2013B_498967,-4.603630827659799e-07,1,1,B,498967,BBB,2013B,Pass
3711,1614,BBB_2014J_678109,-4.604678736086498e-07,0,0,B,678109,BBB,2014J,Withdrawn
3712,3359,BBB_2014J_376117,-4.604678736086498e-07,0,0,B,376117,BBB,2014J,Withdrawn
3713,390,BBB_2014J_612750,-4.6141522602738405e-07,1,1,B,612750,BBB,2014J,Pass
3714,347,BBB_2013B_377759,-4.621787468295224e-07,1,1,B,377759,BBB,2013B,Pass
3715,3907,BBB_2014B_596533,-4.6380870344364666e-07,1,1,B,596533,BBB,2014B,Pass
3716,2434,BBB_2013J_290089,-4.640930342247884e-07,1,1,A,290089,BBB,2013J,Distinction
3717,2531,BBB_2014J_439677,-4.644492719307891e-07,1,1,B,439677,BBB,2014J,Pass
3718,3077,BBB_2014B_99799,-4.649084246466373e-07,1,1,B,99799,BBB,2014B,Pass
3719,1815,BBB_2014B_475981,-4.65586055042877e-07,1,1,B,475981,BBB,2014B,Pass
3720,3307,BBB_2013J_365288,-4.672848774589511e-07,0,0,B,365288,BBB,2013J,Fail
3721,471,BBB_2013J_561932,-4.674078866173659e-07,0,0,A,561932,BBB,2013J,Fail
3722,640,BBB_2014J_685453,-4.678301763760828e-07,0,0,B,685453,BBB,2014J,Fail
3723,1950,BBB_2013J_109372,-4.6828321842440346e-07,1,1,B,109372,BBB,2013J,Pass
3724,643,BBB_2014J_599232,-4.6890926341802697e-07,0,0,B,599232,BBB,2014J,Withdrawn
3725,3504,BBB_2013J_500016,-4.692372215231444e-07,1,1,B,500016,BBB,2013J,Pass
3726,3023,BBB_2013J_607398,-4.714959800367069e-07,0,0,B,607398,BBB,2013J,Fail
3727,2205,BBB_2014J_674758,-4.7186995288939215e-07,0,0,B,674758,BBB,2014J,Withdrawn
3728,2050,BBB_2013B_537255,-4.722759570086055e-07,1,1,B,537255,BBB,2013B,Pass
3729,427,BBB_2013B_551938,-4.722759570086055e-07,1,1,B,551938,BBB,2013B,Pass
3730,881,BBB_2014B_394331,-4.738209042898234e-07,1,1,B,394331,BBB,2014B,Pass
3731,3404,BBB_2014J_678398,-4.754138274165598e-07,0,0,B,678398,BBB,2014J,Withdrawn
3732,367,BBB_2013J_597142,-4.767157975038572e-07,0,0,B,597142,BBB,2013J,Fail
3733,77,BBB_2013B_2132811,-4.779319056069653e-07,1,1,B,2132811,BBB,2013B,Pass
3734,595,BBB_2013J_598351,-4.796546591023798e-07,1,1,B,598351,BBB,2013J,Pass
3735,1987,BBB_2013J_600279,-4.796546591023798e-07,1,1,B,600279,BBB,2013J,Pass
3736,3714,BBB_2013B_271036,-4.809080564882606e-07,1,1,B,271036,BBB,2013B,Pass
3737,2750,BBB_2014B_601356,-4.81656456940982e-07,1,1,B,601356,BBB,2014B,Distinction
3738,908,BBB_2014J_646770,-4.82497739540122e-07,0,0,B,646770,BBB,2014J,Withdrawn
3739,2229,BBB_2014J_697119,-4.82497739540122e-07,0,0,B,697119,BBB,2014J,Withdrawn
3740,1651,BBB_2014B_586995,-4.828708597415243e-07,1,1,B,586995,BBB,2014B,Pass
3741,2810,BBB_2014B_603112,-4.828708597415243e-07,1,1,B,603112,BBB,2014B,Pass
3742,3527,BBB_2013B_488364,-4.839400844502961e-07,0,0,B,488364,BBB,2013B,Fail
3743,449,BBB_2013J_550412,-4.849518404625996e-07,1,1,B,550412,BBB,2013J,Pass
3744,3378,BBB_2014J_695695,-4.850932100453065e-07,0,0,B,695695,BBB,2014J,Withdrawn
3745,2021,BBB_2014J_678953,-4.858843567490112e-07,0,0,A,678953,BBB,2014J,Withdrawn
3746,2917,BBB_2013B_438210,-4.869050371780759e-07,0,0,B,438210,BBB,2013B,Withdrawn
3747,3500,BBB_2014J_595018,-4.873205057265295e-07,0,0,B,595018,BBB,2014J,Withdrawn
3748,929,BBB_2014J_692532,-4.873205057265295e-07,0,0,B,692532,BBB,2014J,Withdrawn
3749,2954,BBB_2014B_555015,-4.876554271504574e-07,1,1,B,555015,BBB,2014B,Distinction
3750,1656,BBB_2014B_484821,-4.890258651357726e-07,0,0,B,484821,BBB,2014B,Fail
3751,978,BBB_2013J_587923,-4.897107146462076e-07,1,1,B,587923,BBB,2013J,Pass
3752,3306,BBB_2014B_626872,-4.897198664366442e-07,0,0,B,626872,BBB,2014B,Withdrawn
3753,3166,BBB_2014J_2278390,-4.901305601379136e-07,0,0,A,2278390,BBB,2014J,Fail
3754,2449,BBB_2014J_648640,-4.901305601379136e-07,0,0,B,648640,BBB,2014J,Withdrawn
3755,2892,BBB_2014B_601238,-4.902478849544423e-07,1,1,B,601238,BBB,2014B,Pass
3756,2670,BBB_2013B_486099,-4.90778063522157e-07,1,1,B,486099,BBB,2013B,Pass
3757,3351,BBB_2013J_613159,-4.922850962429948e-07,0,0,B,613159,BBB,2013J,Withdrawn
3758,143,BBB_2013B_546455,-4.929738679493312e-07,0,0,A,546455,BBB,2013B,Fail
3759,1184,BBB_2013B_2626410,-4.929738679493312e-07,0,0,B,2626410,BBB,2013B,Withdrawn
3760,1196,BBB_2013J_574810,-4.933478976454353e-07,0,0,B,574810,BBB,2013J,Withdrawn
3761,3613,BBB_2013J_613298,-4.947164029545092e-07,0,0,A,613298,BBB,2013J,Withdrawn
3762,2654,BBB_2013J_372658,-4.975941010343377e-07,1,1,B,372658,BBB,2013J,Pass
3763,735,BBB_2014B_60416,-4.98927306580299e-07,1,1,B,60416,BBB,2014B,Pass
3764,24,BBB_2013B_541697,-4.993959805688064e-07,1,1,B,541697,BBB,2013B,Pass
3765,3243,BBB_2013J_584223,-5.020085040996491e-07,0,0,B,584223,BBB,2013J,Withdrawn
3766,3660,BBB_2013B_543180,-5.052317533227324e-07,1,1,B,543180,BBB,2013B,Pass
3767,2216,BBB_2013B_86291,-5.062952368461993e-07,0,0,B,86291,BBB,2013B,Withdrawn
3768,2263,BBB_2014B_1967937,-5.078666731606063e-07,0,0,A,1967937,BBB,2014B,Fail
3769,1732,BBB_2014B_358054,-5.118722583574709e-07,0,0,B,358054,BBB,2014B,Withdrawn
3770,3013,BBB_2014J_601983,-5.136597565069678e-07,0,0,B,601983,BBB,2014J,Withdrawn
3771,2863,BBB_2014J_613135,-5.136597565069678e-07,0,0,A,613135,BBB,2014J,Fail
3772,1363,BBB_2013B_554068,-5.151212008058792e-07,0,0,B,554068,BBB,2013B,Fail
3773,2937,BBB_2014J_2660510,-5.154925588612969e-07,1,1,B,2660510,BBB,2014J,Pass
3774,2959,BBB_2013J_560567,-5.168828351997945e-07,1,1,B,560567,BBB,2013J,Pass
3775,1161,BBB_2013J_428653,-5.168828351997945e-07,1,1,A,428653,BBB,2013J,Pass
3776,3690,BBB_2014B_623169,-5.17626688179007e-07,1,1,B,623169,BBB,2014B,Pass
3777,1561,BBB_2013B_392213,-5.180399398341251e-07,1,1,B,392213,BBB,2013B,Pass
3778,2981,BBB_2013J_479020,-5.214623115534778e-07,1,1,B,479020,BBB,2013J,Pass
3779,2185,BBB_2014J_512722,-5.215867986407829e-07,1,1,B,512722,BBB,2014J,Pass
3780,3084,BBB_2013J_139549,-5.237166647020786e-07,1,1,B,139549,BBB,2013J,Pass
3781,2332,BBB_2013B_377846,-5.248900265542034e-07,1,1,A,377846,BBB,2013B,Pass
3782,2690,BBB_2013B_2216178,-5.258307282929309e-07,0,0,B,2216178,BBB,2013B,Fail
3783,2227,BBB_2013J_555346,-5.261785531729402e-07,1,1,B,555346,BBB,2013J,Pass
3784,1289,BBB_2013J_598252,-5.276296519696189e-07,1,1,B,598252,BBB,2013J,Pass
3785,495,BBB_2014B_631650,-5.277396439851145e-07,0,0,A,631650,BBB,2014B,Fail
3786,218,BBB_2014J_689185,-5.27930581029068e-07,0,0,B,689185,BBB,2014J,Fail
3787,718,BBB_2014J_689180,-5.27930581029068e-07,0,0,B,689180,BBB,2014J,Withdrawn
3788,1589,BBB_2013B_434192,-5.293152298690984e-07,1,1,B,434192,BBB,2013B,Pass
3789,3919,BBB_2014B_632658,-5.310232040756091e-07,1,1,B,632658,BBB,2014B,Pass
3790,2871,BBB_2013J_530514,-5.312717803462874e-07,1,1,B,530514,BBB,2013J,Pass
3791,1483,BBB_2013B_518876,-5.320047762324975e-07,1,1,B,518876,BBB,2013B,Pass
3792,2713,BBB_2013B_338056,-5.332613000064157e-07,1,1,B,338056,BBB,2013B,Pass
3793,767,BBB_2014B_632911,-5.362410320230993e-07,0,0,B,632911,BBB,2014B,Withdrawn
3794,305,BBB_2014J_654071,-5.37216351403913e-07,0,0,B,654071,BBB,2014J,Withdrawn
3795,150,BBB_2013B_481607,-5.372717168938834e-07,1,1,B,481607,BBB,2013B,Distinction
3796,2109,BBB_2013B_2288607,-5.377855814003851e-07,1,1,B,2288607,BBB,2013B,Distinction
3797,634,BBB_2014J_692540,-5.379259278015525e-07,0,0,A,692540,BBB,2014J,Withdrawn
3798,2771,BBB_2014J_695035,-5.382007657317445e-07,0,0,A,695035,BBB,2014J,Withdrawn
3799,3094,BBB_2014B_637864,-5.412459813669557e-07,0,0,B,637864,BBB,2014B,Fail
3800,2125,BBB_2014B_628580,-5.425066547104507e-07,1,1,B,628580,BBB,2014B,Distinction
3801,1723,BBB_2014J_676151,-5.430720193544403e-07,1,1,B,676151,BBB,2014J,Pass
3802,1735,BBB_2014J_696724,-5.430720193544403e-07,1,1,B,696724,BBB,2014J,Pass
3803,2773,BBB_2014B_2523989,-5.462646868181764e-07,1,1,B,2523989,BBB,2014B,Pass
3804,1135,BBB_2014J_687688,-5.462760555019486e-07,1,1,B,687688,BBB,2014J,Pass
3805,379,BBB_2014B_304607,-5.474691420204181e-07,0,0,B,304607,BBB,2014B,Fail
3806,1714,BBB_2013J_595570,-5.481506377691403e-07,0,0,B,595570,BBB,2013J,Fail
3807,599,BBB_2014B_630443,-5.496786457115377e-07,1,1,B,630443,BBB,2014B,Pass
3808,2285,BBB_2013B_554998,-5.519970045497757e-07,1,1,A,554998,BBB,2013B,Pass
3809,998,BBB_2014B_631530,-5.524661901290528e-07,1,1,B,631530,BBB,2014B,Pass
3810,1511,BBB_2014J_607062,-5.528901283469168e-07,1,1,B,607062,BBB,2014J,Pass
3811,2949,BBB_2014J_284246,-5.540376264434599e-07,0,0,B,284246,BBB,2014J,Fail
3812,1023,BBB_2014B_2133207,-5.545005592466623e-07,1,1,B,2133207,BBB,2014B,Pass
3813,1526,BBB_2014J_596151,-5.554891231440706e-07,0,0,B,596151,BBB,2014J,Fail
3814,1945,BBB_2014B_394520,-5.576634976023342e-07,1,1,B,394520,BBB,2014B,Pass
3815,215,BBB_2013J_387700,-5.595629204435681e-07,0,0,B,387700,BBB,2013J,Fail
3816,1313,BBB_2013B_437967,-5.600853683063178e-07,1,1,B,437967,BBB,2013B,Pass
3817,2579,BBB_2013B_2442685,-5.612922677755705e-07,1,1,A,2442685,BBB,2013B,Pass
3818,1086,BBB_2013B_1747892,-5.613018174699391e-07,1,1,B,1747892,BBB,2013B,Distinction
3819,3242,BBB_2013B_496041,-5.639686264657939e-07,1,1,B,496041,BBB,2013B,Pass
3820,720,BBB_2014J_593791,-5.641741722683946e-07,0,0,B,593791,BBB,2014J,Withdrawn
3821,837,BBB_2013J_333651,-5.658172881339851e-07,0,0,B,333651,BBB,2013J,Withdrawn
3822,724,BBB_2013B_526370,-5.668887297360925e-07,1,1,B,526370,BBB,2013B,Pass
3823,3469,BBB_2013B_544455,-5.668887297360925e-07,1,1,B,544455,BBB,2013B,Pass
3824,3505,BBB_2014J_583775,-5.671358280778804e-07,1,1,A,583775,BBB,2014J,Pass
3825,2887,BBB_2013J_609804,-5.6824109151421e-07,0,0,A,609804,BBB,2013J,Fail
3826,2483,BBB_2014J_642731,-5.721281581827498e-07,0,0,B,642731,BBB,2014J,Withdrawn
3827,3818,BBB_2014J_655155,-5.723369440602255e-07,0,0,B,655155,BBB,2014J,Withdrawn
3828,1672,BBB_2014J_106383,-5.723377967115084e-07,0,0,B,106383,BBB,2014J,Withdrawn
3829,73,BBB_2014B_573496,-5.727250140807882e-07,1,1,B,573496,BBB,2014B,Pass
3830,1428,BBB_2014J_697148,-5.729884264837892e-07,0,0,B,697148,BBB,2014J,Withdrawn
3831,360,BBB_2014J_696692,-5.729884264837892e-07,0,0,B,696692,BBB,2014J,Withdrawn
3832,1434,BBB_2013J_583873,-5.755784968641819e-07,1,1,A,583873,BBB,2013J,Pass
3833,537,BBB_2013B_483309,-5.75704234506702e-07,0,0,A,483309,BBB,2013B,Withdrawn
3834,1128,BBB_2014B_604106,-5.765135711044422e-07,1,1,B,604106,BBB,2014B,Pass
3835,1254,BBB_2014B_564906,-5.767510060650238e-07,1,1,A,564906,BBB,2014B,Pass
3836,1938,BBB_2013J_606627,-5.778405238743289e-07,0,0,B,606627,BBB,2013J,Withdrawn
3837,2978,BBB_2013J_482556,-5.78512299398426e-07,0,0,B,482556,BBB,2013J,Withdrawn
3838,1944,BBB_2013J_504022,-5.793847890345205e-07,1,1,B,504022,BBB,2013J,Pass
3839,2513,BBB_2014B_1759851,-5.80218909362884e-07,1,1,B,1759851,BBB,2014B,Pass
3840,3037,BBB_2013B_351290,-5.804199076919758e-07,1,1,B,351290,BBB,2013B,Pass
3841,2118,BBB_2013J_611051,-5.829735414408788e-07,0,0,A,611051,BBB,2013J,Fail
3842,3836,BBB_2014B_321121,-5.836269565406838e-07,1,1,B,321121,BBB,2014B,Pass
3843,1160,BBB_2014J_656475,-5.847819579685165e-07,0,0,A,656475,BBB,2014J,Fail
3844,2299,BBB_2013J_586516,-5.875550073142222e-07,0,0,B,586516,BBB,2013J,Withdrawn
3845,2104,BBB_2014B_2659042,-5.875908755115233e-07,1,1,B,2659042,BBB,2014B,Distinction
3846,3771,BBB_2014J_126769,-5.90059698879486e-07,1,1,B,126769,BBB,2014J,Pass
3847,871,BBB_2013B_2528966,-5.902413704461651e-07,1,1,B,2528966,BBB,2013B,Pass
3848,3922,BBB_2013B_2645061,-5.922856871620752e-07,1,1,B,2645061,BBB,2013B,Pass
3849,222,BBB_2014B_384884,-5.930508564233605e-07,1,1,B,384884,BBB,2014B,Pass
3850,2882,BBB_2013B_521394,-5.935934836998058e-07,1,1,B,521394,BBB,2013B,Pass
3851,645,BBB_2013J_590365,-5.945684051766875e-07,0,0,B,590365,BBB,2013J,Fail
3852,2194,BBB_2014J_696684,-5.950755053163448e-07,1,1,B,696684,BBB,2014J,Pass
3853,1876,BBB_2014J_692625,-5.957713256066199e-07,0,0,B,692625,BBB,2014J,Withdrawn
3854,1105,BBB_2013J_583021,-5.968944947198906e-07,0,0,B,583021,BBB,2013J,Withdrawn
3855,2736,BBB_2014B_307386,-5.982697075523902e-07,1,1,B,307386,BBB,2014B,Pass
3856,708,BBB_2014J_649742,-5.987267286400311e-07,1,1,B,649742,BBB,2014J,Pass
3857,3483,BBB_2013J_2588742,-5.990200975247717e-07,1,1,B,2588742,BBB,2013J,Pass
3858,3548,BBB_2013B_517043,-5.996051299916871e-07,1,1,B,517043,BBB,2013B,Pass
3859,897,BBB_2014B_542547,-5.99966199388291e-07,1,1,B,542547,BBB,2014B,Pass
3860,2414,BBB_2013B_226374,-6.016052793711424e-07,0,0,A,226374,BBB,2013B,Fail
3861,1494,BBB_2014J_611275,-6.033885711076437e-07,0,0,A,611275,BBB,2014J,Withdrawn
3862,1497,BBB_2013B_1678401,-6.036895570105116e-07,1,1,B,1678401,BBB,2013B,Pass
3863,788,BBB_2013B_433755,-6.057061341380177e-07,1,1,A,433755,BBB,2013B,Pass
3864,3556,BBB_2014J_417978,-6.096609581618395e-07,0,0,B,417978,BBB,2014J,Withdrawn
3865,3335,BBB_2013J_545298,-6.128117888692941e-07,1,1,B,545298,BBB,2013J,Pass
3866,2672,BBB_2013J_521590,-6.128117888692941e-07,1,1,B,521590,BBB,2013J,Pass
3867,3080,BBB_2013J_573831,-6.136291972325125e-07,1,1,B,573831,BBB,2013J,Pass
3868,1961,BBB_2014J_1585768,-6.15770545664418e-07,0,0,B,1585768,BBB,2014J,Fail
3869,3397,BBB_2014B_589862,-6.160947805256001e-07,1,1,B,589862,BBB,2014B,Pass
3870,3509,BBB_2013J_552205,-6.167061314954481e-07,1,1,B,552205,BBB,2013J,Pass
3871,1276,BBB_2013J_613176,-6.185998699947959e-07,0,0,B,613176,BBB,2013J,Withdrawn
3872,691,BBB_2013J_74169,-6.198753794706136e-07,0,0,A,74169,BBB,2013J,Withdrawn
3873,1152,BBB_2014B_558084,-6.201720452736481e-07,1,1,B,558084,BBB,2014B,Pass
3874,1158,BBB_2014J_694576,-6.25470420345664e-07,0,0,B,694576,BBB,2014J,Fail
3875,3298,BBB_2014B_537171,-6.2649303345097e-07,1,1,B,537171,BBB,2014B,Pass
3876,1508,BBB_2013B_371679,-6.275975010794355e-07,1,1,B,371679,BBB,2013B,Pass
3877,3856,BBB_2013J_1998790,-6.30944782642473e-07,0,0,A,1998790,BBB,2013J,Fail
3878,1383,BBB_2013J_2075158,-6.339752758321993e-07,0,0,A,2075158,BBB,2013J,Withdrawn
3879,3572,BBB_2014J_687822,-6.377287036229973e-07,0,0,B,687822,BBB,2014J,Withdrawn
3880,3276,BBB_2014B_606069,-6.384079256349651e-07,1,1,B,606069,BBB,2014B,Pass
3881,3920,BBB_2014B_592725,-6.413800974769401e-07,1,1,A,592725,BBB,2014B,Pass
3882,3225,BBB_2013B_498175,-6.416659630303911e-07,1,1,B,498175,BBB,2013B,Pass
3883,1851,BBB_2014B_542466,-6.470097559940768e-07,1,1,B,542466,BBB,2014B,Pass
3884,2530,BBB_2013J_119898,-6.479588137153769e-07,1,1,B,119898,BBB,2013J,Pass
3885,3773,BBB_2014J_691094,-6.521831323880178e-07,1,1,B,691094,BBB,2014J,Pass
3886,1576,BBB_2014J_521081,-6.561229497492604e-07,1,1,B,521081,BBB,2014J,Pass
3887,3593,BBB_2014J_605089,-6.576154873982887e-07,1,1,B,605089,BBB,2014J,Pass
3888,551,BBB_2013J_1421720,-6.582014862033247e-07,1,1,A,1421720,BBB,2013J,Pass
3889,3941,BBB_2014B_581222,-6.621619377256138e-07,1,1,A,581222,BBB,2014B,Pass
3890,1060,BBB_2013B_533324,-6.646478709626535e-07,1,1,B,533324,BBB,2013B,Pass
3891,3460,BBB_2013J_256998,-6.68707400564017e-07,1,1,B,256998,BBB,2013J,Pass
3892,2867,BBB_2013B_543853,-6.721405725329532e-07,1,1,B,543853,BBB,2013B,Pass
3893,253,BBB_2013J_576158,-6.727070172019012e-07,1,1,B,576158,BBB,2013J,Pass
3894,3353,BBB_2013B_2617999,-6.746952863068145e-07,1,1,B,2617999,BBB,2013B,Pass
3895,196,BBB_2013B_527886,-6.793352440581657e-07,1,1,B,527886,BBB,2013B,Pass
3896,3399,BBB_2013J_134563,-6.793415536776592e-07,1,1,B,134563,BBB,2013J,Pass
3897,2776,BBB_2013J_592624,-6.796727234359423e-07,1,1,B,592624,BBB,2013J,Pass
3898,2178,BBB_2013B_493186,-6.819294071647164e-07,1,1,B,493186,BBB,2013B,Pass
3899,3235,BBB_2014B_89092,-6.83492430653132e-07,1,1,B,89092,BBB,2014B,Pass
3900,3055,BBB_2013J_276925,-6.877100418023474e-07,0,0,B,276925,BBB,2013J,Withdrawn
3901,558,BBB_2013J_182661,-6.966054115764564e-07,1,1,B,182661,BBB,2013J,Pass
3902,1175,BBB_2014B_567059,-6.977506359362451e-07,1,1,B,567059,BBB,2014B,Pass
3903,958,BBB_2014B_524290,-7.04885906088748e-07,1,1,B,524290,BBB,2014B,Pass
3904,2728,BBB_2014B_358956,-7.055767241581634e-07,1,1,B,358956,BBB,2014B,Pass
3905,3358,BBB_2014J_2375759,-7.073613801367173e-07,1,1,B,2375759,BBB,2014J,Distinction
3906,911,BBB_2014J_522189,-7.096724061739224e-07,1,1,B,522189,BBB,2014J,Pass
3907,813,BBB_2013B_561444,-7.118123335203563e-07,1,1,B,561444,BBB,2013B,Pass
3908,1066,BBB_2013B_469683,-7.125171350708115e-07,1,1,B,469683,BBB,2013B,Pass
3909,3175,BBB_2014B_2476144,-7.131369557100697e-07,1,1,B,2476144,BBB,2014B,Pass
3910,1509,BBB_2014J_626075,-7.165208444348536e-07,1,1,A,626075,BBB,2014J,Pass
3911,800,BBB_2014J_603921,-7.166676709857711e-07,1,1,B,603921,BBB,2014J,Pass
3912,2833,BBB_2014J_592135,-7.215655841719126e-07,1,1,B,592135,BBB,2014J,Pass
3913,552,BBB_2013B_529212,-7.248662541314843e-07,1,1,B,529212,BBB,2013B,Pass
3914,3708,BBB_2013B_415760,-7.248662541314843e-07,1,1,B,415760,BBB,2013B,Pass
3915,1816,BBB_2013B_503491,-7.26831899555691e-07,1,1,B,503491,BBB,2013B,Pass
3916,227,BBB_2013J_393327,-7.296757189578784e-07,1,1,B,393327,BBB,2013J,Pass
3917,370,BBB_2013J_518223,-7.374866868303798e-07,1,1,A,518223,BBB,2013J,Pass
3918,2641,BBB_2013J_522622,-7.393114174192306e-07,1,1,B,522622,BBB,2013J,Pass
3919,1743,BBB_2014B_571614,-7.468472063010267e-07,1,1,B,571614,BBB,2014B,Pass
3920,961,BBB_2013B_309734,-7.549920724159165e-07,1,1,B,309734,BBB,2013B,Pass
3921,3610,BBB_2013J_2691100,-7.639096679668e-07,1,1,B,2691100,BBB,2013J,Pass
3922,98,BBB_2013J_442910,-7.7588669000761e-07,1,1,B,442910,BBB,2013J,Pass
3923,421,BBB_2013B_530226,-7.801816082064761e-07,1,1,B,530226,BBB,2013B,Pass
3924,627,BBB_2014J_549775,-7.911953616712708e-07,1,1,B,549775,BBB,2014J,Distinction
3925,3590,BBB_2013B_309709,-7.947220410642331e-07,1,1,A,309709,BBB,2013B,Pass
3926,3032,BBB_2014B_595047,-8.04136902843311e-07,1,1,B,595047,BBB,2014B,Pass
3927,2340,BBB_2013B_476710,-8.074782158473681e-07,1,1,B,476710,BBB,2013B,Pass
3928,2502,BBB_2013B_390220,-8.157305728673236e-07,1,1,B,390220,BBB,2013B,Pass
3929,2249,BBB_2013B_534765,-8.230271077991347e-07,1,1,B,534765,BBB,2013B,Pass
3930,3052,BBB_2014J_2681940,-8.250261203102127e-07,1,1,B,2681940,BBB,2014J,Pass
3931,244,BBB_2013B_2524127,-8.340319368471683e-07,1,1,B,2524127,BBB,2013B,Pass
3932,442,BBB_2013B_516432,-8.446118044957984e-07,1,1,A,516432,BBB,2013B,Pass
3933,1831,BBB_2013B_434646,-8.467089855912491e-07,1,1,B,434646,BBB,2013B,Pass
3934,948,BBB_2013J_2585937,-8.511001965416654e-07,1,1,B,2585937,BBB,2013J,Pass
3935,2433,BBB_2014B_551515,-8.573907166464778e-07,1,1,B,551515,BBB,2014B,Pass
3936,30,BBB_2013B_263499,-8.656355703351437e-07,1,1,B,263499,BBB,2013B,Pass
3937,2239,BBB_2014J_602779,-8.706711014383473e-07,1,1,B,602779,BBB,2014J,Pass
3938,3467,BBB_2014B_64275,-8.734160701351357e-07,1,1,B,64275,BBB,2014B,Pass
3939,3848,BBB_2014B_576375,-8.857146553964412e-07,1,1,B,576375,BBB,2014B,Pass
3940,3535,BBB_2014B_508940,-9.20486797895137e-07,1,1,B,508940,BBB,2014B,Pass
3941,234,BBB_2014B_228784,-9.237102176484768e-07,1,1,B,228784,BBB,2014B,Pass
3942,981,BBB_2013B_2475780,-9.342958264824119e-07,1,1,B,2475780,BBB,2013B,Pass
3943,2927,BBB_2013B_442466,-9.346845217805821e-07,1,1,B,442466,BBB,2013B,Pass
3944,428,BBB_2013J_561457,-9.447458069189452e-07,1,1,B,561457,BBB,2013J,Pass
3945,2589,BBB_2013J_1411627,-9.479063010076061e-07,1,1,B,1411627,BBB,2013J,Pass
3946,2390,BBB_2014B_290914,-9.548992920827004e-07,1,1,A,290914,BBB,2014B,Distinction
3947,3328,BBB_2013B_432870,-1.0062128694698913e-06,1,1,A,432870,BBB,2013B,Pass
3948,3193,BBB_2013B_74734,-1.0090053592648474e-06,1,1,B,74734,BBB,2013B,Pass
3949,1546,BBB_2013B_363416,-1.0230145335299312e-06,1,1,B,363416,BBB,2013B,Pass
3950,220,BBB_2013B_484768,-1.027033135869715e-06,1,1,B,484768,BBB,2013B,Pass
3951,2777,BBB_2014J_594083,-1.177849981104373e-06,1,1,A,594083,BBB,2014J,Pass
3952,550,BBB_2013B_294961,-1.232334170708782e-06,1,1,B,294961,BBB,2013B,Pass
3953,2696,BBB_2014B_334981,-1.320675664828741e-06,1,1,B,334981,BBB,2014B,Distinction
3954,2765,BBB_2013J_414350,-1.3956359907751903e-06,1,1,B,414350,BBB,2013J,Distinction
