sample_id,id_student,code_module,code_presentation,gender,demo,final_result,label,observed_label,was_corrupted,region,highest_education,imd_band,age_band,disability,num_of_prev_attempts,studied_credits
BBB_2013B_545041,545041,BBB,2013B,M,A,Fail,0,0,0,East Anglian Region,A Level or Equivalent,40-50%,0-35,N,0,60
BBB_2013B_397763,397763,BBB,2013B,F,B,Withdrawn,0,0,0,West Midlands Region,Lower Than A Level,0-10%,0-35,Y,1,60
BBB_2014B_2597543,2597543,BBB,2014B,F,B,Pass,1,1,0,London Region,A Level or Equivalent,10-20,35-55,N,0,60
BBB_2014J_678777,678777,BBB,2014J,F,B,Withdrawn,0,0,0,East Midlands Region,Lower Than A Level,40-50%,0-35,N,0,120
BBB_2013J_584325,584325,BBB,2013J,F,B,Withdrawn,0,0,0,Wales,Lower Than A Level,30-40%,0-35,N,0,60
BBB_2014J_577728,577728,BBB,2014J,F,B,Fail,0,0,0,London Region,A Level or Equivalent,60-70%,35-55,N,0,60
BBB_2013J_600770,600770,BBB,2013J,F,B,Fail,0,0,0,East Midlands Region,Lower Than A Level,80-90%,35-55,N,0,60
BBB_2013J_2650236,2650236,BBB,2013J,F,B,Fail,0,0,0,South East Region,Lower Than A Level,20-30%,0-35,N,1,60
BBB_2013B_288380,288380,BBB,2013B,F,B,Fail,0,0,0,South West Region,Lower Than A Level,50-60%,0-35,Y,3,120
BBB_2013B_2587260,2587260,BBB,2013B,F,B,Withdrawn,0,0,0,South West Region,HE Qualification,40-50%,0-35,N,1,120
BBB_2014B_621862,621862,BBB,2014B,F,B,Pass,1,1,0,South Region,A Level or Equivalent,50-60%,0-35,N,0,60
BBB_2013B_123860,123860,BBB,2013B,F,B,Pass,1,1,0,East Anglian Region,A Level or Equivalent,70-80%,35-55,Y,0,60
BBB_2013B_545780,545780,BBB,2013B,M,A,Fail,0,0,0,Scotland,Lower Than A Level,0-10%,35-55,N,0,60
BBB_2014J_1623795,1623795,BBB,2014J,F,B,Distinction,1,1,0,Wales,Lower Than A Level,60-70%,35-55,N,0,60
BBB_2014B_236161,236161,BBB,2014B,F,B,Pass,1,1,0,South Region,A Level or Equivalent,90-100%,35-55,N,0,60
BBB_2013J_575018,575018,BBB,2013J,F,B,Pass,1,1,0,Wales,Lower Than A Level,80-90%,0-35,N,0,60
BBB_2013J_599840,599840,BBB,2013J,F,B,Fail,0,0,0,Yorkshire Region,A Level or Equivalent,40-50%,0-35,N,0,60
BBB_2013B_551032,551032,BBB,2013B,F,B,Fail,0,0,0,North Region,A Level or Equivalent,10-20,0-35,N,0,60
BBB_2013B_558747,558747,BBB,2013B,F,B,Pass,1,1,0,London Region,A Level or Equivalent,10-20,0-35,N,0,60
BBB_2013J_492478,492478,BBB,2013J,F,B,Withdrawn,0,0,0,East Anglian Region,A Level or Equivalent,20-30%,0-35,N,0,120
BBB_2013J_305173,305173,BBB,2013J,M,A,Fail,0,0,0,Wales,Lower Than A Level,10-20,0-35,N,2,60
BBB_2014J_574063,574063,BBB,2014J,F,B,Pass,1,1,0,Yorkshire Region,Lower Than A Level,20-30%,0-35,N,0,60
BBB_2014J_651008,651008,BBB,2014J,F,B,Pass,1,1,0,Wales,HE Qualification,80-90%,0-35,N,0,90
BBB_2014B_603061,603061,BBB,2014B,F,B,Withdrawn,0,0,0,Ireland,Lower Than A Level,50-60%,35-55,N,0,60
BBB_2013B_541697,541697,BBB,2013B,F,B,Pass,1,1,0,North Western Region,No Formal quals,0-10%,0-35,N,0,60
BBB_2014J_651394,651394,BBB,2014J,F,B,Fail,0,0,0,Scotland,HE Qualification,60-70%,0-35,N,0,120
BBB_2013J_242149,242149,BBB,2013J,F,B,Fail,0,0,0,North Western Region,Lower Than A Level,0-10%,0-35,N,1,120
BBB_2014J_588062,588062,BBB,2014J,F,B,Withdrawn,0,0,0,London Region,Lower Than A Level,40-50%,35-55,N,0,120
BBB_2013J_536666,536666,BBB,2013J,F,B,Pass,1,1,0,London Region,Lower Than A Level,40-50%,0-35,N,0,60
BBB_2013B_1721462,1721462,BBB,2013B,F,B,Pass,1,1,0,East Anglian Region,Lower Than A Level,80-90%,35-55,Y,1,60
BBB_2013B_263499,263499,BBB,2013B,F,B,Pass,1,1,0,Ireland,Lower Than A Level,40-50%,35-55,N,0,325
BBB_2014J_2228601,2228601,BBB,2014J,F,B,Distinction,1,1,0,South West Region,A Level or Equivalent,60-70%,35-55,N,0,120
BBB_2014J_582898,582898,BBB,2014J,F,B,Pass,1,1,0,Yorkshire Region,A Level or Equivalent,50-60%,0-35,N,0,60
BBB_2013J_559414,559414,BBB,2013J,F,B,Pass,1,1,0,Scotland,HE Qualification,0-10%,35-55,N,0,60
BBB_2014B_379785,379785,BBB,2014B,F,B,Withdrawn,0,0,0,South Region,HE Qualification,90-100%,35-55,N,0,60
BBB_2013B_535773,535773,BBB,2013B,F,B,Pass,1,1,0,East Anglian Region,A Level or Equivalent,20-30%,0-35,N,0,60
BBB_2014J_683630,683630,BBB,2014J,F,B,Pass,1,1,0,South Region,Lower Than A Level,70-80%,35-55,N,0,60
BBB_2014J_689406,689406,BBB,2014J,M,A,Pass,1,1,0,North Western Region,Lower Than A Level,30-40%,35-55,N,0,60
BBB_2014B_2653570,2653570,BBB,2014B,F,B,Fail,0,0,0,Wales,A Level or Equivalent,80-90%,35-55,N,2,60
BBB_2014J_682058,682058,BBB,2014J,F,B,Pass,1,1,0,Yorkshire Region,A Level or Equivalent,30-40%,0-35,N,0,60
BBB_2013J_398891,398891,BBB,2013J,M,A,Pass,1,1,0,West Midlands Region,A Level or Equivalent,60-70%,0-35,N,2,60
BBB_2014J_678815,678815,BBB,2014J,F,B,Distinction,1,1,0,North Western Region,A Level or Equivalent,70-80%,0-35,N,0,60
BBB_2013B_367304,367304,BBB,2013B,F,B,Fail,0,0,0,London Region,A Level or Equivalent,10-20,0-35,N,2,60
BBB_2014J_654796,654796,BBB,2014J,F,B,Withdrawn,0,0,0,London Region,A Level or Equivalent,40-50%,0-35,Y,0,120
BBB_2013B_272580,272580,BBB,2013B,F,B,Pass,1,1,0,South West Region,Lower Than A Level,30-40%,35-55,N,0,120
BBB_2013J_592256,592256,BBB,2013J,F,B,Fail,0,0,0,East Anglian Region,Lower Than A Level,80-90%,0-35,N,0,60
BBB_2014B_565009,565009,BBB,2014B,F,B,Fail,0,0,0,East Anglian Region,Lower Than A Level,40-50%,0-35,N,0,60
BBB_2013B_498371,498371,BBB,2013B,F,B,Withdrawn,0,0,0,North Western Region,A Level or Equivalent,60-70%,35-55,N,0,60
BBB_2014J_1419671,1419671,BBB,2014J,F,B,Fail,0,0,0,West Midlands Region,Lower Than A Level,70-80%,35-55,N,0,60
BBB_2013B_555059,555059,BBB,2013B,F,B,Distinction,1,1,0,East Midlands Region,HE Qualification,70-80%,0-35,N,0,120
BBB_2013J_567262,567262,BBB,2013J,M,A,Pass,1,1,0,South Region,HE Qualification,60-70%,0-35,N,0,60
BBB_2013J_611228,611228,BBB,2013J,F,B,Pass,1,1,0,West Midlands Region,A Level or Equivalent,30-40%,0-35,N,0,60
BBB_2014J_653551,653551,BBB,2014J,F,B,Withdrawn,0,0,0,South West Region,Lower Than A Level,10-20,0-35,N,0,180
BBB_2014B_286914,286914,BBB,2014B,F,B,Pass,1,1,0,South Region,HE Qualification,40-50%,35-55,N,0,60
BBB_2014J_469803,469803,BBB,2014J,M,A,Withdrawn,0,0,0,South West Region,A Level or Equivalent,40-50%,0-35,Y,0,120
BBB_2013B_516776,516776,BBB,2013B,F,B,Fail,0,0,0,East Anglian Region,Lower Than A Level,20-30%,35-55,N,1,120
BBB_2013J_301583,301583,BBB,2013J,F,B,Fail,0,0,0,Yorkshire Region,A Level or Equivalent,0-10%,0-35,N,1,60
BBB_2013J_586346,586346,BBB,2013J,F,B,Pass,1,1,0,North Western Region,A Level or Equivalent,0-10%,0-35,N,0,120
BBB_2013B_502872,502872,BBB,2013B,F,B,Fail,0,0,0,North Western Region,A Level or Equivalent,20-30%,0-35,N,0,180
BBB_2013B_542760,542760,BBB,2013B,F,B,Withdrawn,0,0,0,East Anglian Region,A Level or Equivalent,90-100%,0-35,N,0,60
BBB_2013B_2612483,2612483,BBB,2013B,F,B,Distinction,1,1,0,South Region,A Level or Equivalent,90-100%,0-35,N,0,60
BBB_2014B_632752,632752,BBB,2014B,F,B,Pass,1,1,0,East Anglian Region,A Level or Equivalent,50-60%,0-35,N,0,60
BBB_2013J_595103,595103,BBB,2013J,F,B,Pass,1,1,0,Scotland,Lower Than A Level,10-20,35-55,N,0,60
BBB_2014J_682366,682366,BBB,2014J,M,A,Withdrawn,0,0,0,Wales,Lower Than A Level,40-50%,35-55,N,0,120
BBB_2014B_612841,612841,BBB,2014B,F,B,Pass,1,1,0,Wales,A Level or Equivalent,90-100%,0-35,N,0,60
BBB_2014J_2603534,2603534,BBB,2014J,F,B,Withdrawn,0,0,0,South East Region,A Level or Equivalent,10-20,35-55,Y,0,60
BBB_2013J_2226301,2226301,BBB,2013J,F,B,Pass,1,1,0,Yorkshire Region,Lower Than A Level,70-80%,0-35,N,1,60
BBB_2013J_590668,590668,BBB,2013J,F,B,Withdrawn,0,0,0,Yorkshire Region,Lower Than A Level,50-60%,35-55,N,0,60
BBB_2013J_571516,571516,BBB,2013J,F,B,Pass,1,1,0,South Region,A Level or Equivalent,40-50%,35-55,N,0,60
BBB_2013B_500819,500819,BBB,2013B,F,B,Pass,1,1,0,South East Region,Lower Than A Level,60-70%,0-35,N,0,60
BBB_2014J_581016,581016,BBB,2014J,F,B,Pass,1,1,0,South East Region,Lower Than A Level,40-50%,0-35,N,1,60
BBB_2014J_699875,699875,BBB,2014J,F,B,Withdrawn,0,0,0,Ireland,Lower Than A Level,20-30%,35-55,N,0,60
BBB_2014B_608774,608774,BBB,2014B,F,B,Withdrawn,0,0,0,Scotland,Lower Than A Level,0-10%,35-55,N,0,60
BBB_2014B_573496,573496,BBB,2014B,F,B,Pass,1,1,0,South Region,A Level or Equivalent,20-30%,0-35,N,1,180
BBB_2013J_582243,582243,BBB,2013J,F,B,Withdrawn,0,0,0,South West Region,Lower Than A Level,70-80%,35-55,N,0,60
BBB_2014J_569589,569589,BBB,2014J,F,B,Pass,1,1,0,South East Region,Lower Than A Level,40-50%,35-55,N,0,60
BBB_2014B_631724,631724,BBB,2014B,F,B,Pass,1,1,0,South Region,A Level or Equivalent,70-80%,0-35,N,0,60
BBB_2013B_2132811,2132811,BBB,2013B,F,B,Pass,1,1,0,West Midlands Region,Lower Than A Level,10-20,0-35,Y,0,60
BBB_2014J_612247,612247,BBB,2014J,F,B,Pass,1,1,0,South East Region,Lower Than A Level,70-80%,35-55,N,0,60
BBB_2014J_674502,674502,BBB,2014J,F,B,Withdrawn,0,0,0,South East Region,Lower Than A Level,50-60%,0-35,N,0,60
BBB_2014J_646776,646776,BBB,2014J,F,B,Pass,1,1,0,West Midlands Region,A Level or Equivalent,20-30%,0-35,N,0,60
BBB_2013J_603910,603910,BBB,2013J,F,B,Withdrawn,0,0,0,Ireland,Lower Than A Level,40-50%,35-55,N,0,60
BBB_2013J_333117,333117,BBB,2013J,F,B,Withdrawn,0,0,0,Ireland,A Level or Equivalent,20-30%,0-35,N,0,90
BBB_2014J_26734,26734,BBB,2014J,M,A,Fail,0,0,0,South West Region,A Level or Equivalent,20-30%,0-35,Y,0,90
BBB_2014J_629127,629127,BBB,2014J,F,B,Pass,1,1,0,East Anglian Region,A Level or Equivalent,50-60%,35-55,N,0,60
BBB_2013J_606414,606414,BBB,2013J,F,B,Pass,1,1,0,Ireland,A Level or Equivalent,60-70%,35-55,N,0,60
BBB_2014B_1536591,1536591,BBB,2014B,F,B,Withdrawn,0,0,0,London Region,Lower Than A Level,10-20,35-55,N,1,120
BBB_2013B_537488,537488,BBB,2013B,F,B,Pass,1,1,0,South West Region,A Level or Equivalent,40-50%,35-55,N,0,60
BBB_2013B_2287671,2287671,BBB,2013B,F,B,Withdrawn,0,0,0,North Western Region,A Level or Equivalent,10-20,0-35,Y,0,120
BBB_2014J_2091193,2091193,BBB,2014J,M,A,Pass,1,1,0,West Midlands Region,Lower Than A Level,80-90%,35-55,N,0,60
BBB_2014J_686822,686822,BBB,2014J,F,B,Pass,1,1,0,East Anglian Region,A Level or Equivalent,70-80%,0-35,Y,0,60
BBB_2014B_607339,607339,BBB,2014B,F,B,Withdrawn,0,0,0,North Western Region,A Level or Equivalent,0-10%,0-35,N,0,120
BBB_2013J_320051,320051,BBB,2013J,F,B,Pass,1,1,0,East Anglian Region,Lower Than A Level,20-30%,0-35,N,0,120
BBB_2014J_641329,641329,BBB,2014J,F,B,Fail,0,0,0,North Western Region,A Level or Equivalent,10-20,35-55,N,0,60
BBB_2014J_577934,577934,BBB,2014J,M,A,Withdrawn,0,0,0,South East Region,HE Qualification,40-50%,35-55,N,0,120
BBB_2013J_440765,440765,BBB,2013J,F,B,Fail,0,0,0,North Western Region,Lower Than A Level,20-30%,0-35,N,2,60
BBB_2014B_619161,619161,BBB,2014B,F,B,Fail,0,0,0,Wales,Lower Than A Level,20-30%,35-55,Y,0,60
BBB_2013J_576996,576996,BBB,2013J,F,B,Withdrawn,0,0,0,East Midlands Region,Lower Than A Level,80-90%,0-35,N,0,120
BBB_2013J_442910,442910,BBB,2013J,F,B,Pass,1,1,0,West Midlands Region,Lower Than A Level,0-10%,0-35,N,2,60
BBB_2014J_678550,678550,BBB,2014J,F,B,Withdrawn,0,0,0,North Region,A Level or Equivalent,10-20,0-35,N,0,120
BBB_2013J_265170,265170,BBB,2013J,F,B,Fail,0,0,0,Wales,A Level or Equivalent,40-50%,0-35,N,0,60
BBB_2013J_595388,595388,BBB,2013J,F,B,Withdrawn,0,0,0,London Region,HE Qualification,20-30%,35-55,N,0,60
BBB_2013J_599475,599475,BBB,2013J,F,B,Withdrawn,0,0,0,Wales,HE Qualification,80-90%,0-35,N,0,60
BBB_2014J_508431,508431,BBB,2014J,F,B,Withdrawn,0,0,0,South West Region,Lower Than A Level,50-60%,35-55,N,0,60
BBB_2013B_521430,521430,BBB,2013B,F,B,Distinction,1,1,0,London Region,A Level or Equivalent,0-10%,0-35,N,0,60
BBB_2013J_540521,540521,BBB,2013J,F,B,Pass,1,1,0,East Anglian Region,A Level or Equivalent,30-40%,0-35,N,0,75
BBB_2014J_652803,652803,BBB,2014J,F,B,Withdrawn,0,0,0,London Region,HE Qualification,10-20,0-35,N,0,120
BBB_2013B_547892,547892,BBB,2013B,F,B,Pass,1,1,0,Yorkshire Region,A Level or Equivalent,50-60%,0-35,N,0,60
BBB_2013J_595791,595791,BBB,2013J,M,A,Withdrawn,0,0,0,East Anglian Region,A Level or Equivalent,90-100%,35-55,N,0,120
BBB_2013J_556637,556637,BBB,2013J,F,B,Withdrawn,0,0,0,East Midlands Region,Lower Than A Level,60-70%,0-35,N,0,60
BBB_2013B_546837,546837,BBB,2013B,F,B,Pass,1,1,0,London Region,A Level or Equivalent,10-20,0-35,N,0,60
BBB_2013J_2481657,2481657,BBB,2013J,F,B,Withdrawn,0,0,0,South Region,Lower Than A Level,90-100%,0-35,N,0,60
BBB_2014B_612395,612395,BBB,2014B,F,B,Withdrawn,0,0,0,West Midlands Region,Lower Than A Level,30-40%,35-55,N,0,60
BBB_2013J_558962,558962,BBB,2013J,F,B,Pass,1,1,0,South West Region,Lower Than A Level,90-100%,0-35,N,0,60
BBB_2014J_651814,651814,BBB,2014J,M,A,Withdrawn,0,0,0,Yorkshire Region,HE Qualification,10-20,0-35,N,0,60
BBB_2013J_601951,601951,BBB,2013J,F,B,Fail,0,0,0,West Midlands Region,Lower Than A Level,10-20,0-35,N,0,60
BBB_2014J_191746,191746,BBB,2014J,F,B,Fail,0,0,0,Wales,Lower Than A Level,40-50%,0-35,N,2,90
BBB_2014B_635764,635764,BBB,2014B,M,A,Pass,1,1,0,Wales,No Formal quals,10-20,0-35,N,0,60
BBB_2014J_2482994,2482994,BBB,2014J,F,B,Fail,0,0,0,South Region,Lower Than A Level,90-100%,0-35,N,1,60
BBB_2013J_521209,521209,BBB,2013J,M,A,Withdrawn,0,0,0,North Region,Lower Than A Level,0-10%,0-35,N,0,120
BBB_2014J_581877,581877,BBB,2014J,F,B,Pass,1,1,0,Yorkshire Region,Lower Than A Level,40-50%,0-35,Y,0,60
BBB_2014J_652605,652605,BBB,2014J,F,B,Pass,1,1,0,North Western Region,HE Qualification,0-10%,0-35,N,0,120
BBB_2013B_2205383,2205383,BBB,2013B,F,B,Fail,0,0,0,North Western Region,A Level or Equivalent,40-50%,35-55,N,0,90
BBB_2013J_432237,432237,BBB,2013J,F,B,Pass,1,1,0,Wales,HE Qualification,30-40%,35-55,N,0,60
BBB_2013B_554920,554920,BBB,2013B,M,A,Withdrawn,0,0,0,London Region,A Level or Equivalent,10-20,0-35,N,0,60
BBB_2013B_550018,550018,BBB,2013B,F,B,Fail,0,0,0,East Midlands Region,Lower Than A Level,30-40%,35-55,N,0,60
BBB_2014J_588991,588991,BBB,2014J,M,A,Fail,0,0,0,Yorkshire Region,A Level or Equivalent,20-30%,0-35,N,0,120
BBB_2013J_604523,604523,BBB,2013J,F,B,Withdrawn,0,0,0,East Midlands Region,A Level or Equivalent,0-10%,0-35,N,0,60
BBB_2013B_297484,297484,BBB,2013B,F,B,Pass,1,1,0,North Region,A Level or Equivalent,10-20,0-35,N,1,60
BBB_2014J_150398,150398,BBB,2014J,F,B,Distinction,1,1,0,East Midlands Region,A Level or Equivalent,90-100%,0-35,Y,0,60
BBB_2013J_558983,558983,BBB,2013J,F,B,Fail,0,0,0,Scotland,A Level or Equivalent,50-60%,0-35,Y,0,60
BBB_2013B_446357,446357,BBB,2013B,F,B,Withdrawn,0,0,0,West Midlands Region,Lower Than A Level,0-10%,0-35,N,0,60
BBB_2014J_573713,573713,BBB,2014J,F,B,Pass,1,1,0,East Anglian Region,A Level or Equivalent,80-90%,35-55,N,0,60
BBB_2014J_39208,39208,BBB,2014J,F,B,Pass,1,1,0,Wales,A Level or Equivalent,90-100%,35-55,N,0,120
BBB_2014J_514581,514581,BBB,2014J,F,B,Withdrawn,0,0,0,North Western Region,Lower Than A Level,20-30%,0-35,N,0,120
BBB_2013B_476201,476201,BBB,2013B,M,A,Distinction,1,1,0,Yorkshire Region,HE Qualification,10-20,0-35,N,0,60
BBB_2013B_442456,442456,BBB,2013B,M,A,Fail,0,0,0,London Region,HE Qualification,20-30%,35-55,N,1,60
BBB_2014J_303617,303617,BBB,2014J,F,B,Pass,1,1,0,Wales,Lower Than A Level,0-10%,35-55,N,1,60
BBB_2013J_535833,535833,BBB,2013J,F,B,Pass,1,1,0,South West Region,Lower Than A Level,20-30%,0-35,N,0,60
BBB_2013J_374038,374038,BBB,2013J,F,B,Fail,0,0,0,West Midlands Region,Lower Than A Level,10-20,35-55,N,0,60
BBB_2014J_693615,693615,BBB,2014J,M,A,Withdrawn,0,0,0,London Region,Lower Than A Level,20-30%,35-55,N,0,60
BBB_2013J_577215,577215,BBB,2013J,F,B,Withdrawn,0,0,0,East Midlands Region,HE Qualification,10-20,0-35,N,0,60
BBB_2014J_572371,572371,BBB,2014J,F,B,Withdrawn,0,0,0,East Anglian Region,A Level or Equivalent,10-20,0-35,N,0,60
BBB_2013B_546455,546455,BBB,2013B,M,A,Fail,0,0,0,Wales,A Level or Equivalent,40-50%,35-55,N,0,60
BBB_2013B_552039,552039,BBB,2013B,F,B,Distinction,1,1,0,South East Region,A Level or Equivalent,40-50%,0-35,Y,0,60
BBB_2014B_618108,618108,BBB,2014B,F,B,Withdrawn,0,0,0,Scotland,Lower Than A Level,20-30%,0-35,N,0,60
BBB_2013B_559595,559595,BBB,2013B,F,B,Pass,1,1,0,Wales,A Level or Equivalent,80-90%,0-35,N,0,60
BBB_2014B_589997,589997,BBB,2014B,F,B,Distinction,1,1,0,South West Region,A Level or Equivalent,80-90%,35-55,N,0,60
BBB_2014J_520024,520024,BBB,2014J,F,B,Pass,1,1,0,Yorkshire Region,A Level or Equivalent,10-20,0-35,N,1,60
BBB_2013J_100282,100282,BBB,2013J,F,B,Withdrawn,0,0,0,Wales,Lower Than A Level,20-30%,0-35,N,1,120
BBB_2013B_481607,481607,BBB,2013B,F,B,Distinction,1,1,0,North Western Region,Lower Than A Level,0-10%,35-55,N,0,120
BBB_2013B_501955,501955,BBB,2013B,M,A,Fail,0,0,0,South West Region,Lower Than A Level,70-80%,35-55,Y,1,120
BBB_2014J_646482,646482,BBB,2014J,F,B,Pass,1,1,0,North Region,Lower Than A Level,20-30%,35-55,N,0,60
BBB_2013J_354779,354779,BBB,2013J,F,B,Pass,1,1,0,South East Region,A Level or Equivalent,80-90%,0-35,N,1,60
BBB_2013J_369986,369986,BBB,2013J,F,B,Pass,1,1,0,Wales,HE Qualification,90-100%,35-55,N,2,120
BBB_2013B_545927,545927,BBB,2013B,M,A,Withdrawn,0,0,0,South East Region,Lower Than A Level,10-20,35-55,N,0,120
BBB_2014J_600463,600463,BBB,2014J,F,B,Pass,1,1,0,West Midlands Region,A Level or Equivalent,70-80%,0-35,Y,0,60
BBB_2013J_617472,617472,BBB,2013J,F,B,Pass,1,1,0,East Midlands Region,A Level or Equivalent,0-10%,0-35,N,0,120
BBB_2013B_534217,534217,BBB,2013B,F,B,Withdrawn,0,0,0,South West Region,Lower Than A Level,20-30%,0-35,N,0,60
BBB_2013B_556986,556986,BBB,2013B,F,B,Withdrawn,0,0,0,South West Region,Lower Than A Level,30-40%,0-35,Y,0,60
BBB_2013B_34694,34694,BBB,2013B,M,A,Withdrawn,0,0,0,West Midlands Region,A Level or Equivalent,10-20,35-55,N,1,60
BBB_2014J_620135,620135,BBB,2014J,F,B,Withdrawn,0,0,0,East Anglian Region,A Level or Equivalent,40-50%,0-35,N,0,120
BBB_2014J_677864,677864,BBB,2014J,F,B,Withdrawn,0,0,0,South West Region,HE Qualification,30-40%,35-55,N,0,180
BBB_2014J_597532,597532,BBB,2014J,F,B,Withdrawn,0,0,0,South West Region,Lower Than A Level,60-70%,35-55,N,1,120
BBB_2014J_1937822,1937822,BBB,2014J,F,B,Distinction,1,1,0,North Region,HE Qualification,20-30%,35-55,N,0,60
BBB_2014B_605672,605672,BBB,2014B,F,B,Pass,1,1,0,West Midlands Region,A Level or Equivalent,50-60%,0-35,N,0,120
BBB_2013J_272172,272172,BBB,2013J,F,B,Fail,0,0,0,North Western Region,A Level or Equivalent,0-10%,0-35,N,1,60
BBB_2014J_694981,694981,BBB,2014J,M,A,Pass,1,1,0,Ireland,A Level or Equivalent,30-40%,0-35,N,0,60
BBB_2014J_643172,643172,BBB,2014J,F,B,Pass,1,1,0,London Region,HE Qualification,20-30%,35-55,N,0,120
BBB_2013B_558168,558168,BBB,2013B,F,B,Pass,1,1,0,Wales,A Level or Equivalent,20-30%,0-35,N,0,60
BBB_2014B_549087,549087,BBB,2014B,F,B,Fail,0,0,0,Yorkshire Region,Lower Than A Level,20-30%,0-35,N,0,90
BBB_2014J_591159,591159,BBB,2014J,M,A,Withdrawn,0,0,0,South Region,Lower Than A Level,80-90%,0-35,Y,0,60
BBB_2014J_2436711,2436711,BBB,2014J,F,B,Pass,1,1,0,East Midlands Region,A Level or Equivalent,60-70%,35-55,N,0,60
BBB_2013J_243047,243047,BBB,2013J,M,A,Withdrawn,0,0,0,Yorkshire Region,HE Qualification,0-10%,35-55,N,0,120
BBB_2014B_2243703,2243703,BBB,2014B,F,B,Pass,1,1,0,South West Region,Lower Than A Level,30-40%,0-35,N,0,60
BBB_2013B_2483179,2483179,BBB,2013B,F,B,Distinction,1,1,0,Wales,Lower Than A Level,40-50%,0-35,N,0,60
BBB_2013J_596107,596107,BBB,2013J,F,B,Pass,1,1,0,Wales,Lower Than A Level,20-30%,0-35,N,0,60
BBB_2013B_558955,558955,BBB,2013B,F,B,Fail,0,0,0,South Region,A Level or Equivalent,90-100%,0-35,N,0,60
BBB_2014J_638516,638516,BBB,2014J,F,B,Distinction,1,1,0,Yorkshire Region,HE Qualification,0-10%,35-55,N,0,60
BBB_2014J_2622652,2622652,BBB,2014J,F,B,Pass,1,1,0,South East Region,Lower Than A Level,30-40%,35-55,N,0,60
BBB_2014J_559685,559685,BBB,2014J,F,B,Fail,0,0,0,Scotland,HE Qualification,20-30%,35-55,N,1,60
BBB_2013B_560170,560170,BBB,2013B,F,B,Pass,1,1,0,East Midlands Region,HE Qualification,20-30%,35-55,N,0,60
BBB_2013J_605679,605679,BBB,2013J,F,B,Pass,1,1,0,East Anglian Region,A Level or Equivalent,30-40%,0-35,N,0,60
BBB_2013B_2034350,2034350,BBB,2013B,M,A,Withdrawn,0,0,0,Yorkshire Region,A Level or Equivalent,70-80%,35-55,N,0,150
BBB_2013J_476816,476816,BBB,2013J,F,B,Fail,0,0,0,London Region,A Level or Equivalent,10-20,0-35,N,2,210
BBB_2013B_548838,548838,BBB,2013B,F,B,Pass,1,1,0,South West Region,HE Qualification,50-60%,35-55,N,0,60
BBB_2013B_2377567,2377567,BBB,2013B,F,B,Distinction,1,1,0,South West Region,HE Qualification,50-60%,35-55,N,0,60
BBB_2013B_1930254,1930254,BBB,2013B,F,B,Fail,0,0,0,London Region,A Level or Equivalent,50-60%,35-55,N,1,60
BBB_2013B_506753,506753,BBB,2013B,F,B,Pass,1,1,0,South East Region,HE Qualification,90-100%,35-55,N,0,120
BBB_2014B_624592,624592,BBB,2014B,F,B,Pass,1,1,0,West Midlands Region,Lower Than A Level,10-20,35-55,N,0,90
BBB_2014B_571954,571954,BBB,2014B,M,A,Pass,1,1,0,London Region,HE Qualification,10-20,0-35,N,0,120
BBB_2013B_518879,518879,BBB,2013B,F,B,Pass,1,1,0,East Midlands Region,Lower Than A Level,60-70%,35-55,Y,0,60
BBB_2014B_599132,599132,BBB,2014B,F,B,Pass,1,1,0,North Western Region,HE Qualification,60-70%,35-55,N,0,60
BBB_2014J_696527,696527,BBB,2014J,M,A,Withdrawn,0,0,0,Wales,Lower Than A Level,0-10%,0-35,Y,0,120
BBB_2013B_548355,548355,BBB,2013B,F,B,Withdrawn,0,0,0,South East Region,A Level or Equivalent,20-30%,0-35,N,0,60
BBB_2014B_613205,613205,BBB,2014B,F,B,Fail,0,0,0,South West Region,A Level or Equivalent,30-40%,0-35,N,0,60
BBB_2013B_527886,527886,BBB,2013B,F,B,Pass,1,1,0,North Western Region,Lower Than A Level,40-50%,0-35,N,1,120
BBB_2013B_561161,561161,BBB,2013B,F,B,Distinction,1,1,0,South East Region,HE Qualification,60-70%,0-35,N,0,120
BBB_2014J_676376,676376,BBB,2014J,F,B,Withdrawn,0,0,0,Wales,A Level or Equivalent,90-100%,0-35,N,0,180
BBB_2014J_322574,322574,BBB,2014J,F,B,Fail,0,0,0,South West Region,A Level or Equivalent,30-40%,0-35,Y,0,60
BBB_2014J_364527,364527,BBB,2014J,F,B,Pass,1,1,0,Ireland,A Level or Equivalent,30-40%,0-35,N,2,60
BBB_2014J_528702,528702,BBB,2014J,F,B,Fail,0,0,0,Wales,Lower Than A Level,20-30%,0-35,N,1,60
BBB_2013J_364185,364185,BBB,2013J,F,B,Withdrawn,0,0,0,West Midlands Region,HE Qualification,10-20,35-55,N,0,120
BBB_2014B_140719,140719,BBB,2014B,F,B,Fail,0,0,0,London Region,HE Qualification,20-30%,0-35,N,1,240
BBB_2014B_549190,549190,BBB,2014B,F,B,Pass,1,1,0,West Midlands Region,A Level or Equivalent,0-10%,0-35,N,0,60
BBB_2013B_496070,496070,BBB,2013B,F,B,Pass,1,1,0,London Region,A Level or Equivalent,50-60%,0-35,N,0,60
BBB_2014J_643321,643321,BBB,2014J,F,B,Distinction,1,1,0,North Western Region,HE Qualification,70-80%,35-55,N,0,120
BBB_2014J_687402,687402,BBB,2014J,F,B,Pass,1,1,0,Wales,A Level or Equivalent,30-40%,35-55,N,0,60
BBB_2014J_387406,387406,BBB,2014J,F,B,Fail,0,0,0,Wales,Lower Than A Level,20-30%,0-35,N,2,60
BBB_2013B_527343,527343,BBB,2013B,F,B,Withdrawn,0,0,0,Wales,A Level or Equivalent,0-10%,0-35,N,1,120
BBB_2014B_381544,381544,BBB,2014B,F,B,Pass,1,1,0,East Anglian Region,HE Qualification,90-100%,35-55,N,0,60
BBB_2014J_680723,680723,BBB,2014J,F,B,Distinction,1,1,0,East Midlands Region,A Level or Equivalent,0-10%,0-35,N,0,60
BBB_2014J_675178,675178,BBB,2014J,F,B,Withdrawn,0,0,0,Wales,A Level or Equivalent,80-90%,0-35,N,0,60
BBB_2013J_599794,599794,BBB,2013J,F,B,Pass,1,1,0,Scotland,A Level or Equivalent,50-60%,35-55,N,0,60
BBB_2014B_622645,622645,BBB,2014B,F,B,Withdrawn,0,0,0,London Region,A Level or Equivalent,10-20,0-35,N,0,120
BBB_2013J_387700,387700,BBB,2013J,F,B,Fail,0,0,0,Ireland,A Level or Equivalent,20-30%,35-55,N,0,60
BBB_2014J_695528,695528,BBB,2014J,F,B,Withdrawn,0,0,0,Ireland,A Level or Equivalent,0-10%,0-35,N,0,60
BBB_2013J_2567158,2567158,BBB,2013J,F,B,Pass,1,1,0,West Midlands Region,A Level or Equivalent,50-60%,35-55,N,0,180
BBB_2014J_689185,689185,BBB,2014J,F,B,Fail,0,0,0,Ireland,A Level or Equivalent,40-50%,35-55,N,0,60
BBB_2013B_532665,532665,BBB,2013B,F,B,Pass,1,1,0,West Midlands Region,A Level or Equivalent,20-30%,0-35,N,0,60
BBB_2013B_484768,484768,BBB,2013B,F,B,Pass,1,1,0,London Region,No Formal quals,10-20,0-35,N,1,240
BBB_2014B_625071,625071,BBB,2014B,F,B,Pass,1,1,0,East Anglian Region,A Level or Equivalent,90-100%,0-35,N,0,60
BBB_2014B_384884,384884,BBB,2014B,F,B,Pass,1,1,0,South Region,Lower Than A Level,60-70%,0-35,Y,0,120
BBB_2013J_306964,306964,BBB,2013J,F,B,Pass,1,1,0,Scotland,Lower Than A Level,20-30%,0-35,Y,0,60
BBB_2014B_2690719,2690719,BBB,2014B,M,A,Withdrawn,0,0,0,East Midlands Region,Lower Than A Level,70-80%,0-35,N,0,150
BBB_2014J_2520290,2520290,BBB,2014J,F,B,Pass,1,1,0,Scotland,A Level or Equivalent,30-40%,35-55,N,0,60
BBB_2013B_484135,484135,BBB,2013B,F,B,Withdrawn,0,0,0,London Region,HE Qualification,70-80%,0-35,N,0,60
BBB_2013J_393327,393327,BBB,2013J,F,B,Pass,1,1,0,East Midlands Region,A Level or Equivalent,90-100%,0-35,Y,3,60
BBB_2013J_578600,578600,BBB,2013J,F,B,Pass,1,1,0,East Anglian Region,Lower Than A Level,80-90%,0-35,N,0,60
BBB_2014B_624514,624514,BBB,2014B,F,B,Withdrawn,0,0,0,South West Region,A Level or Equivalent,40-50%,35-55,N,0,60
BBB_2013J_563706,563706,BBB,2013J,F,B,Pass,1,1,0,South East Region,A Level or Equivalent,70-80%,35-55,N,0,60
BBB_2014J_688545,688545,BBB,2014J,F,B,Withdrawn,0,0,0,Scotland,Lower Than A Level,40-50%,35-55,N,0,60
BBB_2013J_606736,606736,BBB,2013J,F,B,Withdrawn,0,0,0,East Anglian Region,Lower Than A Level,70-80%,0-35,N,0,60
BBB_2014J_1874935,1874935,BBB,2014J,F,B,Distinction,1,1,0,South Region,A Level or Equivalent,40-50%,35-55,N,0,120
BBB_2014B_228784,228784,BBB,2014B,F,B,Pass,1,1,0,Ireland,Lower Than A Level,10-20,0-35,N,3,120
BBB_2013B_503390,503390,BBB,2013B,F,B,Fail,0,0,0,Yorkshire Region,A Level or Equivalent,10-20,0-35,N,1,240
BBB_2013B_543533,543533,BBB,2013B,F,B,Withdrawn,0,0,0,South East Region,Lower Than A Level,30-40%,0-35,N,0,60
BBB_2014B_634833,634833,BBB,2014B,F,B,Distinction,1,1,0,South West Region,Lower Than A Level,30-40%,35-55,N,0,60
BBB_2014J_118877,118877,BBB,2014J,F,B,Withdrawn,0,0,0,Wales,Lower Than A Level,70-80%,0-35,N,3,60
BBB_2013J_591558,591558,BBB,2013J,F,B,Pass,1,1,0,Yorkshire Region,A Level or Equivalent,50-60%,35-55,N,0,120
BBB_2014J_2627398,2627398,BBB,2014J,F,B,Withdrawn,0,0,0,South Region,Lower Than A Level,90-100%,0-35,N,0,60
BBB_2013B_534086,534086,BBB,2013B,F,B,Fail,0,0,0,West Midlands Region,A Level or Equivalent,30-40%,0-35,N,0,60
BBB_2014J_648127,648127,BBB,2014J,F,B,Withdrawn,0,0,0,Scotland,A Level or Equivalent,10-20,0-35,N,0,120
BBB_2014B_2677541,2677541,BBB,2014B,F,B,Withdrawn,0,0,0,Wales,Lower Than A Level,50-60%,0-35,N,0,75
BBB_2013B_2524127,2524127,BBB,2013B,F,B,Pass,1,1,0,East Anglian Region,Lower Than A Level,10-20,0-35,N,2,120
BBB_2014J_652130,652130,BBB,2014J,F,B,Withdrawn,0,0,0,East Midlands Region,Lower Than A Level,0-10%,35-55,N,0,60
BBB_2013B_541763,541763,BBB,2013B,F,B,Fail,0,0,0,Ireland,A Level or Equivalent,0-10%,0-35,N,0,60
BBB_2013B_553572,553572,BBB,2013B,F,B,Pass,1,1,0,Yorkshire Region,A Level or Equivalent,20-30%,35-55,N,0,60
BBB_2014B_485262,485262,BBB,2014B,F,B,Pass,1,1,0,North Region,Lower Than A Level,30-40%,35-55,N,0,60
BBB_2014J_650357,650357,BBB,2014J,F,B,Withdrawn,0,0,0,South Region,A Level or Equivalent,20-30%,35-55,N,0,120
BBB_2013B_561715,561715,BBB,2013B,M,A,Fail,0,0,0,Wales,Lower Than A Level,80-90%,0-35,N,0,60
BBB_2013J_573694,573694,BBB,2013J,F,B,Withdrawn,0,0,0,Wales,A Level or Equivalent,70-80%,35-55,N,0,180
BBB_2013J_602066,602066,BBB,2013J,M,A,Pass,1,1,0,North Western Region,A Level or Equivalent,50-60%,0-35,N,0,120
BBB_2013J_576158,576158,BBB,2013J,F,B,Pass,1,1,0,Wales,Lower Than A Level,0-10%,0-35,N,0,120
BBB_2013B_495913,495913,BBB,2013B,F,B,Withdrawn,0,0,0,Wales,A Level or Equivalent,30-40%,0-35,N,1,120
BBB_2014B_626806,626806,BBB,2014B,F,B,Withdrawn,0,0,0,North Western Region,Lower Than A Level,20-30%,0-35,Y,0,60
BBB_2014B_523021,523021,BBB,2014B,F,B,Withdrawn,0,0,0,West Midlands Region,Lower Than A Level,0-10%,35-55,N,1,180
BBB_2013J_572302,572302,BBB,2013J,M,A,Withdrawn,0,0,0,South East Region,Lower Than A Level,30-40%,0-35,N,0,120
BBB_2013J_61118,61118,BBB,2013J,F,B,Withdrawn,0,0,0,London Region,A Level or Equivalent,20-30%,0-35,N,0,180
BBB_2014J_651544,651544,BBB,2014J,F,B,Pass,1,1,0,Yorkshire Region,Lower Than A Level,20-30%,0-35,N,0,120
BBB_2014B_535506,535506,BBB,2014B,M,A,Pass,1,1,0,Wales,A Level or Equivalent,40-50%,0-35,N,1,120
BBB_2014J_627563,627563,BBB,2014J,M,A,Pass,1,1,0,South East Region,HE Qualification,90-100%,55<=,N,0,120
BBB_2014J_655314,655314,BBB,2014J,M,A,Distinction,1,1,0,London Region,A Level or Equivalent,90-100%,0-35,N,0,120
BBB_2014J_230383,230383,BBB,2014J,F,B,Pass,1,1,0,Yorkshire Region,A Level or Equivalent,60-70%,0-35,N,0,60
BBB_2014J_602570,602570,BBB,2014J,F,B,Fail,0,0,0,East Anglian Region,A Level or Equivalent,20-30%,0-35,N,2,120
BBB_2013B_535269,535269,BBB,2013B,F,B,Withdrawn,0,0,0,London Region,A Level or Equivalent,20-30%,0-35,N,0,60
BBB_2013J_519751,519751,BBB,2013J,F,B,Withdrawn,0,0,0,Yorkshire Region,No Formal quals,20-30%,0-35,N,0,60
BBB_2013B_537898,537898,BBB,2013B,F,B,Pass,1,1,0,East Anglian Region,Lower Than A Level,70-80%,0-35,N,0,60
BBB_2013B_370302,370302,BBB,2013B,M,A,Fail,0,0,0,North Region,Lower Than A Level,70-80%,35-55,N,0,60
BBB_2014J_640330,640330,BBB,2014J,M,A,Withdrawn,0,0,0,South Region,Lower Than A Level,70-80%,55<=,N,0,60
BBB_2014J_646178,646178,BBB,2014J,F,B,Fail,0,0,0,South Region,A Level or Equivalent,10-20,0-35,N,0,120
BBB_2014J_689131,689131,BBB,2014J,F,B,Pass,1,1,0,Scotland,A Level or Equivalent,90-100%,0-35,Y,0,60
BBB_2013J_582578,582578,BBB,2013J,F,B,Pass,1,1,0,East Midlands Region,Lower Than A Level,80-90%,0-35,N,0,60
BBB_2013J_424014,424014,BBB,2013J,F,B,Withdrawn,0,0,0,Scotland,Lower Than A Level,80-90%,35-55,N,1,120
BBB_2013J_527636,527636,BBB,2013J,F,B,Fail,0,0,0,Wales,A Level or Equivalent,0-10%,0-35,N,1,120
BBB_2013B_551655,551655,BBB,2013B,F,B,Withdrawn,0,0,0,Scotland,Lower Than A Level,50-60%,0-35,N,0,60
BBB_2013B_2572118,2572118,BBB,2013B,F,B,Fail,0,0,0,London Region,Lower Than A Level,0-10%,0-35,N,0,150
BBB_2014J_691286,691286,BBB,2014J,F,B,Withdrawn,0,0,0,North Region,Lower Than A Level,10-20,0-35,N,0,60
BBB_2013B_551716,551716,BBB,2013B,F,B,Pass,1,1,0,Scotland,HE Qualification,70-80%,35-55,N,0,60
BBB_2013B_546136,546136,BBB,2013B,F,B,Withdrawn,0,0,0,London Region,No Formal quals,20-30%,0-35,N,0,60
BBB_2013J_591820,591820,BBB,2013J,F,B,Pass,1,1,0,London Region,A Level or Equivalent,10-20,35-55,N,0,120
BBB_2013J_64246,64246,BBB,2013J,F,B,Withdrawn,0,0,0,South East Region,Lower Than A Level,50-60%,35-55,N,0,120
BBB_2013J_607735,607735,BBB,2013J,F,B,Pass,1,1,0,Scotland,Lower Than A Level,50-60%,35-55,N,0,60
BBB_2013J_527580,527580,BBB,2013J,F,B,Pass,1,1,0,West Midlands Region,Lower Than A Level,80-90%,0-35,N,0,60
BBB_2014J_652906,652906,BBB,2014J,F,B,Withdrawn,0,0,0,East Anglian Region,A Level or Equivalent,30-40%,0-35,Y,0,60
BBB_2013J_133269,133269,BBB,2013J,F,B,Withdrawn,0,0,0,West Midlands Region,Lower Than A Level,50-60%,0-35,Y,0,60
BBB_2013J_540602,540602,BBB,2013J,F,B,Pass,1,1,0,South Region,Lower Than A Level,80-90%,0-35,N,0,60
BBB_2014J_700079,700079,BBB,2014J,M,A,Distinction,1,1,0,South Region,A Level or Equivalent,0-10%,0-35,N,0,120
BBB_2013J_604951,604951,BBB,2013J,F,B,Fail,0,0,0,South Region,Lower Than A Level,90-100%,35-55,N,0,60
BBB_2013J_531384,531384,BBB,2013J,F,B,Pass,1,1,0,Scotland,Lower Than A Level,50-60%,0-35,N,0,60
BBB_2013B_417462,417462,BBB,2013B,F,B,Fail,0,0,0,West Midlands Region,A Level or Equivalent,40-50%,0-35,N,1,60
BBB_2013B_528175,528175,BBB,2013B,F,B,Withdrawn,0,0,0,West Midlands Region,Lower Than A Level,10-20,0-35,Y,0,150
BBB_2014B_421326,421326,BBB,2014B,F,B,Fail,0,0,0,Wales,Lower Than A Level,10-20,0-35,N,0,120
BBB_2014J_2159336,2159336,BBB,2014J,F,B,Withdrawn,0,0,0,South West Region,A Level or Equivalent,50-60%,35-55,N,1,60
BBB_2014J_604990,604990,BBB,2014J,F,B,Pass,1,1,0,East Anglian Region,Lower Than A Level,30-40%,35-55,N,0,120
BBB_2014B_626966,626966,BBB,2014B,F,B,Distinction,1,1,0,North Western Region,Lower Than A Level,80-90%,35-55,N,0,60
BBB_2013J_573321,573321,BBB,2013J,F,B,Fail,0,0,0,Scotland,Lower Than A Level,0-10%,0-35,N,0,60
BBB_2014B_540558,540558,BBB,2014B,F,B,Pass,1,1,0,East Midlands Region,Lower Than A Level,20-30%,35-55,N,0,120
BBB_2014J_654422,654422,BBB,2014J,F,B,Withdrawn,0,0,0,East Midlands Region,No Formal quals,0-10%,0-35,N,0,60
BBB_2014J_2318161,2318161,BBB,2014J,F,B,Pass,1,1,0,South Region,A Level or Equivalent,,35-55,N,0,60
BBB_2014B_630794,630794,BBB,2014B,F,B,Fail,0,0,0,Scotland,Lower Than A Level,0-10%,35-55,N,0,60
BBB_2014J_695510,695510,BBB,2014J,F,B,Pass,1,1,0,Ireland,A Level or Equivalent,0-10%,35-55,N,0,60
BBB_2014B_622766,622766,BBB,2014B,M,A,Fail,0,0,0,Wales,Lower Than A Level,30-40%,0-35,N,0,120
BBB_2014J_698170,698170,BBB,2014J,F,B,Distinction,1,1,0,South Region,HE Qualification,60-70%,35-55,N,0,120
BBB_2013B_556502,556502,BBB,2013B,F,B,Pass,1,1,0,Ireland,Lower Than A Level,10-20,0-35,N,0,60
BBB_2014J_654071,654071,BBB,2014J,F,B,Withdrawn,0,0,0,East Midlands Region,A Level or Equivalent,70-80%,35-55,N,0,60
BBB_2014B_621703,621703,BBB,2014B,F,B,Fail,0,0,0,West Midlands Region,No Formal quals,10-20,0-35,N,0,60
BBB_2014B_347864,347864,BBB,2014B,M,A,Withdrawn,0,0,0,West Midlands Region,A Level or Equivalent,30-40%,35-55,N,1,60
BBB_2013B_472348,472348,BBB,2013B,F,B,Withdrawn,0,0,0,London Region,No Formal quals,10-20,0-35,N,1,120
BBB_2013B_484933,484933,BBB,2013B,F,B,Pass,1,1,0,Yorkshire Region,A Level or Equivalent,20-30%,35-55,N,0,60
BBB_2014J_605771,605771,BBB,2014J,F,B,Pass,1,1,0,West Midlands Region,A Level or Equivalent,40-50%,0-35,Y,1,60
BBB_2014J_647553,647553,BBB,2014J,F,B,Pass,1,1,0,Ireland,A Level or Equivalent,50-60%,0-35,N,0,60
BBB_2013B_533512,533512,BBB,2013B,F,B,Withdrawn,0,0,0,East Anglian Region,Lower Than A Level,40-50%,0-35,N,0,120
BBB_2014B_627118,627118,BBB,2014B,F,B,Pass,1,1,0,Yorkshire Region,A Level or Equivalent,50-60%,0-35,N,0,120
BBB_2013B_541231,541231,BBB,2013B,F,B,Fail,0,0,0,West Midlands Region,Lower Than A Level,20-30%,0-35,N,0,90
BBB_2014B_1864697,1864697,BBB,2014B,F,B,Distinction,1,1,0,East Midlands Region,A Level or Equivalent,60-70%,0-35,N,0,60
BBB_2014J_648589,648589,BBB,2014J,F,B,Withdrawn,0,0,0,North Western Region,A Level or Equivalent,0-10%,35-55,N,0,120
BBB_2013B_23629,23629,BBB,2013B,F,B,Fail,0,0,0,East Anglian Region,Lower Than A Level,20-30%,0-35,N,2,60
BBB_2013J_507016,507016,BBB,2013J,F,B,Pass,1,1,0,North Western Region,A Level or Equivalent,40-50%,0-35,N,0,90
BBB_2013B_262294,262294,BBB,2013B,F,B,Withdrawn,0,0,0,North Western Region,Lower Than A Level,0-10%,0-35,Y,2,60
BBB_2014J_2464901,2464901,BBB,2014J,F,B,Withdrawn,0,0,0,Yorkshire Region,A Level or Equivalent,20-30%,0-35,Y,0,120
BBB_2014J_601316,601316,BBB,2014J,F,B,Withdrawn,0,0,0,South West Region,Lower Than A Level,40-50%,35-55,N,1,60
BBB_2014B_392604,392604,BBB,2014B,F,B,Pass,1,1,0,South Region,Lower Than A Level,80-90%,35-55,N,0,90
BBB_2014J_570692,570692,BBB,2014J,F,B,Withdrawn,0,0,0,North Region,A Level or Equivalent,70-80%,0-35,N,0,60
BBB_2014J_683145,683145,BBB,2014J,F,B,Pass,1,1,0,London Region,Lower Than A Level,70-80%,35-55,N,0,120
BBB_2013J_308359,308359,BBB,2013J,F,B,Withdrawn,0,0,0,East Midlands Region,Lower Than A Level,80-90%,0-35,N,1,60
BBB_2013J_575520,575520,BBB,2013J,F,B,Withdrawn,0,0,0,Yorkshire Region,Lower Than A Level,20-30%,0-35,N,0,180
BBB_2014J_169008,169008,BBB,2014J,M,A,Pass,1,1,0,Ireland,Lower Than A Level,10-20,35-55,N,0,60
BBB_2013B_2097916,2097916,BBB,2013B,F,B,Distinction,1,1,0,Yorkshire Region,A Level or Equivalent,20-30%,35-55,N,0,60
BBB_2013J_2509297,2509297,BBB,2013J,F,B,Withdrawn,0,0,0,London Region,HE Qualification,0-10%,0-35,N,0,240
BBB_2014J_576262,576262,BBB,2014J,F,B,Withdrawn,0,0,0,North Western Region,A Level or Equivalent,80-90%,0-35,N,0,60
BBB_2013J_2392824,2392824,BBB,2013J,F,B,Pass,1,1,0,South East Region,Lower Than A Level,50-60%,0-35,N,1,60
BBB_2013B_445065,445065,BBB,2013B,F,B,Distinction,1,1,0,London Region,Lower Than A Level,50-60%,35-55,N,0,60
BBB_2013B_446856,446856,BBB,2013B,F,B,Fail,0,0,0,Ireland,Lower Than A Level,70-80%,35-55,N,0,150
BBB_2014J_528432,528432,BBB,2014J,F,B,Distinction,1,1,0,North Western Region,A Level or Equivalent,10-20,0-35,N,0,60
BBB_2014B_616739,616739,BBB,2014B,F,B,Fail,0,0,0,West Midlands Region,Lower Than A Level,0-10%,0-35,N,0,60
BBB_2013J_535168,535168,BBB,2013J,F,B,Withdrawn,0,0,0,North Western Region,A Level or Equivalent,20-30%,0-35,N,0,120
BBB_2014J_689333,689333,BBB,2014J,F,B,Pass,1,1,0,West Midlands Region,A Level or Equivalent,20-30%,0-35,N,0,150
BBB_2013J_587838,587838,BBB,2013J,F,B,Withdrawn,0,0,0,Ireland,Lower Than A Level,0-10%,0-35,N,0,60
BBB_2013B_486282,486282,BBB,2013B,F,B,Fail,0,0,0,South West Region,Lower Than A Level,40-50%,0-35,Y,1,120
BBB_2013J_507387,507387,BBB,2013J,F,B,Fail,0,0,0,East Anglian Region,A Level or Equivalent,50-60%,0-35,N,0,60
BBB_2013J_610748,610748,BBB,2013J,F,B,Withdrawn,0,0,0,Wales,No Formal quals,30-40%,0-35,N,0,60
BBB_2013J_128889,128889,BBB,2013J,F,B,Pass,1,1,0,South Region,A Level or Equivalent,90-100%,35-55,N,1,120
BBB_2014B_511506,511506,BBB,2014B,F,B,Fail,0,0,0,South East Region,A Level or Equivalent,40-50%,0-35,Y,0,60
BBB_2014J_588944,588944,BBB,2014J,M,A,Pass,1,1,0,North Western Region,A Level or Equivalent,20-30%,0-35,N,0,60
BBB_2014B_624972,624972,BBB,2014B,F,B,Pass,1,1,0,South Region,Lower Than A Level,90-100%,35-55,N,0,60
BBB_2014B_615028,615028,BBB,2014B,F,B,Pass,1,1,0,Wales,A Level or Equivalent,50-60%,0-35,N,0,60
BBB_2013B_377759,377759,BBB,2013B,F,B,Pass,1,1,0,London Region,A Level or Equivalent,20-30%,35-55,Y,1,120
BBB_2013B_498131,498131,BBB,2013B,F,B,Pass,1,1,0,East Anglian Region,Lower Than A Level,70-80%,0-35,N,0,60
BBB_2014B_635777,635777,BBB,2014B,F,B,Withdrawn,0,0,0,Wales,A Level or Equivalent,30-40%,0-35,N,0,60
BBB_2013J_543418,543418,BBB,2013J,F,B,Withdrawn,0,0,0,Wales,Lower Than A Level,40-50%,0-35,N,0,60
BBB_2014B_519859,519859,BBB,2014B,F,B,Pass,1,1,0,South East Region,A Level or Equivalent,70-80%,0-35,N,0,60
BBB_2014B_470113,470113,BBB,2014B,F,B,Pass,1,1,0,London Region,A Level or Equivalent,0-10%,0-35,N,0,60
BBB_2014J_692943,692943,BBB,2014J,F,B,Pass,1,1,0,Wales,Lower Than A Level,50-60%,0-35,N,0,60
BBB_2013B_2301111,2301111,BBB,2013B,F,B,Withdrawn,0,0,0,Scotland,HE Qualification,10-20,0-35,N,1,60
BBB_2014B_629040,629040,BBB,2014B,F,B,Withdrawn,0,0,0,South Region,A Level or Equivalent,80-90%,0-35,N,0,60
BBB_2014J_617804,617804,BBB,2014J,M,A,Withdrawn,0,0,0,South West Region,A Level or Equivalent,30-40%,0-35,N,0,120
BBB_2014J_587860,587860,BBB,2014J,F,B,Pass,1,1,0,North Region,A Level or Equivalent,20-30%,0-35,N,0,120
BBB_2013B_423317,423317,BBB,2013B,F,B,Withdrawn,0,0,0,East Midlands Region,Lower Than A Level,20-30%,0-35,N,0,60
BBB_2013J_606426,606426,BBB,2013J,F,B,Withdrawn,0,0,0,Ireland,A Level or Equivalent,50-60%,0-35,N,0,60
BBB_2014J_696692,696692,BBB,2014J,F,B,Withdrawn,0,0,0,Wales,A Level or Equivalent,60-70%,35-55,N,0,60
BBB_2013J_566814,566814,BBB,2013J,F,B,Pass,1,1,0,Wales,A Level or Equivalent,60-70%,0-35,N,0,60
BBB_2013J_342685,342685,BBB,2013J,F,B,Pass,1,1,0,Scotland,A Level or Equivalent,30-40%,0-35,Y,0,60
BBB_2014B_617134,617134,BBB,2014B,F,B,Withdrawn,0,0,0,Scotland,Lower Than A Level,70-80%,35-55,N,0,60
BBB_2014J_628435,628435,BBB,2014J,F,B,Withdrawn,0,0,0,North Western Region,A Level or Equivalent,10-20,35-55,N,0,60
BBB_2013J_609850,609850,BBB,2013J,F,B,Fail,0,0,0,Scotland,Lower Than A Level,20-30%,35-55,N,0,60
BBB_2014J_648391,648391,BBB,2014J,F,B,Fail,0,0,0,Scotland,Lower Than A Level,30-40%,0-35,N,0,60
BBB_2013J_597142,597142,BBB,2013J,F,B,Fail,0,0,0,North Region,A Level or Equivalent,60-70%,35-55,N,0,60
BBB_2013J_552339,552339,BBB,2013J,F,B,Pass,1,1,0,East Anglian Region,HE Qualification,50-60%,0-35,N,0,60
BBB_2014J_34662,34662,BBB,2014J,F,B,Withdrawn,0,0,0,South West Region,A Level or Equivalent,60-70%,35-55,N,0,60
BBB_2013J_518223,518223,BBB,2013J,M,A,Pass,1,1,0,East Anglian Region,Lower Than A Level,10-20,0-35,Y,1,60
BBB_2013J_608738,608738,BBB,2013J,F,B,Fail,0,0,0,West Midlands Region,Lower Than A Level,10-20,0-35,Y,0,120
BBB_2013J_553856,553856,BBB,2013J,M,A,Pass,1,1,0,East Anglian Region,HE Qualification,50-60%,0-35,N,0,60
BBB_2014B_632869,632869,BBB,2014B,F,B,Fail,0,0,0,South East Region,A Level or Equivalent,40-50%,0-35,N,0,60
BBB_2013J_514824,514824,BBB,2013J,F,B,Withdrawn,0,0,0,London Region,A Level or Equivalent,20-30%,0-35,N,1,60
BBB_2013J_565715,565715,BBB,2013J,F,B,Pass,1,1,0,South East Region,A Level or Equivalent,20-30%,0-35,N,0,60
BBB_2013J_2006283,2006283,BBB,2013J,F,B,Pass,1,1,0,Scotland,Lower Than A Level,50-60%,35-55,N,0,60
BBB_2013B_558974,558974,BBB,2013B,F,B,Withdrawn,0,0,0,West Midlands Region,No Formal quals,0-10%,0-35,N,0,135
BBB_2014J_656576,656576,BBB,2014J,F,B,Withdrawn,0,0,0,Yorkshire Region,Lower Than A Level,0-10%,0-35,N,0,180
BBB_2014B_304607,304607,BBB,2014B,F,B,Fail,0,0,0,South Region,A Level or Equivalent,70-80%,35-55,N,0,60
BBB_2014B_631492,631492,BBB,2014B,F,B,Pass,1,1,0,South East Region,HE Qualification,10-20,0-35,N,0,120
BBB_2013J_607699,607699,BBB,2013J,F,B,Fail,0,0,0,London Region,A Level or Equivalent,40-50%,0-35,N,0,60
BBB_2013B_550676,550676,BBB,2013B,F,B,Withdrawn,0,0,0,Yorkshire Region,Lower Than A Level,0-10%,0-35,N,0,60
BBB_2013J_587194,587194,BBB,2013J,F,B,Fail,0,0,0,South Region,Lower Than A Level,80-90%,0-35,N,0,60
BBB_2014B_634851,634851,BBB,2014B,F,B,Distinction,1,1,0,West Midlands Region,A Level or Equivalent,10-20,0-35,N,0,60
BBB_2013B_558042,558042,BBB,2013B,F,B,Distinction,1,1,0,Yorkshire Region,HE Qualification,40-50%,35-55,N,0,120
BBB_2014J_695475,695475,BBB,2014J,F,B,Distinction,1,1,0,Ireland,A Level or Equivalent,0-10%,35-55,N,0,60
BBB_2014J_247457,247457,BBB,2014J,F,B,Distinction,1,1,0,South East Region,A Level or Equivalent,80-90%,0-35,N,0,60
BBB_2013J_590362,590362,BBB,2013J,F,B,Pass,1,1,0,Scotland,A Level or Equivalent,60-70%,35-55,N,0,60
BBB_2014J_689329,689329,BBB,2014J,F,B,Fail,0,0,0,London Region,Lower Than A Level,30-40%,0-35,Y,0,60
BBB_2014J_612750,612750,BBB,2014J,F,B,Pass,1,1,0,Ireland,Lower Than A Level,10-20,0-35,Y,1,60
BBB_2013J_588265,588265,BBB,2013J,F,B,Pass,1,1,0,East Midlands Region,Lower Than A Level,60-70%,0-35,N,0,60
BBB_2013J_578598,578598,BBB,2013J,F,B,Withdrawn,0,0,0,West Midlands Region,A Level or Equivalent,20-30%,0-35,N,0,120
BBB_2013J_604917,604917,BBB,2013J,F,B,Pass,1,1,0,Scotland,HE Qualification,60-70%,35-55,N,0,60
BBB_2013B_541808,541808,BBB,2013B,F,B,Pass,1,1,0,East Anglian Region,A Level or Equivalent,50-60%,35-55,N,0,60
BBB_2014B_560238,560238,BBB,2014B,F,B,Distinction,1,1,0,Yorkshire Region,Lower Than A Level,80-90%,0-35,N,0,60
BBB_2014B_616464,616464,BBB,2014B,F,B,Fail,0,0,0,North Western Region,A Level or Equivalent,80-90%,0-35,N,0,60
BBB_2013J_600681,600681,BBB,2013J,F,B,Withdrawn,0,0,0,East Anglian Region,A Level or Equivalent,40-50%,0-35,N,0,60
BBB_2013J_437030,437030,BBB,2013J,F,B,Withdrawn,0,0,0,Ireland,Lower Than A Level,0-10%,0-35,Y,0,120
BBB_2014J_606914,606914,BBB,2014J,F,B,Withdrawn,0,0,0,South East Region,A Level or Equivalent,20-30%,0-35,N,0,120
BBB_2013J_475215,475215,BBB,2013J,F,B,Withdrawn,0,0,0,Scotland,A Level or Equivalent,40-50%,0-35,N,0,120
BBB_2013B_536050,536050,BBB,2013B,F,B,Fail,0,0,0,North Western Region,Lower Than A Level,40-50%,0-35,N,0,60
BBB_2013B_559697,559697,BBB,2013B,F,B,Withdrawn,0,0,0,South West Region,A Level or Equivalent,30-40%,0-35,N,0,60
BBB_2013J_606412,606412,BBB,2013J,F,B,Pass,1,1,0,Ireland,Lower Than A Level,70-80%,0-35,N,0,60
BBB_2014B_577905,577905,BBB,2014B,F,B,Fail,0,0,0,South West Region,Lower Than A Level,0-10%,0-35,N,1,120
BBB_2014B_634373,634373,BBB,2014B,F,B,Withdrawn,0,0,0,Scotland,Lower Than A Level,10-20,0-35,N,0,60
BBB_2013J_2356809,2356809,BBB,2013J,F,B,Distinction,1,1,0,Ireland,A Level or Equivalent,50-60%,35-55,N,0,60
BBB_2013J_415546,415546,BBB,2013J,F,B,Fail,0,0,0,Ireland,HE Qualification,90-100%,0-35,N,0,60
BBB_2013J_596641,596641,BBB,2013J,F,B,Withdrawn,0,0,0,London Region,Lower Than A Level,10-20,35-55,N,0,60
BBB_2014B_603888,603888,BBB,2014B,F,B,Withdrawn,0,0,0,Ireland,Lower Than A Level,70-80%,35-55,N,0,60
BBB_2014J_655224,655224,BBB,2014J,F,B,Withdrawn,0,0,0,London Region,A Level or Equivalent,20-30%,0-35,N,0,60
BBB_2014J_694448,694448,BBB,2014J,F,B,Withdrawn,0,0,0,East Midlands Region,A Level or Equivalent,10-20,0-35,N,0,60
BBB_2014B_634944,634944,BBB,2014B,F,B,Pass,1,1,0,North Region,HE Qualification,,35-55,N,0,60
BBB_2014B_189035,189035,BBB,2014B,F,B,Pass,1,1,0,East Midlands Region,Lower Than A Level,60-70%,0-35,N,0,60
BBB_2013J_521456,521456,BBB,2013J,F,B,Withdrawn,0,0,0,North Western Region,A Level or Equivalent,0-10%,0-35,N,0,60
BBB_2014J_678328,678328,BBB,2014J,F,B,Withdrawn,0,0,0,East Midlands Region,A Level or Equivalent,90-100%,0-35,N,0,60
BBB_2014B_548844,548844,BBB,2014B,F,B,Fail,0,0,0,London Region,Lower Than A Level,70-80%,35-55,N,1,120
BBB_2013J_434035,434035,BBB,2013J,F,B,Withdrawn,0,0,0,North Western Region,Lower Than A Level,0-10%,0-35,N,2,120
BBB_2013B_493773,493773,BBB,2013B,M,A,Fail,0,0,0,London Region,A Level or Equivalent,30-40%,0-35,N,0,120
BBB_2013J_569035,569035,BBB,2013J,F,B,Pass,1,1,0,East Anglian Region,A Level or Equivalent,50-60%,35-55,N,0,60
BBB_2013J_534816,534816,BBB,2013J,F,B,Fail,0,0,0,West Midlands Region,Lower Than A Level,10-20,0-35,N,1,60
BBB_2013B_530226,530226,BBB,2013B,F,B,Pass,1,1,0,North Western Region,A Level or Equivalent,0-10%,0-35,Y,1,120
BBB_2014B_605971,605971,BBB,2014B,F,B,Withdrawn,0,0,0,North Western Region,A Level or Equivalent,20-30%,0-35,N,0,120
BBB_2013B_563879,563879,BBB,2013B,F,B,Pass,1,1,0,East Midlands Region,A Level or Equivalent,40-50%,0-35,N,0,120
BBB_2014B_275006,275006,BBB,2014B,F,B,Withdrawn,0,0,0,London Region,Lower Than A Level,20-30%,0-35,N,1,120
BBB_2014B_619288,619288,BBB,2014B,F,B,Pass,1,1,0,South West Region,Lower Than A Level,20-30%,35-55,N,0,60
BBB_2013J_572131,572131,BBB,2013J,F,B,Fail,0,0,0,South West Region,A Level or Equivalent,10-20,0-35,N,0,120
BBB_2013B_551938,551938,BBB,2013B,F,B,Pass,1,1,0,North Region,Lower Than A Level,10-20,0-35,N,0,60
BBB_2013J_561457,561457,BBB,2013J,F,B,Pass,1,1,0,North Region,Lower Than A Level,0-10%,0-35,N,0,150
BBB_2014J_655342,655342,BBB,2014J,F,B,Pass,1,1,0,Yorkshire Region,A Level or Equivalent,0-10%,35-55,N,0,60
BBB_2014B_126608,126608,BBB,2014B,M,A,Pass,1,1,0,Wales,A Level or Equivalent,40-50%,0-35,N,0,60
BBB_2013J_577376,577376,BBB,2013J,F,B,Pass,1,1,0,Ireland,A Level or Equivalent,0-10%,0-35,Y,0,90
BBB_2014J_605243,605243,BBB,2014J,F,B,Pass,1,1,0,East Anglian Region,HE Qualification,80-90%,0-35,N,0,60
BBB_2014B_625751,625751,BBB,2014B,F,B,Withdrawn,0,0,0,Scotland,Lower Than A Level,50-60%,0-35,N,0,60
BBB_2014J_584595,584595,BBB,2014J,F,B,Withdrawn,0,0,0,North Region,A Level or Equivalent,50-60%,35-55,N,0,60
BBB_2013B_553442,553442,BBB,2013B,F,B,Pass,1,1,0,London Region,Lower Than A Level,40-50%,35-55,N,0,60
BBB_2013B_35812,35812,BBB,2013B,F,B,Fail,0,0,0,East Anglian Region,Lower Than A Level,30-40%,0-35,N,0,60
BBB_2013J_2115711,2115711,BBB,2013J,M,A,Pass,1,1,0,Wales,Lower Than A Level,40-50%,35-55,N,0,120
BBB_2013B_2498182,2498182,BBB,2013B,M,A,Fail,0,0,0,East Midlands Region,A Level or Equivalent,0-10%,0-35,N,0,60
BBB_2013B_535605,535605,BBB,2013B,F,B,Distinction,1,1,0,East Midlands Region,Lower Than A Level,30-40%,35-55,N,0,60
BBB_2014B_206003,206003,BBB,2014B,F,B,Distinction,1,1,0,South East Region,A Level or Equivalent,40-50%,35-55,N,0,60
BBB_2014J_695405,695405,BBB,2014J,F,B,Fail,0,0,0,South East Region,Lower Than A Level,40-50%,35-55,Y,0,60
BBB_2013B_516432,516432,BBB,2013B,M,A,Pass,1,1,0,London Region,Lower Than A Level,0-10%,35-55,N,1,195
BBB_2013B_277733,277733,BBB,2013B,F,B,Pass,1,1,0,Scotland,HE Qualification,30-40%,0-35,Y,1,60
BBB_2013B_2541120,2541120,BBB,2013B,F,B,Distinction,1,1,0,South Region,A Level or Equivalent,30-40%,35-55,N,0,60
BBB_2014B_492895,492895,BBB,2014B,F,B,Withdrawn,0,0,0,North Western Region,A Level or Equivalent,60-70%,35-55,N,0,60
BBB_2013J_590325,590325,BBB,2013J,F,B,Pass,1,1,0,Scotland,Lower Than A Level,80-90%,0-35,N,0,60
BBB_2014J_648119,648119,BBB,2014J,F,B,Fail,0,0,0,East Midlands Region,Lower Than A Level,50-60%,0-35,N,0,60
BBB_2014B_2082318,2082318,BBB,2014B,F,B,Pass,1,1,0,South East Region,A Level or Equivalent,20-30%,35-55,N,2,120
BBB_2013J_550412,550412,BBB,2013J,F,B,Pass,1,1,0,North Western Region,Lower Than A Level,10-20,0-35,N,0,60
BBB_2013B_415548,415548,BBB,2013B,F,B,Withdrawn,0,0,0,North Western Region,Lower Than A Level,70-80%,35-55,N,1,90
BBB_2014J_637348,637348,BBB,2014J,F,B,Fail,0,0,0,North Western Region,A Level or Equivalent,0-10%,0-35,N,0,120
BBB_2013J_2463213,2463213,BBB,2013J,F,B,Pass,1,1,0,East Anglian Region,Lower Than A Level,60-70%,35-55,N,0,90
BBB_2014J_695144,695144,BBB,2014J,F,B,Pass,1,1,0,Ireland,A Level or Equivalent,30-40%,0-35,N,0,60
BBB_2014J_645996,645996,BBB,2014J,M,A,Withdrawn,0,0,0,West Midlands Region,A Level or Equivalent,20-30%,0-35,N,0,120
BBB_2014B_467303,467303,BBB,2014B,F,B,Pass,1,1,0,South West Region,A Level or Equivalent,50-60%,0-35,N,0,60
BBB_2013B_480815,480815,BBB,2013B,F,B,Pass,1,1,0,East Midlands Region,A Level or Equivalent,10-20,0-35,N,0,120
BBB_2013J_514074,514074,BBB,2013J,F,B,Withdrawn,0,0,0,East Midlands Region,A Level or Equivalent,20-30%,35-55,N,0,60
BBB_2014J_582460,582460,BBB,2014J,F,B,Pass,1,1,0,East Anglian Region,A Level or Equivalent,20-30%,0-35,Y,0,60
BBB_2013J_601887,601887,BBB,2013J,F,B,Pass,1,1,0,South West Region,Lower Than A Level,30-40%,0-35,N,0,60
BBB_2013B_539418,539418,BBB,2013B,F,B,Distinction,1,1,0,South Region,A Level or Equivalent,60-70%,0-35,N,0,120
BBB_2014J_546250,546250,BBB,2014J,F,B,Pass,1,1,0,North Western Region,HE Qualification,0-10%,0-35,Y,0,60
BBB_2013J_606477,606477,BBB,2013J,F,B,Withdrawn,0,0,0,London Region,Lower Than A Level,20-30%,35-55,N,0,60
BBB_2014B_616354,616354,BBB,2014B,F,B,Fail,0,0,0,Wales,Lower Than A Level,0-10%,0-35,N,0,120
BBB_2014B_620092,620092,BBB,2014B,F,B,Distinction,1,1,0,East Midlands Region,A Level or Equivalent,80-90%,0-35,N,0,60
BBB_2014J_506679,506679,BBB,2014J,F,B,Withdrawn,0,0,0,London Region,Lower Than A Level,30-40%,0-35,N,0,60
BBB_2014J_132924,132924,BBB,2014J,F,B,Fail,0,0,0,South West Region,Lower Than A Level,10-20,35-55,N,0,60
BBB_2014J_108859,108859,BBB,2014J,M,A,Pass,1,1,0,South West Region,A Level or Equivalent,70-80%,0-35,Y,0,60
BBB_2013B_480458,480458,BBB,2013B,M,A,Fail,0,0,0,Wales,HE Qualification,50-60%,0-35,N,0,180
BBB_2014B_200506,200506,BBB,2014B,F,B,Withdrawn,0,0,0,North Western Region,Lower Than A Level,30-40%,35-55,N,0,60
BBB_2014J_692392,692392,BBB,2014J,F,B,Withdrawn,0,0,0,South East Region,Lower Than A Level,10-20,0-35,N,0,120
BBB_2013J_561932,561932,BBB,2013J,M,A,Fail,0,0,0,Yorkshire Region,HE Qualification,30-40%,35-55,N,0,60
BBB_2013J_503878,503878,BBB,2013J,F,B,Fail,0,0,0,South West Region,Lower Than A Level,50-60%,0-35,Y,1,180
BBB_2014J_684615,684615,BBB,2014J,F,B,Distinction,1,1,0,East Midlands Region,A Level or Equivalent,50-60%,0-35,N,0,120
BBB_2013J_502621,502621,BBB,2013J,F,B,Withdrawn,0,0,0,South West Region,A Level or Equivalent,50-60%,0-35,Y,0,120
BBB_2014B_630090,630090,BBB,2014B,F,B,Fail,0,0,0,Wales,Lower Than A Level,60-70%,0-35,Y,0,60
BBB_2014J_631561,631561,BBB,2014J,F,B,Fail,0,0,0,West Midlands Region,A Level or Equivalent,10-20,0-35,Y,1,120
BBB_2014J_680146,680146,BBB,2014J,F,B,Pass,1,1,0,Wales,A Level or Equivalent,50-60%,0-35,N,0,60
BBB_2013B_273877,273877,BBB,2013B,M,A,Fail,0,0,0,London Region,Lower Than A Level,0-10%,35-55,N,0,60
BBB_2014B_631109,631109,BBB,2014B,F,B,Pass,1,1,0,East Anglian Region,No Formal quals,30-40%,0-35,N,0,60
BBB_2014J_680918,680918,BBB,2014J,M,A,Pass,1,1,0,West Midlands Region,A Level or Equivalent,60-70%,0-35,N,0,60
BBB_2014J_594872,594872,BBB,2014J,F,B,Pass,1,1,0,East Anglian Region,A Level or Equivalent,50-60%,0-35,N,0,60
BBB_2013J_561549,561549,BBB,2013J,F,B,Fail,0,0,0,North Region,HE Qualification,40-50%,35-55,N,0,60
BBB_2013J_600856,600856,BBB,2013J,F,B,Distinction,1,1,0,East Midlands Region,A Level or Equivalent,20-30%,0-35,Y,0,60
BBB_2013J_599427,599427,BBB,2013J,F,B,Fail,0,0,0,London Region,Lower Than A Level,10-20,0-35,N,0,60
BBB_2013J_583367,583367,BBB,2013J,F,B,Fail,0,0,0,Yorkshire Region,A Level or Equivalent,90-100%,0-35,N,0,60
BBB_2013J_613158,613158,BBB,2013J,F,B,Pass,1,1,0,Ireland,Lower Than A Level,70-80%,35-55,N,0,60
BBB_2013B_542084,542084,BBB,2013B,F,B,Pass,1,1,0,Wales,Lower Than A Level,40-50%,0-35,N,0,60
BBB_2013J_575992,575992,BBB,2013J,F,B,Withdrawn,0,0,0,London Region,A Level or Equivalent,20-30%,35-55,N,0,120
BBB_2014J_629553,629553,BBB,2014J,F,B,Pass,1,1,0,Yorkshire Region,A Level or Equivalent,0-10%,0-35,N,0,60
BBB_2013J_1990650,1990650,BBB,2013J,F,B,Fail,0,0,0,Scotland,Lower Than A Level,40-50%,0-35,N,3,120
BBB_2013B_538987,538987,BBB,2013B,F,B,Distinction,1,1,0,London Region,HE Qualification,50-60%,35-55,N,0,60
BBB_2013B_548106,548106,BBB,2013B,F,B,Withdrawn,0,0,0,Yorkshire Region,A Level or Equivalent,60-70%,0-35,N,0,60
BBB_2014J_635921,635921,BBB,2014J,M,A,Pass,1,1,0,East Anglian Region,A Level or Equivalent,40-50%,0-35,N,0,120
BBB_2014B_1829654,1829654,BBB,2014B,F,B,Fail,0,0,0,London Region,A Level or Equivalent,10-20,35-55,Y,0,60
BBB_2014B_631650,631650,BBB,2014B,M,A,Fail,0,0,0,South East Region,A Level or Equivalent,30-40%,35-55,N,0,60
BBB_2013J_230081,230081,BBB,2013J,F,B,Pass,1,1,0,East Midlands Region,A Level or Equivalent,30-40%,0-35,N,0,120
BBB_2013B_388360,388360,BBB,2013B,F,B,Fail,0,0,0,South West Region,A Level or Equivalent,30-40%,0-35,N,0,60
BBB_2014J_681566,681566,BBB,2014J,F,B,Pass,1,1,0,London Region,Lower Than A Level,10-20,0-35,N,0,60
BBB_2013B_556959,556959,BBB,2013B,F,B,Pass,1,1,0,South West Region,A Level or Equivalent,60-70%,0-35,N,0,60
BBB_2013B_530153,530153,BBB,2013B,F,B,Fail,0,0,0,Scotland,HE Qualification,40-50%,35-55,N,0,60
BBB_2013J_600254,600254,BBB,2013J,F,B,Withdrawn,0,0,0,West Midlands Region,Lower Than A Level,50-60%,0-35,N,0,120
BBB_2014B_596602,596602,BBB,2014B,F,B,Withdrawn,0,0,0,Scotland,A Level or Equivalent,70-80%,0-35,N,0,60
BBB_2014J_651030,651030,BBB,2014J,F,B,Withdrawn,0,0,0,East Anglian Region,Lower Than A Level,30-40%,0-35,N,0,120
BBB_2013B_557622,557622,BBB,2013B,F,B,Distinction,1,1,0,London Region,Lower Than A Level,10-20,0-35,N,0,60
BBB_2014B_559573,559573,BBB,2014B,F,B,Fail,0,0,0,North Western Region,A Level or Equivalent,0-10%,0-35,N,0,120
BBB_2013J_520024,520024,BBB,2013J,F,B,Withdrawn,0,0,0,Yorkshire Region,A Level or Equivalent,10-20,0-35,N,0,60
BBB_2014J_655668,655668,BBB,2014J,M,A,Fail,0,0,0,South East Region,A Level or Equivalent,30-40%,0-35,N,0,60
BBB_2014J_695044,695044,BBB,2014J,F,B,Pass,1,1,0,Ireland,A Level or Equivalent,10-20,0-35,N,0,60
BBB_2014B_630345,630345,BBB,2014B,F,B,Fail,0,0,0,South West Region,Lower Than A Level,30-40%,0-35,Y,0,60
BBB_2013J_579619,579619,BBB,2013J,F,B,Pass,1,1,0,Ireland,Lower Than A Level,20-30%,0-35,N,0,90
BBB_2013J_526810,526810,BBB,2013J,F,B,Withdrawn,0,0,0,North Region,A Level or Equivalent,10-20,0-35,N,0,60
BBB_2013J_603265,603265,BBB,2013J,F,B,Fail,0,0,0,Scotland,A Level or Equivalent,50-60%,0-35,N,0,60
BBB_2014J_423398,423398,BBB,2014J,F,B,Pass,1,1,0,Scotland,HE Qualification,10-20,0-35,N,0,60
BBB_2013B_467292,467292,BBB,2013B,F,B,Pass,1,1,0,Yorkshire Region,A Level or Equivalent,60-70%,0-35,N,0,60
BBB_2014J_686286,686286,BBB,2014J,F,B,Fail,0,0,0,East Anglian Region,A Level or Equivalent,90-100%,0-35,N,0,60
BBB_2013B_540511,540511,BBB,2013B,F,B,Distinction,1,1,0,South West Region,HE Qualification,30-40%,35-55,N,0,60
BBB_2013J_591501,591501,BBB,2013J,F,B,Distinction,1,1,0,South Region,A Level or Equivalent,90-100%,35-55,N,0,60
BBB_2013B_541832,541832,BBB,2013B,F,B,Fail,0,0,0,East Anglian Region,A Level or Equivalent,60-70%,0-35,N,0,60
BBB_2014B_235380,235380,BBB,2014B,F,B,Fail,0,0,0,South Region,Lower Than A Level,70-80%,0-35,N,0,60
BBB_2014J_628819,628819,BBB,2014J,F,B,Withdrawn,0,0,0,South Region,A Level or Equivalent,0-10%,0-35,N,0,120
BBB_2014J_681961,681961,BBB,2014J,F,B,Withdrawn,0,0,0,Wales,A Level or Equivalent,20-30%,0-35,N,0,240
BBB_2013B_226827,226827,BBB,2013B,F,B,Pass,1,1,0,South East Region,A Level or Equivalent,40-50%,0-35,N,0,60
BBB_2013J_529795,529795,BBB,2013J,F,B,Fail,0,0,0,Scotland,HE Qualification,70-80%,0-35,N,0,60
BBB_2014B_613299,613299,BBB,2014B,F,B,Fail,0,0,0,West Midlands Region,Lower Than A Level,20-30%,0-35,N,0,60
BBB_2013J_521666,521666,BBB,2013J,F,B,Fail,0,0,0,Yorkshire Region,A Level or Equivalent,50-60%,0-35,N,1,120
BBB_2014J_626012,626012,BBB,2014J,M,A,Pass,1,1,0,London Region,A Level or Equivalent,90-100%,0-35,N,0,60
BBB_2013J_598709,598709,BBB,2013J,F,B,Pass,1,1,0,Yorkshire Region,A Level or Equivalent,20-30%,0-35,N,0,60
BBB_2014J_653097,653097,BBB,2014J,F,B,Withdrawn,0,0,0,West Midlands Region,Lower Than A Level,20-30%,0-35,N,0,60
BBB_2014J_509578,509578,BBB,2014J,F,B,Pass,1,1,0,West Midlands Region,A Level or Equivalent,20-30%,0-35,N,0,60
BBB_2014J_2629503,2629503,BBB,2014J,F,B,Withdrawn,0,0,0,West Midlands Region,Lower Than A Level,80-90%,0-35,Y,1,240
BBB_2013J_601497,601497,BBB,2013J,F,B,Distinction,1,1,0,Ireland,Lower Than A Level,10-20,35-55,N,0,60
BBB_2013B_546786,546786,BBB,2013B,F,B,Withdrawn,0,0,0,East Anglian Region,Lower Than A Level,0-10%,0-35,N,0,60
BBB_2014J_681964,681964,BBB,2014J,F,B,Withdrawn,0,0,0,Wales,Lower Than A Level,70-80%,0-35,N,0,120
BBB_2013J_2656860,2656860,BBB,2013J,F,B,Withdrawn,0,0,0,East Anglian Region,Lower Than A Level,30-40%,0-35,Y,3,120
BBB_2014J_2627493,2627493,BBB,2014J,F,B,Withdrawn,0,0,0,South Region,A Level or Equivalent,80-90%,0-35,N,0,120
BBB_2013B_552822,552822,BBB,2013B,F,B,Pass,1,1,0,South West Region,Lower Than A Level,50-60%,0-35,N,0,60
BBB_2013B_483309,483309,BBB,2013B,M,A,Withdrawn,0,0,0,South Region,A Level or Equivalent,70-80%,35-55,N,0,60
BBB_2014J_357901,357901,BBB,2014J,F,B,Fail,0,0,0,North Region,Lower Than A Level,,0-35,N,1,90
BBB_2014J_656373,656373,BBB,2014J,F,B,Distinction,1,1,0,Wales,A Level or Equivalent,80-90%,35-55,N,0,60
BBB_2014J_675047,675047,BBB,2014J,F,B,Withdrawn,0,0,0,North Region,HE Qualification,30-40%,0-35,N,0,60
BBB_2014J_385341,385341,BBB,2014J,F,B,Fail,0,0,0,North Western Region,A Level or Equivalent,0-10%,0-35,N,0,60
BBB_2013J_541586,541586,BBB,2013J,F,B,Distinction,1,1,0,East Midlands Region,A Level or Equivalent,60-70%,35-55,N,0,60
BBB_2014J_335035,335035,BBB,2014J,F,B,Fail,0,0,0,East Anglian Region,Lower Than A Level,70-80%,35-55,N,0,60
BBB_2014B_632574,632574,BBB,2014B,F,B,Withdrawn,0,0,0,East Midlands Region,Lower Than A Level,90-100%,0-35,N,0,60
BBB_2014J_585762,585762,BBB,2014J,F,B,Pass,1,1,0,Wales,A Level or Equivalent,30-40%,35-55,N,0,60
BBB_2013J_593613,593613,BBB,2013J,F,B,Fail,0,0,0,Yorkshire Region,A Level or Equivalent,50-60%,0-35,N,0,120
BBB_2013B_477167,477167,BBB,2013B,F,B,Distinction,1,1,0,Scotland,HE Qualification,80-90%,35-55,N,0,120
BBB_2014J_652558,652558,BBB,2014J,F,B,Withdrawn,0,0,0,West Midlands Region,Lower Than A Level,40-50%,0-35,N,0,60
BBB_2013J_199029,199029,BBB,2013J,F,B,Distinction,1,1,0,South Region,No Formal quals,90-100%,0-35,N,0,60
BBB_2013B_294961,294961,BBB,2013B,F,B,Pass,1,1,0,London Region,A Level or Equivalent,10-20,0-35,N,2,300
BBB_2013J_1421720,1421720,BBB,2013J,M,A,Pass,1,1,0,North Western Region,HE Qualification,0-10%,35-55,N,2,120
BBB_2013B_529212,529212,BBB,2013B,F,B,Pass,1,1,0,West Midlands Region,Lower Than A Level,40-50%,0-35,N,1,180
BBB_2014B_551718,551718,BBB,2014B,F,B,Fail,0,0,0,South East Region,A Level or Equivalent,60-70%,0-35,N,0,60
BBB_2014J_677877,677877,BBB,2014J,F,B,Withdrawn,0,0,0,East Anglian Region,Lower Than A Level,30-40%,35-55,N,0,60
BBB_2014J_685842,685842,BBB,2014J,F,B,Pass,1,1,0,East Anglian Region,A Level or Equivalent,30-40%,35-55,N,0,120
BBB_2013B_552991,552991,BBB,2013B,M,A,Pass,1,1,0,London Region,Lower Than A Level,40-50%,35-55,N,0,60
BBB_2013B_541196,541196,BBB,2013B,F,B,Withdrawn,0,0,0,East Anglian Region,Lower Than A Level,30-40%,0-35,Y,0,60
BBB_2013J_182661,182661,BBB,2013J,F,B,Pass,1,1,0,South Region,Lower Than A Level,40-50%,35-55,N,3,60
BBB_2013B_203108,203108,BBB,2013B,F,B,Fail,0,0,0,South West Region,A Level or Equivalent,60-70%,0-35,N,1,120
BBB_2014B_2392789,2392789,BBB,2014B,F,B,Pass,1,1,0,North Western Region,A Level or Equivalent,30-40%,35-55,Y,0,60
BBB_2013J_410357,410357,BBB,2013J,F,B,Distinction,1,1,0,South Region,Lower Than A Level,40-50%,0-35,N,0,60
BBB_2013B_505499,505499,BBB,2013B,M,A,Withdrawn,0,0,0,South East Region,A Level or Equivalent,60-70%,0-35,N,0,60
BBB_2014B_602815,602815,BBB,2014B,F,B,Fail,0,0,0,Yorkshire Region,Lower Than A Level,30-40%,0-35,N,0,60
BBB_2013J_253577,253577,BBB,2013J,F,B,Pass,1,1,0,Scotland,HE Qualification,20-30%,0-35,N,0,60
BBB_2013B_480554,480554,BBB,2013B,F,B,Pass,1,1,0,West Midlands Region,Lower Than A Level,0-10%,0-35,N,0,60
BBB_2014B_604267,604267,BBB,2014B,F,B,Withdrawn,0,0,0,East Anglian Region,A Level or Equivalent,80-90%,0-35,N,0,120
BBB_2014J_494212,494212,BBB,2014J,F,B,Withdrawn,0,0,0,West Midlands Region,Lower Than A Level,80-90%,35-55,N,0,60
BBB_2013J_571503,571503,BBB,2013J,F,B,Pass,1,1,0,Wales,Lower Than A Level,20-30%,0-35,N,0,60
BBB_2013J_588691,588691,BBB,2013J,F,B,Withdrawn,0,0,0,East Midlands Region,Lower Than A Level,20-30%,0-35,N,0,120
BBB_2013J_582958,582958,BBB,2013J,F,B,Distinction,1,1,0,Wales,HE Qualification,20-30%,35-55,N,0,180
BBB_2013J_575290,575290,BBB,2013J,M,A,Pass,1,1,0,Scotland,Lower Than A Level,60-70%,35-55,Y,0,120
BBB_2014J_444361,444361,BBB,2014J,F,B,Distinction,1,1,0,Scotland,A Level or Equivalent,0-10%,0-35,N,0,60
BBB_2013J_599606,599606,BBB,2013J,F,B,Withdrawn,0,0,0,East Anglian Region,A Level or Equivalent,60-70%,0-35,N,0,60
BBB_2014J_589935,589935,BBB,2014J,F,B,Withdrawn,0,0,0,London Region,A Level or Equivalent,80-90%,0-35,N,0,120
BBB_2013B_555157,555157,BBB,2013B,M,A,Fail,0,0,0,East Anglian Region,A Level or Equivalent,80-90%,0-35,N,0,60
BBB_2014J_647803,647803,BBB,2014J,F,B,Pass,1,1,0,Ireland,A Level or Equivalent,60-70%,0-35,N,0,60
BBB_2014J_649231,649231,BBB,2014J,F,B,Pass,1,1,0,South Region,A Level or Equivalent,60-70%,0-35,N,0,60
BBB_2013J_2291034,2291034,BBB,2013J,F,B,Withdrawn,0,0,0,Yorkshire Region,HE Qualification,0-10%,35-55,N,0,120
BBB_2013B_2581528,2581528,BBB,2013B,F,B,Pass,1,1,0,South East Region,Lower Than A Level,40-50%,0-35,N,0,120
BBB_2014J_675159,675159,BBB,2014J,F,B,Pass,1,1,0,Scotland,Lower Than A Level,20-30%,35-55,N,0,60
BBB_2013J_389101,389101,BBB,2013J,F,B,Distinction,1,1,0,South Region,A Level or Equivalent,80-90%,0-35,N,0,60
BBB_2013B_502604,502604,BBB,2013B,F,B,Pass,1,1,0,West Midlands Region,HE Qualification,10-20,0-35,N,0,90
BBB_2013J_609864,609864,BBB,2013J,F,B,Pass,1,1,0,Scotland,A Level or Equivalent,20-30%,0-35,N,0,60
BBB_2014B_2591974,2591974,BBB,2014B,F,B,Distinction,1,1,0,North Western Region,HE Qualification,70-80%,35-55,N,0,120
BBB_2014B_605597,605597,BBB,2014B,F,B,Fail,0,0,0,Scotland,HE Qualification,40-50%,0-35,N,1,120
BBB_2014J_599108,599108,BBB,2014J,F,B,Fail,0,0,0,Wales,A Level or Equivalent,0-10%,0-35,N,0,60
BBB_2013J_598315,598315,BBB,2013J,F,B,Fail,0,0,0,West Midlands Region,Lower Than A Level,0-10%,35-55,Y,0,60
BBB_2014J_641795,641795,BBB,2014J,F,B,Withdrawn,0,0,0,Scotland,A Level or Equivalent,80-90%,35-55,N,0,180
BBB_2013B_538942,538942,BBB,2013B,F,B,Fail,0,0,0,Yorkshire Region,Lower Than A Level,10-20,0-35,N,0,60
BBB_2014J_649444,649444,BBB,2014J,F,B,Withdrawn,0,0,0,Yorkshire Region,A Level or Equivalent,60-70%,35-55,N,0,180
BBB_2014J_644069,644069,BBB,2014J,F,B,Pass,1,1,0,Scotland,A Level or Equivalent,30-40%,0-35,N,0,60
BBB_2014B_625444,625444,BBB,2014B,F,B,Pass,1,1,0,East Anglian Region,A Level or Equivalent,80-90%,0-35,N,0,60
BBB_2013J_324614,324614,BBB,2013J,F,B,Withdrawn,0,0,0,North Western Region,Lower Than A Level,10-20,0-35,N,2,120
BBB_2014J_541995,541995,BBB,2014J,F,B,Withdrawn,0,0,0,Yorkshire Region,Lower Than A Level,0-10%,0-35,Y,0,60
BBB_2013J_598351,598351,BBB,2013J,F,B,Pass,1,1,0,East Anglian Region,Lower Than A Level,50-60%,0-35,N,0,120
BBB_2014J_686266,686266,BBB,2014J,F,B,Withdrawn,0,0,0,South Region,Lower Than A Level,70-80%,0-35,N,0,60
BBB_2014J_2570396,2570396,BBB,2014J,F,B,Pass,1,1,0,South Region,A Level or Equivalent,70-80%,35-55,N,1,60
BBB_2013B_528649,528649,BBB,2013B,M,A,Fail,0,0,0,London Region,A Level or Equivalent,80-90%,0-35,N,0,60
BBB_2014B_630443,630443,BBB,2014B,F,B,Pass,1,1,0,West Midlands Region,A Level or Equivalent,0-10%,0-35,Y,0,120
BBB_2014J_584509,584509,BBB,2014J,F,B,Pass,1,1,0,East Midlands Region,A Level or Equivalent,20-30%,0-35,N,0,120
BBB_2014B_614629,614629,BBB,2014B,M,A,Distinction,1,1,0,London Region,HE Qualification,0-10%,35-55,N,0,60
BBB_2014B_629991,629991,BBB,2014B,F,B,Withdrawn,0,0,0,East Anglian Region,Lower Than A Level,90-100%,0-35,N,0,60
BBB_2013J_583645,583645,BBB,2013J,F,B,Pass,1,1,0,East Midlands Region,A Level or Equivalent,50-60%,0-35,N,0,90
BBB_2014B_474607,474607,BBB,2014B,F,B,Fail,0,0,0,South West Region,Lower Than A Level,20-30%,0-35,N,0,60
BBB_2014B_630586,630586,BBB,2014B,F,B,Fail,0,0,0,West Midlands Region,A Level or Equivalent,20-30%,0-35,Y,0,60
BBB_2014B_618670,618670,BBB,2014B,F,B,Pass,1,1,0,West Midlands Region,A Level or Equivalent,10-20,0-35,N,0,60
BBB_2013J_610392,610392,BBB,2013J,F,B,Withdrawn,0,0,0,London Region,Lower Than A Level,10-20,0-35,N,0,60
BBB_2014J_586652,586652,BBB,2014J,F,B,Pass,1,1,0,South East Region,HE Qualification,60-70%,0-35,N,0,90
BBB_2014J_688301,688301,BBB,2014J,F,B,Fail,0,0,0,Wales,Lower Than A Level,40-50%,35-55,N,0,60
BBB_2013J_30091,30091,BBB,2013J,F,B,Pass,1,1,0,South West Region,A Level or Equivalent,10-20,0-35,Y,0,60
BBB_2014B_569970,569970,BBB,2014B,F,B,Pass,1,1,0,East Midlands Region,Lower Than A Level,40-50%,0-35,N,0,60
BBB_2013B_527659,527659,BBB,2013B,F,B,Fail,0,0,0,Wales,Lower Than A Level,0-10%,0-35,N,0,60
BBB_2014J_649905,649905,BBB,2014J,F,B,Pass,1,1,0,Scotland,HE Qualification,20-30%,0-35,N,0,60
BBB_2013J_576882,576882,BBB,2013J,F,B,Fail,0,0,0,North Western Region,Lower Than A Level,0-10%,0-35,N,0,150
BBB_2013B_547192,547192,BBB,2013B,F,B,Pass,1,1,0,South Region,A Level or Equivalent,40-50%,0-35,N,0,60
BBB_2013J_592290,592290,BBB,2013J,F,B,Pass,1,1,0,Ireland,Lower Than A Level,90-100%,0-35,N,0,60
BBB_2013J_561640,561640,BBB,2013J,F,B,Distinction,1,1,0,East Anglian Region,A Level or Equivalent,80-90%,0-35,N,0,60
BBB_2014J_2242067,2242067,BBB,2014J,F,B,Pass,1,1,0,Yorkshire Region,HE Qualification,50-60%,35-55,N,0,60
BBB_2014B_617714,617714,BBB,2014B,F,B,Withdrawn,0,0,0,London Region,Lower Than A Level,70-80%,0-35,N,0,60
BBB_2013B_519012,519012,BBB,2013B,F,B,Fail,0,0,0,Wales,Lower Than A Level,50-60%,0-35,N,1,120
BBB_2014B_446650,446650,BBB,2014B,M,A,Pass,1,1,0,London Region,A Level or Equivalent,10-20,0-35,N,0,120
BBB_2014B_629870,629870,BBB,2014B,F,B,Fail,0,0,0,East Anglian Region,A Level or Equivalent,50-60%,0-35,N,0,60
BBB_2014J_692355,692355,BBB,2014J,F,B,Pass,1,1,0,Scotland,A Level or Equivalent,60-70%,0-35,N,0,120
BBB_2014B_624306,624306,BBB,2014B,F,B,Pass,1,1,0,East Midlands Region,Lower Than A Level,90-100%,0-35,N,0,60
BBB_2014J_676401,676401,BBB,2014J,F,B,Distinction,1,1,0,South East Region,HE Qualification,40-50%,35-55,N,0,120
BBB_2013B_154027,154027,BBB,2013B,F,B,Pass,1,1,0,South East Region,Lower Than A Level,70-80%,0-35,N,0,60
BBB_2014J_549775,549775,BBB,2014J,F,B,Distinction,1,1,0,London Region,Lower Than A Level,30-40%,0-35,N,0,180
BBB_2013J_287679,287679,BBB,2013J,F,B,Pass,1,1,0,Wales,A Level or Equivalent,60-70%,35-55,N,0,60
BBB_2013J_572029,572029,BBB,2013J,F,B,Withdrawn,0,0,0,North Western Region,Lower Than A Level,10-20,0-35,N,0,120
BBB_2013J_595874,595874,BBB,2013J,F,B,Pass,1,1,0,West Midlands Region,A Level or Equivalent,90-100%,0-35,N,0,60
BBB_2013J_598243,598243,BBB,2013J,F,B,Pass,1,1,0,East Midlands Region,A Level or Equivalent,60-70%,0-35,N,0,60
BBB_2014B_2592923,2592923,BBB,2014B,M,A,Fail,0,0,0,Wales,Lower Than A Level,10-20,0-35,Y,0,60
BBB_2014J_640712,640712,BBB,2014J,F,B,Withdrawn,0,0,0,North Western Region,HE Qualification,0-10%,0-35,N,0,120
BBB_2014J_692540,692540,BBB,2014J,M,A,Withdrawn,0,0,0,Wales,A Level or Equivalent,20-30%,35-55,N,0,60
BBB_2013J_468482,468482,BBB,2013J,F,B,Withdrawn,0,0,0,South Region,A Level or Equivalent,40-50%,0-35,Y,0,60
BBB_2014J_693793,693793,BBB,2014J,F,B,Pass,1,1,0,East Anglian Region,Lower Than A Level,60-70%,0-35,N,0,60
BBB_2013J_270646,270646,BBB,2013J,F,B,Pass,1,1,0,East Anglian Region,Lower Than A Level,90-100%,0-35,N,0,90
BBB_2013J_2271644,2271644,BBB,2013J,M,A,Pass,1,1,0,South Region,A Level or Equivalent,40-50%,35-55,N,0,180
BBB_2014B_444221,444221,BBB,2014B,F,B,Withdrawn,0,0,0,Scotland,A Level or Equivalent,40-50%,0-35,N,0,60
BBB_2014J_685453,685453,BBB,2014J,F,B,Fail,0,0,0,Ireland,A Level or Equivalent,60-70%,0-35,N,0,60
BBB_2013B_556871,556871,BBB,2013B,F,B,Distinction,1,1,0,South Region,A Level or Equivalent,,0-35,N,0,60
BBB_2014J_693297,693297,BBB,2014J,F,B,Fail,0,0,0,London Region,Lower Than A Level,0-10%,35-55,N,0,120
BBB_2014J_599232,599232,BBB,2014J,F,B,Withdrawn,0,0,0,South West Region,A Level or Equivalent,50-60%,35-55,N,0,60
BBB_2013J_592317,592317,BBB,2013J,F,B,Pass,1,1,0,East Midlands Region,Lower Than A Level,40-50%,35-55,N,0,180
BBB_2013J_590365,590365,BBB,2013J,F,B,Fail,0,0,0,Scotland,HE Qualification,60-70%,35-55,N,0,60
BBB_2013J_2383103,2383103,BBB,2013J,F,B,Withdrawn,0,0,0,West Midlands Region,Lower Than A Level,0-10%,0-35,N,3,60
BBB_2014J_652017,652017,BBB,2014J,F,B,Withdrawn,0,0,0,North Western Region,Lower Than A Level,30-40%,0-35,N,0,120
BBB_2013J_501862,501862,BBB,2013J,F,B,Fail,0,0,0,Wales,Lower Than A Level,0-10%,0-35,N,0,60
BBB_2014J_578445,578445,BBB,2014J,F,B,Withdrawn,0,0,0,West Midlands Region,Lower Than A Level,0-10%,35-55,N,0,90
BBB_2014J_635452,635452,BBB,2014J,F,B,Pass,1,1,0,Scotland,HE Qualification,20-30%,0-35,N,0,60
BBB_2013B_110881,110881,BBB,2013B,F,B,Pass,1,1,0,East Anglian Region,A Level or Equivalent,40-50%,0-35,N,0,60
BBB_2014J_606391,606391,BBB,2014J,F,B,Pass,1,1,0,Yorkshire Region,Lower Than A Level,50-60%,35-55,N,0,60
BBB_2014J_693620,693620,BBB,2014J,F,B,Withdrawn,0,0,0,East Anglian Region,A Level or Equivalent,80-90%,0-35,N,0,60
BBB_2013B_553520,553520,BBB,2013B,F,B,Withdrawn,0,0,0,East Anglian Region,A Level or Equivalent,90-100%,0-35,N,0,60
BBB_2014J_505878,505878,BBB,2014J,F,B,Fail,0,0,0,East Midlands Region,A Level or Equivalent,50-60%,0-35,N,0,60
BBB_2014B_130013,130013,BBB,2014B,F,B,Pass,1,1,0,East Anglian Region,A Level or Equivalent,20-30%,0-35,Y,0,60
BBB_2013J_601558,601558,BBB,2013J,F,B,Fail,0,0,0,London Region,Lower Than A Level,0-10%,0-35,N,0,60
BBB_2013B_535755,535755,BBB,2013B,F,B,Pass,1,1,0,North Western Region,HE Qualification,10-20,0-35,N,0,60
BBB_2013J_602634,602634,BBB,2013J,F,B,Withdrawn,0,0,0,Yorkshire Region,A Level or Equivalent,90-100%,0-35,N,0,120
BBB_2013J_556228,556228,BBB,2013J,M,A,Pass,1,1,0,East Midlands Region,A Level or Equivalent,90-100%,35-55,N,0,60
BBB_2014B_392733,392733,BBB,2014B,F,B,Fail,0,0,0,London Region,HE Qualification,0-10%,35-55,N,0,120
BBB_2013J_565035,565035,BBB,2013J,F,B,Fail,0,0,0,Ireland,Lower Than A Level,10-20,0-35,N,0,120
BBB_2014J_646455,646455,BBB,2014J,F,B,Withdrawn,0,0,0,North Region,Lower Than A Level,40-50%,0-35,N,0,60
BBB_2014J_655152,655152,BBB,2014J,F,B,Withdrawn,0,0,0,Scotland,HE Qualification,90-100%,0-35,N,0,120
BBB_2014B_623914,623914,BBB,2014B,F,B,Withdrawn,0,0,0,London Region,A Level or Equivalent,80-90%,0-35,N,0,120
BBB_2013J_604238,604238,BBB,2013J,F,B,Pass,1,1,0,West Midlands Region,Lower Than A Level,90-100%,0-35,N,0,60
BBB_2013B_550520,550520,BBB,2013B,F,B,Pass,1,1,0,Wales,Lower Than A Level,60-70%,0-35,N,0,60
BBB_2013J_534946,534946,BBB,2013J,F,B,Pass,1,1,0,Yorkshire Region,A Level or Equivalent,10-20,0-35,N,0,60
BBB_2014J_2353764,2353764,BBB,2014J,F,B,Pass,1,1,0,West Midlands Region,Lower Than A Level,30-40%,35-55,N,0,120
BBB_2013B_482945,482945,BBB,2013B,M,A,Withdrawn,0,0,0,Wales,Lower Than A Level,10-20,35-55,Y,0,60
BBB_2013B_1776925,1776925,BBB,2013B,M,A,Fail,0,0,0,Yorkshire Region,HE Qualification,60-70%,35-55,N,1,120
BBB_2013B_329226,329226,BBB,2013B,M,A,Pass,1,1,0,Scotland,HE Qualification,20-30%,0-35,N,0,120
BBB_2013J_594038,594038,BBB,2013J,F,B,Fail,0,0,0,East Anglian Region,A Level or Equivalent,10-20,35-55,N,0,60
BBB_2013J_613177,613177,BBB,2013J,F,B,Pass,1,1,0,Ireland,A Level or Equivalent,20-30%,35-55,N,0,60
BBB_2013J_578520,578520,BBB,2013J,M,A,Fail,0,0,0,Ireland,Lower Than A Level,0-10%,0-35,N,0,60
BBB_2014B_625833,625833,BBB,2014B,F,B,Distinction,1,1,0,East Anglian Region,No Formal quals,40-50%,0-35,N,0,60
BBB_2013B_529383,529383,BBB,2013B,F,B,Fail,0,0,0,Scotland,HE Qualification,80-90%,35-55,N,1,150
BBB_2013B_534432,534432,BBB,2013B,F,B,Pass,1,1,0,Wales,A Level or Equivalent,30-40%,0-35,N,0,120
BBB_2013J_526088,526088,BBB,2013J,F,B,Fail,0,0,0,East Anglian Region,Lower Than A Level,40-50%,0-35,N,0,60
BBB_2014B_633560,633560,BBB,2014B,F,B,Distinction,1,1,0,South West Region,A Level or Equivalent,60-70%,0-35,N,0,60
BBB_2014B_579537,579537,BBB,2014B,F,B,Pass,1,1,0,Ireland,A Level or Equivalent,,35-55,N,0,60
BBB_2014J_683742,683742,BBB,2014J,F,B,Pass,1,1,0,East Anglian Region,Lower Than A Level,0-10%,0-35,N,0,60
BBB_2014B_375711,375711,BBB,2014B,F,B,Fail,0,0,0,Wales,A Level or Equivalent,40-50%,0-35,N,0,60
BBB_2014J_590122,590122,BBB,2014J,F,B,Pass,1,1,0,Scotland,A Level or Equivalent,60-70%,0-35,N,0,60
BBB_2014J_648311,648311,BBB,2014J,F,B,Fail,0,0,0,West Midlands Region,Lower Than A Level,20-30%,35-55,N,0,60
BBB_2014B_621322,621322,BBB,2014B,M,A,Pass,1,1,0,East Midlands Region,Lower Than A Level,20-30%,35-55,Y,0,60
BBB_2014J_573934,573934,BBB,2014J,F,B,Pass,1,1,0,Wales,Lower Than A Level,0-10%,35-55,N,0,60
BBB_2013J_569854,569854,BBB,2013J,F,B,Pass,1,1,0,South Region,A Level or Equivalent,70-80%,0-35,N,0,60
BBB_2013B_525869,525869,BBB,2013B,F,B,Fail,0,0,0,West Midlands Region,A Level or Equivalent,60-70%,0-35,N,0,60
BBB_2014J_689350,689350,BBB,2014J,F,B,Withdrawn,0,0,0,South Region,Lower Than A Level,70-80%,0-35,N,0,120
BBB_2013J_74169,74169,BBB,2013J,M,A,Withdrawn,0,0,0,East Anglian Region,A Level or Equivalent,70-80%,35-55,N,0,60
BBB_2014J_650964,650964,BBB,2014J,F,B,Withdrawn,0,0,0,South East Region,Lower Than A Level,60-70%,0-35,N,0,60
BBB_2013B_52899,52899,BBB,2013B,F,B,Withdrawn,0,0,0,East Midlands Region,Lower Than A Level,50-60%,35-55,N,0,60
BBB_2014J_655471,655471,BBB,2014J,F,B,Fail,0,0,0,Wales,Lower Than A Level,20-30%,0-35,N,0,60
BBB_2013J_616502,616502,BBB,2013J,M,A,Fail,0,0,0,Yorkshire Region,A Level or Equivalent,80-90%,0-35,N,0,60
BBB_2014B_483411,483411,BBB,2014B,F,B,Fail,0,0,0,East Midlands Region,Lower Than A Level,10-20,0-35,N,2,120
BBB_2014B_616848,616848,BBB,2014B,F,B,Withdrawn,0,0,0,North Region,Lower Than A Level,,0-35,N,0,90
BBB_2013J_2164944,2164944,BBB,2013J,F,B,Fail,0,0,0,South Region,Lower Than A Level,40-50%,35-55,N,0,60
BBB_2014J_652105,652105,BBB,2014J,F,B,Fail,0,0,0,Wales,Lower Than A Level,0-10%,0-35,N,0,60
BBB_2013B_553462,553462,BBB,2013B,F,B,Pass,1,1,0,Scotland,Lower Than A Level,40-50%,35-55,N,0,60
BBB_2013B_2664301,2664301,BBB,2013B,F,B,Fail,0,0,0,South West Region,A Level or Equivalent,40-50%,35-55,N,0,120
BBB_2014B_1559428,1559428,BBB,2014B,F,B,Fail,0,0,0,Scotland,HE Qualification,10-20,35-55,N,0,60
BBB_2013B_2475034,2475034,BBB,2013B,F,B,Withdrawn,0,0,0,Ireland,Lower Than A Level,90-100%,0-35,N,0,60
BBB_2013B_116603,116603,BBB,2013B,F,B,Distinction,1,1,0,Scotland,HE Qualification,20-30%,35-55,N,0,60
BBB_2013J_509036,509036,BBB,2013J,F,B,Fail,0,0,0,Scotland,A Level or Equivalent,60-70%,0-35,N,0,120
BBB_2014J_675526,675526,BBB,2014J,F,B,Pass,1,1,0,Scotland,Lower Than A Level,0-10%,35-55,N,0,120
BBB_2014B_628827,628827,BBB,2014B,F,B,Fail,0,0,0,North Western Region,A Level or Equivalent,30-40%,0-35,Y,0,60
BBB_2014J_649742,649742,BBB,2014J,F,B,Pass,1,1,0,West Midlands Region,Lower Than A Level,30-40%,0-35,N,0,150
BBB_2014B_2273828,2273828,BBB,2014B,F,B,Withdrawn,0,0,0,North Western Region,A Level or Equivalent,10-20,0-35,N,1,60
BBB_2013J_304795,304795,BBB,2013J,F,B,Withdrawn,0,0,0,East Midlands Region,Lower Than A Level,60-70%,0-35,N,3,120
BBB_2013B_252652,252652,BBB,2013B,F,B,Withdrawn,0,0,0,London Region,A Level or Equivalent,50-60%,35-55,N,0,120
BBB_2014J_682163,682163,BBB,2014J,F,B,Withdrawn,0,0,0,East Anglian Region,A Level or Equivalent,40-50%,0-35,N,0,60
BBB_2013J_514043,514043,BBB,2013J,F,B,Pass,1,1,0,London Region,A Level or Equivalent,60-70%,35-55,N,1,60
BBB_2013B_490514,490514,BBB,2013B,F,B,Pass,1,1,0,South Region,Lower Than A Level,40-50%,0-35,N,0,60
BBB_2013J_613208,613208,BBB,2013J,F,B,Pass,1,1,0,Ireland,A Level or Equivalent,50-60%,35-55,N,0,60
BBB_2013J_609679,609679,BBB,2013J,F,B,Pass,1,1,0,South West Region,Lower Than A Level,50-60%,35-55,N,0,60
BBB_2013J_398315,398315,BBB,2013J,F,B,Fail,0,0,0,South East Region,HE Qualification,10-20,0-35,N,1,120
BBB_2014J_689180,689180,BBB,2014J,F,B,Withdrawn,0,0,0,Ireland,A Level or Equivalent,40-50%,35-55,N,0,60
BBB_2013J_582975,582975,BBB,2013J,F,B,Pass,1,1,0,East Anglian Region,A Level or Equivalent,80-90%,0-35,N,0,60
BBB_2014J_593791,593791,BBB,2014J,F,B,Withdrawn,0,0,0,South West Region,A Level or Equivalent,70-80%,35-55,N,0,60
BBB_2013J_556175,556175,BBB,2013J,M,A,Pass,1,1,0,Wales,Lower Than A Level,10-20,35-55,N,1,60
BBB_2014J_1118432,1118432,BBB,2014J,F,B,Distinction,1,1,0,North Western Region,HE Qualification,30-40%,35-55,N,0,60
BBB_2014J_650953,650953,BBB,2014J,F,B,Fail,0,0,0,South Region,Lower Than A Level,50-60%,35-55,N,0,60
BBB_2013B_526370,526370,BBB,2013B,F,B,Pass,1,1,0,North Western Region,Lower Than A Level,0-10%,0-35,N,0,60
BBB_2013J_540249,540249,BBB,2013J,M,A,Fail,0,0,0,East Anglian Region,A Level or Equivalent,0-10%,35-55,N,0,120
BBB_2014J_2638403,2638403,BBB,2014J,F,B,Pass,1,1,0,Scotland,A Level or Equivalent,0-10%,35-55,N,0,60
BBB_2013B_555995,555995,BBB,2013B,F,B,Withdrawn,0,0,0,London Region,Lower Than A Level,0-10%,0-35,N,0,60
BBB_2013B_518904,518904,BBB,2013B,F,B,Fail,0,0,0,South East Region,Lower Than A Level,60-70%,0-35,N,0,60
BBB_2013B_432232,432232,BBB,2013B,F,B,Pass,1,1,0,South Region,HE Qualification,80-90%,0-35,N,0,60
BBB_2014B_560920,560920,BBB,2014B,F,B,Withdrawn,0,0,0,London Region,A Level or Equivalent,30-40%,35-55,N,1,120
BBB_2014J_2187308,2187308,BBB,2014J,F,B,Pass,1,1,0,North Western Region,HE Qualification,0-10%,0-35,N,0,120
BBB_2014B_607529,607529,BBB,2014B,F,B,Pass,1,1,0,Scotland,HE Qualification,50-60%,0-35,N,0,60
BBB_2014J_531450,531450,BBB,2014J,F,B,Fail,0,0,0,Wales,Lower Than A Level,30-40%,35-55,N,0,60
BBB_2014B_613881,613881,BBB,2014B,F,B,Pass,1,1,0,Yorkshire Region,Lower Than A Level,50-60%,0-35,N,0,60
BBB_2014B_60416,60416,BBB,2014B,F,B,Pass,1,1,0,East Anglian Region,Lower Than A Level,60-70%,0-35,N,1,60
BBB_2014B_479738,479738,BBB,2014B,F,B,Pass,1,1,0,West Midlands Region,Lower Than A Level,40-50%,35-55,N,0,130
BBB_2014J_687978,687978,BBB,2014J,F,B,Withdrawn,0,0,0,South West Region,Lower Than A Level,30-40%,0-35,N,0,60
BBB_2014B_297179,297179,BBB,2014B,F,B,Withdrawn,0,0,0,North Region,Lower Than A Level,50-60%,35-55,N,0,60
BBB_2014J_692647,692647,BBB,2014J,F,B,Withdrawn,0,0,0,Wales,Lower Than A Level,40-50%,0-35,N,0,90
BBB_2014J_692515,692515,BBB,2014J,F,B,Fail,0,0,0,Wales,Lower Than A Level,0-10%,0-35,N,0,60
BBB_2013J_607300,607300,BBB,2013J,F,B,Fail,0,0,0,London Region,Lower Than A Level,60-70%,0-35,N,0,120
BBB_2013B_143854,143854,BBB,2013B,F,B,Withdrawn,0,0,0,West Midlands Region,Lower Than A Level,10-20,35-55,N,0,60
BBB_2014J_652572,652572,BBB,2014J,F,B,Pass,1,1,0,Yorkshire Region,A Level or Equivalent,40-50%,35-55,N,0,60
BBB_2014B_2568059,2568059,BBB,2014B,F,B,Pass,1,1,0,East Midlands Region,A Level or Equivalent,60-70%,0-35,N,0,180
BBB_2014B_271346,271346,BBB,2014B,F,B,Withdrawn,0,0,0,East Anglian Region,A Level or Equivalent,90-100%,0-35,N,2,150
BBB_2013J_492229,492229,BBB,2013J,F,B,Withdrawn,0,0,0,North Western Region,A Level or Equivalent,10-20,0-35,Y,1,60
BBB_2013J_53360,53360,BBB,2013J,F,B,Withdrawn,0,0,0,North Western Region,Lower Than A Level,10-20,35-55,N,1,120
BBB_2013J_555789,555789,BBB,2013J,F,B,Withdrawn,0,0,0,South East Region,Lower Than A Level,70-80%,35-55,N,0,60
BBB_2014J_533209,533209,BBB,2014J,F,B,Pass,1,1,0,Wales,HE Qualification,40-50%,35-55,N,0,60
BBB_2013J_467330,467330,BBB,2013J,F,B,Withdrawn,0,0,0,South East Region,Lower Than A Level,10-20,35-55,Y,2,150
BBB_2014B_613559,613559,BBB,2014B,F,B,Withdrawn,0,0,0,London Region,HE Qualification,20-30%,0-35,N,0,60
BBB_2014J_691663,691663,BBB,2014J,F,B,Withdrawn,0,0,0,East Midlands Region,A Level or Equivalent,0-10%,0-35,N,0,120
BBB_2013B_117071,117071,BBB,2013B,M,A,Fail,0,0,0,London Region,A Level or Equivalent,40-50%,35-55,N,0,60
BBB_2013J_612255,612255,BBB,2013J,M,A,Pass,1,1,0,South East Region,Lower Than A Level,20-30%,35-55,N,0,60
BBB_2014B_627685,627685,BBB,2014B,F,B,Pass,1,1,0,London Region,A Level or Equivalent,20-30%,0-35,N,0,60
BBB_2014J_492592,492592,BBB,2014J,F,B,Distinction,1,1,0,South West Region,Lower Than A Level,20-30%,0-35,N,0,90
BBB_2014B_628843,628843,BBB,2014B,F,B,Withdrawn,0,0,0,West Midlands Region,No Formal quals,10-20,0-35,N,0,60
BBB_2014J_651991,651991,BBB,2014J,F,B,Pass,1,1,0,Wales,HE Qualification,40-50%,0-35,N,0,120
BBB_2014J_269510,269510,BBB,2014J,F,B,Fail,0,0,0,East Midlands Region,A Level or Equivalent,40-50%,0-35,Y,0,60
BBB_2014J_680798,680798,BBB,2014J,F,B,Pass,1,1,0,East Anglian Region,A Level or Equivalent,80-90%,35-55,N,0,60
BBB_2013J_577648,577648,BBB,2013J,F,B,Fail,0,0,0,North Western Region,Lower Than A Level,50-60%,35-55,N,0,120
BBB_2013B_552929,552929,BBB,2013B,F,B,Pass,1,1,0,South East Region,A Level or Equivalent,40-50%,35-55,N,0,120
BBB_2014B_2184026,2184026,BBB,2014B,F,B,Withdrawn,0,0,0,London Region,Lower Than A Level,20-30%,35-55,Y,5,60
BBB_2013J_593695,593695,BBB,2013J,F,B,Pass,1,1,0,Ireland,Lower Than A Level,60-70%,35-55,N,0,75
BBB_2014J_58653,58653,BBB,2014J,F,B,Pass,1,1,0,North Western Region,Lower Than A Level,80-90%,35-55,N,1,120
BBB_2013J_106588,106588,BBB,2013J,F,B,Distinction,1,1,0,Scotland,A Level or Equivalent,60-70%,35-55,N,0,60
BBB_2014B_632911,632911,BBB,2014B,F,B,Withdrawn,0,0,0,South East Region,A Level or Equivalent,60-70%,35-55,N,0,60
BBB_2014B_626750,626750,BBB,2014B,F,B,Fail,0,0,0,East Anglian Region,Lower Than A Level,50-60%,0-35,N,0,60
BBB_2014J_692522,692522,BBB,2014J,F,B,Pass,1,1,0,Wales,A Level or Equivalent,20-30%,0-35,N,0,60
BBB_2014J_654214,654214,BBB,2014J,F,B,Withdrawn,0,0,0,South West Region,Lower Than A Level,10-20,35-55,N,0,60
BBB_2013J_305812,305812,BBB,2013J,F,B,Withdrawn,0,0,0,East Anglian Region,Lower Than A Level,50-60%,0-35,N,1,60
BBB_2014J_695014,695014,BBB,2014J,F,B,Pass,1,1,0,Ireland,Lower Than A Level,20-30%,0-35,N,0,60
BBB_2013B_548090,548090,BBB,2013B,F,B,Distinction,1,1,0,West Midlands Region,A Level or Equivalent,0-10%,0-35,N,0,60
BBB_2013B_511527,511527,BBB,2013B,F,B,Fail,0,0,0,South Region,A Level or Equivalent,60-70%,0-35,Y,0,60
BBB_2013B_2300911,2300911,BBB,2013B,F,B,Withdrawn,0,0,0,South West Region,Lower Than A Level,70-80%,35-55,N,0,60
BBB_2014B_2303083,2303083,BBB,2014B,F,B,Fail,0,0,0,South East Region,A Level or Equivalent,90-100%,0-35,N,0,120
BBB_2014J_637295,637295,BBB,2014J,F,B,Withdrawn,0,0,0,London Region,A Level or Equivalent,20-30%,0-35,Y,0,120
BBB_2014B_631190,631190,BBB,2014B,M,A,Withdrawn,0,0,0,North Western Region,Lower Than A Level,0-10%,0-35,Y,0,120
BBB_2014J_582040,582040,BBB,2014J,F,B,Pass,1,1,0,South East Region,A Level or Equivalent,90-100%,0-35,N,0,60
BBB_2013B_545521,545521,BBB,2013B,M,A,Withdrawn,0,0,0,South Region,Lower Than A Level,30-40%,35-55,Y,0,60
BBB_2014J_592090,592090,BBB,2014J,F,B,Withdrawn,0,0,0,East Midlands Region,A Level or Equivalent,20-30%,0-35,N,0,120
BBB_2013J_515676,515676,BBB,2013J,F,B,Pass,1,1,0,East Midlands Region,Lower Than A Level,50-60%,0-35,N,0,60
BBB_2013J_593440,593440,BBB,2013J,F,B,Withdrawn,0,0,0,Ireland,Lower Than A Level,40-50%,0-35,N,0,60
BBB_2013J_523655,523655,BBB,2013J,F,B,Pass,1,1,0,Wales,Lower Than A Level,20-30%,0-35,N,0,60
BBB_2014B_623177,623177,BBB,2014B,F,B,Fail,0,0,0,East Anglian Region,A Level or Equivalent,70-80%,0-35,N,0,60
BBB_2013B_1493476,1493476,BBB,2013B,M,A,Pass,1,1,0,Wales,HE Qualification,70-80%,35-55,N,0,60
BBB_2013B_2685831,2685831,BBB,2013B,F,B,Pass,1,1,0,Wales,No Formal quals,30-40%,0-35,N,0,60
BBB_2013B_433755,433755,BBB,2013B,M,A,Pass,1,1,0,South West Region,A Level or Equivalent,50-60%,0-35,N,1,180
BBB_2014B_618632,618632,BBB,2014B,F,B,Fail,0,0,0,Yorkshire Region,A Level or Equivalent,0-10%,0-35,N,0,60
BBB_2014J_2386867,2386867,BBB,2014J,F,B,Withdrawn,0,0,0,Ireland,Lower Than A Level,40-50%,35-55,N,1,60
BBB_2014J_687326,687326,BBB,2014J,F,B,Fail,0,0,0,London Region,HE Qualification,40-50%,0-35,N,0,120
BBB_2014J_2537934,2537934,BBB,2014J,M,A,Fail,0,0,0,East Anglian Region,HE Qualification,90-100%,55<=,N,0,120
BBB_2013J_558333,558333,BBB,2013J,F,B,Pass,1,1,0,South Region,Lower Than A Level,40-50%,0-35,N,0,60
BBB_2014J_687185,687185,BBB,2014J,F,B,Pass,1,1,0,Scotland,A Level or Equivalent,20-30%,35-55,N,0,60
BBB_2013B_556877,556877,BBB,2013B,F,B,Withdrawn,0,0,0,South West Region,A Level or Equivalent,30-40%,35-55,N,0,60
BBB_2013J_587702,587702,BBB,2013J,F,B,Pass,1,1,0,South Region,A Level or Equivalent,20-30%,0-35,N,0,60
BBB_2014J_499819,499819,BBB,2014J,F,B,Pass,1,1,0,Yorkshire Region,A Level or Equivalent,10-20,0-35,N,0,60
BBB_2014B_628360,628360,BBB,2014B,F,B,Withdrawn,0,0,0,Ireland,Lower Than A Level,,0-35,N,0,60
BBB_2014B_628176,628176,BBB,2014B,F,B,Pass,1,1,0,Scotland,HE Qualification,40-50%,35-55,N,0,60
BBB_2014J_603921,603921,BBB,2014J,F,B,Pass,1,1,0,East Midlands Region,Lower Than A Level,60-70%,0-35,N,0,180
BBB_2013J_2529306,2529306,BBB,2013J,F,B,Fail,0,0,0,London Region,No Formal quals,50-60%,0-35,N,1,60
BBB_2014J_652315,652315,BBB,2014J,F,B,Withdrawn,0,0,0,North Western Region,Lower Than A Level,0-10%,0-35,N,0,120
BBB_2014B_581333,581333,BBB,2014B,F,B,Withdrawn,0,0,0,South West Region,A Level or Equivalent,70-80%,0-35,N,0,120
BBB_2013B_431071,431071,BBB,2013B,F,B,Withdrawn,0,0,0,Ireland,Lower Than A Level,10-20,0-35,N,1,120
BBB_2014B_447292,447292,BBB,2014B,F,B,Fail,0,0,0,North Western Region,HE Qualification,60-70%,35-55,N,1,60
BBB_2013B_2571447,2571447,BBB,2013B,F,B,Fail,0,0,0,Ireland,Lower Than A Level,20-30%,0-35,N,0,60
BBB_2014J_677744,677744,BBB,2014J,F,B,Withdrawn,0,0,0,London Region,A Level or Equivalent,50-60%,0-35,N,0,120
BBB_2013J_440593,440593,BBB,2013J,M,A,Pass,1,1,0,West Midlands Region,Lower Than A Level,50-60%,0-35,N,1,60
BBB_2013J_379983,379983,BBB,2013J,F,B,Fail,0,0,0,Wales,A Level or Equivalent,0-10%,0-35,N,1,60
BBB_2013B_416007,416007,BBB,2013B,F,B,Pass,1,1,0,Scotland,A Level or Equivalent,70-80%,0-35,N,2,120
BBB_2013B_485352,485352,BBB,2013B,F,B,Withdrawn,0,0,0,East Anglian Region,A Level or Equivalent,50-60%,0-35,N,0,240
BBB_2014J_653633,653633,BBB,2014J,M,A,Withdrawn,0,0,0,East Midlands Region,Lower Than A Level,60-70%,35-55,N,0,60
BBB_2013B_561444,561444,BBB,2013B,F,B,Pass,1,1,0,South West Region,Lower Than A Level,0-10%,0-35,N,0,120
BBB_2014J_598201,598201,BBB,2014J,F,B,Pass,1,1,0,Wales,Lower Than A Level,0-10%,0-35,N,0,60
BBB_2013B_549732,549732,BBB,2013B,F,B,Pass,1,1,0,Yorkshire Region,A Level or Equivalent,70-80%,0-35,N,0,60
BBB_2014B_627256,627256,BBB,2014B,F,B,Withdrawn,0,0,0,London Region,A Level or Equivalent,10-20,0-35,N,0,60
BBB_2013J_596961,596961,BBB,2013J,F,B,Fail,0,0,0,East Midlands Region,Lower Than A Level,10-20,35-55,N,0,60
BBB_2014B_630999,630999,BBB,2014B,F,B,Withdrawn,0,0,0,South West Region,A Level or Equivalent,90-100%,0-35,N,0,120
BBB_2013B_505595,505595,BBB,2013B,F,B,Withdrawn,0,0,0,London Region,Lower Than A Level,10-20,0-35,Y,1,210
BBB_2014B_391556,391556,BBB,2014B,F,B,Fail,0,0,0,Wales,No Formal quals,0-10%,35-55,N,0,60
BBB_2014J_481790,481790,BBB,2014J,F,B,Pass,1,1,0,Ireland,A Level or Equivalent,80-90%,0-35,N,1,60
BBB_2013J_534323,534323,BBB,2013J,F,B,Pass,1,1,0,North Region,A Level or Equivalent,40-50%,35-55,N,0,60
BBB_2014J_681798,681798,BBB,2014J,F,B,Pass,1,1,0,Scotland,Lower Than A Level,20-30%,35-55,N,0,60
BBB_2014J_642067,642067,BBB,2014J,F,B,Pass,1,1,0,South East Region,Lower Than A Level,70-80%,35-55,N,0,60
BBB_2013J_467721,467721,BBB,2013J,F,B,Withdrawn,0,0,0,South Region,Lower Than A Level,20-30%,35-55,N,0,120
BBB_2013B_548403,548403,BBB,2013B,F,B,Fail,0,0,0,London Region,A Level or Equivalent,20-30%,0-35,N,0,60
BBB_2013J_2282129,2282129,BBB,2013J,F,B,Fail,0,0,0,South West Region,Lower Than A Level,60-70%,0-35,N,1,60
BBB_2014J_686182,686182,BBB,2014J,F,B,Pass,1,1,0,Yorkshire Region,Lower Than A Level,0-10%,0-35,N,0,60
BBB_2013B_540918,540918,BBB,2013B,F,B,Withdrawn,0,0,0,London Region,A Level or Equivalent,10-20,0-35,N,0,60
BBB_2014B_623001,623001,BBB,2014B,F,B,Withdrawn,0,0,0,Yorkshire Region,A Level or Equivalent,80-90%,0-35,N,0,60
BBB_2013J_549918,549918,BBB,2013J,F,B,Fail,0,0,0,North Western Region,A Level or Equivalent,50-60%,0-35,N,0,60
BBB_2013J_503516,503516,BBB,2013J,F,B,Fail,0,0,0,Scotland,Lower Than A Level,70-80%,0-35,Y,0,60
BBB_2013B_561164,561164,BBB,2013B,M,A,Distinction,1,1,0,North Region,A Level or Equivalent,10-20,0-35,N,0,120
BBB_2014J_654259,654259,BBB,2014J,F,B,Withdrawn,0,0,0,London Region,HE Qualification,0-10%,0-35,N,0,120
BBB_2014J_497074,497074,BBB,2014J,F,B,Pass,1,1,0,East Midlands Region,Lower Than A Level,10-20,35-55,N,0,60
BBB_2013J_323090,323090,BBB,2013J,F,B,Pass,1,1,0,South Region,HE Qualification,60-70%,0-35,N,0,60
BBB_2013J_333651,333651,BBB,2013J,F,B,Withdrawn,0,0,0,East Anglian Region,A Level or Equivalent,50-60%,35-55,N,0,60
BBB_2014B_632618,632618,BBB,2014B,F,B,Withdrawn,0,0,0,East Midlands Region,A Level or Equivalent,20-30%,0-35,N,0,120
BBB_2013J_152867,152867,BBB,2013J,F,B,Withdrawn,0,0,0,South Region,A Level or Equivalent,50-60%,0-35,Y,2,60
BBB_2013B_559180,559180,BBB,2013B,F,B,Pass,1,1,0,London Region,A Level or Equivalent,60-70%,0-35,N,0,60
BBB_2013B_318056,318056,BBB,2013B,F,B,Pass,1,1,0,Wales,A Level or Equivalent,20-30%,0-35,N,0,150
BBB_2014B_629424,629424,BBB,2014B,F,B,Withdrawn,0,0,0,Wales,Lower Than A Level,40-50%,0-35,N,0,60
BBB_2014J_691343,691343,BBB,2014J,M,A,Withdrawn,0,0,0,West Midlands Region,A Level or Equivalent,0-10%,0-35,N,0,180
BBB_2013J_2160453,2160453,BBB,2013J,F,B,Pass,1,1,0,South Region,Lower Than A Level,30-40%,35-55,N,0,60
BBB_2013J_2514379,2514379,BBB,2013J,F,B,Fail,0,0,0,East Anglian Region,Lower Than A Level,70-80%,0-35,N,0,60
BBB_2014J_561752,561752,BBB,2014J,F,B,Pass,1,1,0,Yorkshire Region,Lower Than A Level,60-70%,0-35,N,0,60
BBB_2014B_2567352,2567352,BBB,2014B,F,B,Withdrawn,0,0,0,West Midlands Region,Lower Than A Level,10-20,0-35,N,0,60
BBB_2014B_2574365,2574365,BBB,2014B,F,B,Distinction,1,1,0,South West Region,Lower Than A Level,10-20,35-55,N,0,60
BBB_2013B_2692384,2692384,BBB,2013B,M,A,Pass,1,1,0,Scotland,Lower Than A Level,50-60%,0-35,N,0,60
BBB_2014J_2251500,2251500,BBB,2014J,M,A,Fail,0,0,0,North Western Region,Lower Than A Level,40-50%,35-55,Y,0,60
BBB_2013J_572898,572898,BBB,2013J,F,B,Distinction,1,1,0,Wales,A Level or Equivalent,90-100%,0-35,N,0,120
BBB_2014B_483468,483468,BBB,2014B,F,B,Pass,1,1,0,Wales,HE Qualification,90-100%,0-35,N,0,60
BBB_2014J_563302,563302,BBB,2014J,F,B,Pass,1,1,0,West Midlands Region,A Level or Equivalent,60-70%,0-35,N,0,60
BBB_2014B_625919,625919,BBB,2014B,F,B,Distinction,1,1,0,Yorkshire Region,A Level or Equivalent,60-70%,0-35,N,0,60
BBB_2013J_590372,590372,BBB,2013J,F,B,Pass,1,1,0,North Region,HE Qualification,40-50%,35-55,N,0,120
BBB_2013B_479516,479516,BBB,2013B,F,B,Pass,1,1,0,Scotland,HE Qualification,60-70%,0-35,N,0,60
BBB_2013B_34863,34863,BBB,2013B,F,B,Pass,1,1,0,London Region,A Level or Equivalent,50-60%,0-35,N,0,60
BBB_2014J_700815,700815,BBB,2014J,M,A,Fail,0,0,0,East Anglian Region,HE Qualification,30-40%,0-35,N,0,120
BBB_2013J_602032,602032,BBB,2013J,F,B,Fail,0,0,0,East Anglian Region,Lower Than A Level,60-70%,0-35,N,0,60
BBB_2013B_285912,285912,BBB,2013B,F,B,Pass,1,1,0,Wales,HE Qualification,50-60%,35-55,N,0,90
BBB_2013J_340661,340661,BBB,2013J,M,A,Withdrawn,0,0,0,North Western Region,A Level or Equivalent,20-30%,35-55,Y,0,120
BBB_2014B_632470,632470,BBB,2014B,F,B,Fail,0,0,0,South Region,Lower Than A Level,40-50%,0-35,N,0,60
BBB_2014B_631384,631384,BBB,2014B,F,B,Pass,1,1,0,East Midlands Region,No Formal quals,20-30%,0-35,N,0,60
BBB_2013J_603270,603270,BBB,2013J,F,B,Fail,0,0,0,South West Region,A Level or Equivalent,10-20,0-35,N,0,60
BBB_2013J_601243,601243,BBB,2013J,F,B,Distinction,1,1,0,South West Region,HE Qualification,30-40%,35-55,N,0,120
BBB_2014J_2681505,2681505,BBB,2014J,F,B,Pass,1,1,0,South Region,HE Qualification,80-90%,35-55,N,0,60
BBB_2013J_523875,523875,BBB,2013J,F,B,Distinction,1,1,0,Scotland,A Level or Equivalent,50-60%,35-55,N,0,60
BBB_2013J_589239,589239,BBB,2013J,F,B,Withdrawn,0,0,0,Yorkshire Region,Lower Than A Level,10-20,0-35,N,0,120
BBB_2013J_528204,528204,BBB,2013J,F,B,Withdrawn,0,0,0,North Western Region,Lower Than A Level,0-10%,0-35,N,0,60
BBB_2014J_698471,698471,BBB,2014J,F,B,Distinction,1,1,0,South Region,HE Qualification,20-30%,0-35,N,0,120
BBB_2013B_2528966,2528966,BBB,2013B,F,B,Pass,1,1,0,North Western Region,A Level or Equivalent,10-20,35-55,Y,1,120
BBB_2014B_585048,585048,BBB,2014B,M,A,Pass,1,1,0,North Western Region,HE Qualification,0-10%,0-35,N,0,120
BBB_2013J_603038,603038,BBB,2013J,F,B,Pass,1,1,0,Wales,HE Qualification,10-20,35-55,N,0,120
BBB_2013B_531481,531481,BBB,2013B,F,B,Withdrawn,0,0,0,London Region,A Level or Equivalent,80-90%,35-55,N,1,180
BBB_2013J_446873,446873,BBB,2013J,F,B,Fail,0,0,0,North Western Region,Lower Than A Level,0-10%,0-35,N,0,90
BBB_2014J_653664,653664,BBB,2014J,F,B,Pass,1,1,0,London Region,A Level or Equivalent,0-10%,0-35,N,0,120
BBB_2013J_587418,587418,BBB,2013J,F,B,Pass,1,1,0,North Western Region,A Level or Equivalent,0-10%,0-35,N,0,60
BBB_2014B_440075,440075,BBB,2014B,F,B,Withdrawn,0,0,0,East Midlands Region,A Level or Equivalent,40-50%,0-35,N,1,90
BBB_2013J_596417,596417,BBB,2013J,F,B,Pass,1,1,0,West Midlands Region,A Level or Equivalent,0-10%,35-55,N,0,60
BBB_2013J_536660,536660,BBB,2013J,F,B,Pass,1,1,0,Ireland,Lower Than A Level,40-50%,0-35,N,0,60
BBB_2014B_394331,394331,BBB,2014B,F,B,Pass,1,1,0,East Midlands Region,Lower Than A Level,10-20,0-35,N,0,60
BBB_2013J_310933,310933,BBB,2013J,F,B,Pass,1,1,0,Wales,Lower Than A Level,50-60%,0-35,N,1,60
BBB_2013J_179254,179254,BBB,2013J,F,B,Fail,0,0,0,South East Region,Lower Than A Level,30-40%,0-35,N,1,60
BBB_2013B_543140,543140,BBB,2013B,F,B,Fail,0,0,0,South West Region,Lower Than A Level,10-20,0-35,N,0,60
BBB_2013J_606685,606685,BBB,2013J,M,A,Pass,1,1,0,Wales,A Level or Equivalent,30-40%,0-35,N,0,60
BBB_2014B_622223,622223,BBB,2014B,F,B,Fail,0,0,0,Scotland,HE Qualification,30-40%,0-35,N,0,60
BBB_2014B_568559,568559,BBB,2014B,F,B,Pass,1,1,0,East Midlands Region,Lower Than A Level,90-100%,35-55,N,1,120
BBB_2014J_114402,114402,BBB,2014J,F,B,Distinction,1,1,0,South East Region,Lower Than A Level,50-60%,0-35,Y,0,90
BBB_2014J_433064,433064,BBB,2014J,F,B,Fail,0,0,0,Wales,A Level or Equivalent,20-30%,0-35,N,0,60
BBB_2014J_554048,554048,BBB,2014J,F,B,Pass,1,1,0,North Western Region,A Level or Equivalent,50-60%,35-55,N,0,60
BBB_2013B_547902,547902,BBB,2013B,F,B,Pass,1,1,0,Ireland,Lower Than A Level,30-40%,0-35,N,0,60
BBB_2013B_558113,558113,BBB,2013B,F,B,Pass,1,1,0,East Anglian Region,A Level or Equivalent,80-90%,0-35,N,0,60
BBB_2014B_622538,622538,BBB,2014B,F,B,Withdrawn,0,0,0,East Anglian Region,Lower Than A Level,70-80%,0-35,N,0,60
BBB_2013B_557775,557775,BBB,2013B,F,B,Pass,1,1,0,South East Region,HE Qualification,10-20,0-35,N,0,60
BBB_2014J_560208,560208,BBB,2014J,M,A,Pass,1,1,0,East Anglian Region,Lower Than A Level,40-50%,0-35,N,1,60
BBB_2013J_479305,479305,BBB,2013J,F,B,Pass,1,1,0,London Region,Lower Than A Level,20-30%,0-35,N,0,60
BBB_2014B_542547,542547,BBB,2014B,F,B,Pass,1,1,0,Wales,A Level or Equivalent,10-20,0-35,N,1,180
BBB_2013J_293760,293760,BBB,2013J,F,B,Pass,1,1,0,Ireland,Lower Than A Level,30-40%,0-35,N,1,120
BBB_2014B_630608,630608,BBB,2014B,F,B,Pass,1,1,0,West Midlands Region,A Level or Equivalent,30-40%,35-55,N,0,120
BBB_2014J_290184,290184,BBB,2014J,F,B,Pass,1,1,0,East Anglian Region,HE Qualification,90-100%,0-35,N,0,120
BBB_2014J_618197,618197,BBB,2014J,F,B,Pass,1,1,0,South East Region,Lower Than A Level,20-30%,0-35,N,1,60
BBB_2013J_601706,601706,BBB,2013J,F,B,Withdrawn,0,0,0,East Anglian Region,A Level or Equivalent,70-80%,0-35,Y,0,60
BBB_2013J_571554,571554,BBB,2013J,M,A,Pass,1,1,0,Yorkshire Region,A Level or Equivalent,0-10%,0-35,N,0,60
BBB_2013B_544500,544500,BBB,2013B,F,B,Fail,0,0,0,Wales,HE Qualification,0-10%,35-55,N,0,60
BBB_2014J_626646,626646,BBB,2014J,F,B,Distinction,1,1,0,London Region,Lower Than A Level,40-50%,0-35,N,0,60
BBB_2013B_538138,538138,BBB,2013B,F,B,Withdrawn,0,0,0,North Region,A Level or Equivalent,50-60%,35-55,N,0,120
BBB_2013J_478069,478069,BBB,2013J,F,B,Pass,1,1,0,Yorkshire Region,Lower Than A Level,10-20,35-55,N,0,60
BBB_2014J_646770,646770,BBB,2014J,F,B,Withdrawn,0,0,0,South Region,A Level or Equivalent,70-80%,0-35,N,0,60
BBB_2014J_561979,561979,BBB,2014J,F,B,Pass,1,1,0,East Anglian Region,A Level or Equivalent,80-90%,0-35,Y,0,120
BBB_2014B_603543,603543,BBB,2014B,F,B,Fail,0,0,0,East Midlands Region,Lower Than A Level,40-50%,0-35,N,0,60
BBB_2014J_522189,522189,BBB,2014J,F,B,Pass,1,1,0,Wales,Lower Than A Level,30-40%,0-35,N,3,60
BBB_2013B_557285,557285,BBB,2013B,F,B,Pass,1,1,0,South Region,Lower Than A Level,70-80%,35-55,N,0,60
BBB_2014J_2321660,2321660,BBB,2014J,M,A,Pass,1,1,0,South Region,Lower Than A Level,60-70%,0-35,N,0,60
BBB_2013B_541794,541794,BBB,2013B,F,B,Pass,1,1,0,North Western Region,A Level or Equivalent,70-80%,0-35,N,0,60
BBB_2014J_191459,191459,BBB,2014J,F,B,Fail,0,0,0,Scotland,A Level or Equivalent,60-70%,0-35,Y,1,60
BBB_2013B_488477,488477,BBB,2013B,F,B,Withdrawn,0,0,0,Scotland,A Level or Equivalent,40-50%,0-35,N,0,60
BBB_2014J_474408,474408,BBB,2014J,F,B,Pass,1,1,0,London Region,Lower Than A Level,20-30%,35-55,Y,0,120
BBB_2013J_2691566,2691566,BBB,2013J,F,B,Fail,0,0,0,North Region,Lower Than A Level,0-10%,0-35,N,0,60
BBB_2014B_607848,607848,BBB,2014B,F,B,Fail,0,0,0,North Western Region,Lower Than A Level,20-30%,0-35,N,1,180
BBB_2013J_590202,590202,BBB,2013J,F,B,Pass,1,1,0,Scotland,HE Qualification,50-60%,0-35,N,0,60
BBB_2014B_2372088,2372088,BBB,2014B,F,B,Withdrawn,0,0,0,London Region,Lower Than A Level,30-40%,35-55,N,0,60
BBB_2013B_269289,269289,BBB,2013B,F,B,Withdrawn,0,0,0,South Region,A Level or Equivalent,90-100%,0-35,N,2,60
BBB_2014B_305307,305307,BBB,2014B,M,A,Withdrawn,0,0,0,North Western Region,HE Qualification,0-10%,0-35,N,0,60
BBB_2013J_569930,569930,BBB,2013J,F,B,Pass,1,1,0,Yorkshire Region,A Level or Equivalent,10-20,0-35,N,0,90
BBB_2014B_391153,391153,BBB,2014B,F,B,Pass,1,1,0,Ireland,A Level or Equivalent,20-30%,0-35,N,0,120
BBB_2013J_609811,609811,BBB,2013J,F,B,Distinction,1,1,0,Scotland,HE Qualification,0-10%,0-35,N,0,60
BBB_2014J_636807,636807,BBB,2014J,F,B,Withdrawn,0,0,0,Ireland,Lower Than A Level,10-20,0-35,N,0,60
BBB_2014B_619196,619196,BBB,2014B,F,B,Pass,1,1,0,London Region,A Level or Equivalent,0-10%,35-55,N,0,60
BBB_2014J_692532,692532,BBB,2014J,F,B,Withdrawn,0,0,0,Wales,HE Qualification,10-20,35-55,N,0,60
BBB_2013B_403191,403191,BBB,2013B,M,A,Withdrawn,0,0,0,West Midlands Region,HE Qualification,20-30%,35-55,N,0,60
BBB_2014B_598836,598836,BBB,2014B,F,B,Withdrawn,0,0,0,West Midlands Region,A Level or Equivalent,30-40%,0-35,N,0,120
BBB_2013B_537259,537259,BBB,2013B,M,A,Fail,0,0,0,London Region,A Level or Equivalent,30-40%,0-35,N,0,120
BBB_2013B_2487541,2487541,BBB,2013B,F,B,Distinction,1,1,0,London Region,HE Qualification,50-60%,35-55,N,0,60
BBB_2014J_648709,648709,BBB,2014J,F,B,Withdrawn,0,0,0,South Region,A Level or Equivalent,40-50%,0-35,N,0,120
BBB_2013J_2657960,2657960,BBB,2013J,F,B,Fail,0,0,0,North Western Region,Lower Than A Level,30-40%,0-35,N,0,60
BBB_2013B_559744,559744,BBB,2013B,F,B,Pass,1,1,0,South Region,Post Graduate Qualification,90-100%,35-55,N,0,60
BBB_2013B_556349,556349,BBB,2013B,F,B,Pass,1,1,0,South West Region,A Level or Equivalent,10-20,0-35,N,0,60
BBB_2013J_586882,586882,BBB,2013J,F,B,Fail,0,0,0,London Region,Lower Than A Level,10-20,0-35,N,0,120
BBB_2013J_556592,556592,BBB,2013J,F,B,Pass,1,1,0,London Region,A Level or Equivalent,50-60%,0-35,N,0,60
BBB_2014J_606442,606442,BBB,2014J,F,B,Pass,1,1,0,East Anglian Region,A Level or Equivalent,20-30%,0-35,N,0,60
BBB_2013B_556318,556318,BBB,2013B,F,B,Fail,0,0,0,Scotland,Lower Than A Level,10-20,0-35,N,0,60
BBB_2014J_696803,696803,BBB,2014J,F,B,Withdrawn,0,0,0,South West Region,HE Qualification,60-70%,35-55,N,0,120
BBB_2013J_578739,578739,BBB,2013J,F,B,Withdrawn,0,0,0,West Midlands Region,A Level or Equivalent,20-30%,0-35,N,0,60
BBB_2014J_2177423,2177423,BBB,2014J,F,B,Withdrawn,0,0,0,East Anglian Region,Lower Than A Level,50-60%,35-55,N,3,60
BBB_2013J_1993672,1993672,BBB,2013J,F,B,Withdrawn,0,0,0,West Midlands Region,Lower Than A Level,0-10%,35-55,Y,4,60
BBB_2013J_109782,109782,BBB,2013J,F,B,Withdrawn,0,0,0,Scotland,A Level or Equivalent,50-60%,0-35,N,0,60
BBB_2013J_599802,599802,BBB,2013J,F,B,Fail,0,0,0,Scotland,Lower Than A Level,60-70%,35-55,N,0,60
BBB_2013J_2585937,2585937,BBB,2013J,F,B,Pass,1,1,0,Scotland,A Level or Equivalent,0-10%,0-35,Y,1,165
BBB_2014B_588302,588302,BBB,2014B,F,B,Pass,1,1,0,Scotland,A Level or Equivalent,90-100%,0-35,N,0,60
BBB_2014J_229326,229326,BBB,2014J,F,B,Withdrawn,0,0,0,West Midlands Region,Lower Than A Level,30-40%,35-55,N,0,60
BBB_2014J_2414945,2414945,BBB,2014J,M,A,Fail,0,0,0,Scotland,A Level or Equivalent,40-50%,0-35,Y,0,60
BBB_2014J_678110,678110,BBB,2014J,F,B,Pass,1,1,0,East Anglian Region,A Level or Equivalent,60-70%,0-35,N,0,60
BBB_2014B_2277941,2277941,BBB,2014B,F,B,Withdrawn,0,0,0,North Western Region,Lower Than A Level,0-10%,0-35,N,0,60
BBB_2014J_588207,588207,BBB,2014J,F,B,Fail,0,0,0,Ireland,Lower Than A Level,60-70%,35-55,N,2,60
BBB_2013B_523012,523012,BBB,2013B,F,B,Pass,1,1,0,Scotland,A Level or Equivalent,60-70%,35-55,N,0,120
BBB_2013J_576375,576375,BBB,2013J,F,B,Withdrawn,0,0,0,North Western Region,Lower Than A Level,,0-35,N,0,120
BBB_2014B_570186,570186,BBB,2014B,F,B,Withdrawn,0,0,0,West Midlands Region,Lower Than A Level,0-10%,0-35,N,0,60
BBB_2014B_524290,524290,BBB,2014B,F,B,Pass,1,1,0,South Region,Lower Than A Level,80-90%,0-35,N,1,180
BBB_2013J_588883,588883,BBB,2013J,F,B,Distinction,1,1,0,South West Region,A Level or Equivalent,30-40%,0-35,N,0,60
BBB_2013B_540530,540530,BBB,2013B,F,B,Fail,0,0,0,North Western Region,Lower Than A Level,0-10%,35-55,N,0,120
BBB_2013B_309734,309734,BBB,2013B,F,B,Pass,1,1,0,East Midlands Region,Lower Than A Level,0-10%,0-35,N,2,60
BBB_2014B_620791,620791,BBB,2014B,F,B,Withdrawn,0,0,0,South Region,Lower Than A Level,50-60%,0-35,N,0,60
BBB_2014B_2634946,2634946,BBB,2014B,M,A,Withdrawn,0,0,0,West Midlands Region,A Level or Equivalent,50-60%,0-35,N,0,180
BBB_2014B_331156,331156,BBB,2014B,F,B,Pass,1,1,0,West Midlands Region,Lower Than A Level,0-10%,35-55,N,0,60
BBB_2014B_582742,582742,BBB,2014B,F,B,Fail,0,0,0,West Midlands Region,Lower Than A Level,20-30%,0-35,N,0,120
BBB_2013B_305945,305945,BBB,2013B,F,B,Withdrawn,0,0,0,East Anglian Region,A Level or Equivalent,60-70%,0-35,N,0,60
BBB_2013B_546681,546681,BBB,2013B,F,B,Fail,0,0,0,North Western Region,Lower Than A Level,50-60%,0-35,N,0,60
BBB_2014J_683275,683275,BBB,2014J,F,B,Pass,1,1,0,South Region,A Level or Equivalent,70-80%,0-35,N,0,120
BBB_2014J_656228,656228,BBB,2014J,F,B,Withdrawn,0,0,0,North Western Region,Lower Than A Level,40-50%,0-35,N,0,120
BBB_2014J_687105,687105,BBB,2014J,F,B,Withdrawn,0,0,0,Scotland,HE Qualification,10-20,0-35,N,0,60
BBB_2013B_333837,333837,BBB,2013B,F,B,Withdrawn,0,0,0,North Western Region,Lower Than A Level,80-90%,0-35,N,0,105
BBB_2014J_691367,691367,BBB,2014J,M,A,Withdrawn,0,0,0,South East Region,A Level or Equivalent,80-90%,0-35,N,0,120
BBB_2014J_601706,601706,BBB,2014J,F,B,Pass,1,1,0,East Anglian Region,A Level or Equivalent,70-80%,0-35,Y,1,120
BBB_2014J_2688495,2688495,BBB,2014J,F,B,Distinction,1,1,0,East Anglian Region,Lower Than A Level,30-40%,35-55,N,0,60
BBB_2014J_604950,604950,BBB,2014J,F,B,Pass,1,1,0,London Region,Lower Than A Level,10-20,35-55,N,0,60
BBB_2014B_631515,631515,BBB,2014B,F,B,Pass,1,1,0,South Region,A Level or Equivalent,30-40%,35-55,N,0,60
BBB_2014J_698362,698362,BBB,2014J,F,B,Distinction,1,1,0,North Region,HE Qualification,30-40%,0-35,N,0,120
BBB_2013J_587923,587923,BBB,2013J,F,B,Pass,1,1,0,Scotland,Lower Than A Level,70-80%,0-35,Y,0,120
BBB_2013B_552110,552110,BBB,2013B,F,B,Fail,0,0,0,Yorkshire Region,Lower Than A Level,10-20,0-35,N,0,90
BBB_2013J_490500,490500,BBB,2013J,F,B,Fail,0,0,0,South West Region,Lower Than A Level,0-10%,0-35,N,0,120
BBB_2013B_2475780,2475780,BBB,2013B,F,B,Pass,1,1,0,Scotland,Lower Than A Level,90-100%,35-55,N,4,120
BBB_2013B_2423078,2423078,BBB,2013B,M,A,Withdrawn,0,0,0,London Region,A Level or Equivalent,0-10%,35-55,N,1,180
BBB_2014J_615165,615165,BBB,2014J,F,B,Withdrawn,0,0,0,Wales,A Level or Equivalent,40-50%,0-35,Y,1,180
BBB_2013J_397590,397590,BBB,2013J,F,B,Fail,0,0,0,London Region,A Level or Equivalent,20-30%,0-35,Y,0,60
BBB_2014J_681984,681984,BBB,2014J,M,A,Pass,1,1,0,Wales,A Level or Equivalent,50-60%,0-35,N,0,60
BBB_2013J_487371,487371,BBB,2013J,F,B,Pass,1,1,0,Scotland,HE Qualification,10-20,35-55,N,0,60
BBB_2014B_625857,625857,BBB,2014B,F,B,Withdrawn,0,0,0,Yorkshire Region,Lower Than A Level,30-40%,0-35,N,0,60
BBB_2013J_506980,506980,BBB,2013J,F,B,Fail,0,0,0,Scotland,A Level or Equivalent,20-30%,0-35,N,1,120
BBB_2014B_123270,123270,BBB,2014B,F,B,Fail,0,0,0,North Western Region,Lower Than A Level,50-60%,35-55,N,0,60
BBB_2013J_584611,584611,BBB,2013J,F,B,Fail,0,0,0,East Midlands Region,A Level or Equivalent,0-10%,0-35,N,0,120
BBB_2014J_41547,41547,BBB,2014J,F,B,Pass,1,1,0,Yorkshire Region,A Level or Equivalent,40-50%,0-35,N,0,60
BBB_2014J_655878,655878,BBB,2014J,F,B,Withdrawn,0,0,0,South Region,Lower Than A Level,30-40%,35-55,Y,0,60
BBB_2014J_155484,155484,BBB,2014J,F,B,Distinction,1,1,0,South West Region,Lower Than A Level,60-70%,35-55,N,0,120
BBB_2013B_537342,537342,BBB,2013B,F,B,Distinction,1,1,0,South Region,HE Qualification,90-100%,0-35,N,0,120
BBB_2014J_1563696,1563696,BBB,2014J,F,B,Pass,1,1,0,East Midlands Region,A Level or Equivalent,40-50%,35-55,N,0,60
BBB_2014J_559973,559973,BBB,2014J,F,B,Withdrawn,0,0,0,East Anglian Region,Lower Than A Level,0-10%,0-35,N,0,60
BBB_2014J_267774,267774,BBB,2014J,F,B,Withdrawn,0,0,0,Scotland,A Level or Equivalent,40-50%,0-35,N,0,60
BBB_2014B_631530,631530,BBB,2014B,F,B,Pass,1,1,0,East Midlands Region,Lower Than A Level,0-10%,0-35,N,0,60
BBB_2013B_546407,546407,BBB,2013B,F,B,Pass,1,1,0,Scotland,Lower Than A Level,0-10%,35-55,N,0,60
BBB_2014J_649278,649278,BBB,2014J,F,B,Withdrawn,0,0,0,West Midlands Region,Lower Than A Level,60-70%,0-35,N,0,60
BBB_2014J_373174,373174,BBB,2014J,F,B,Pass,1,1,0,West Midlands Region,A Level or Equivalent,0-10%,0-35,N,2,60
BBB_2013B_502694,502694,BBB,2013B,F,B,Distinction,1,1,0,North Region,A Level or Equivalent,80-90%,35-55,N,0,60
BBB_2013B_468949,468949,BBB,2013B,F,B,Pass,1,1,0,South East Region,Lower Than A Level,40-50%,0-35,Y,0,60
BBB_2014B_545223,545223,BBB,2014B,F,B,Fail,0,0,0,East Midlands Region,Lower Than A Level,0-10%,0-35,N,1,60
BBB_2013B_475095,475095,BBB,2013B,M,A,Pass,1,1,0,South West Region,A Level or Equivalent,20-30%,0-35,N,0,60
BBB_2014J_656412,656412,BBB,2014J,F,B,Withdrawn,0,0,0,East Anglian Region,A Level or Equivalent,70-80%,0-35,N,0,120
BBB_2014J_678085,678085,BBB,2014J,F,B,Fail,0,0,0,East Midlands Region,Lower Than A Level,0-10%,0-35,N,0,120
BBB_2013B_2531031,2531031,BBB,2013B,F,B,Pass,1,1,0,East Anglian Region,Lower Than A Level,10-20,35-55,N,0,120
BBB_2014J_648449,648449,BBB,2014J,F,B,Distinction,1,1,0,East Anglian Region,A Level or Equivalent,60-70%,35-55,N,0,60
BBB_2013J_372172,372172,BBB,2013J,F,B,Fail,0,0,0,East Midlands Region,Lower Than A Level,20-30%,0-35,N,0,60
BBB_2013J_517075,517075,BBB,2013J,F,B,Withdrawn,0,0,0,South West Region,A Level or Equivalent,40-50%,0-35,N,0,120
BBB_2013B_2602809,2602809,BBB,2013B,F,B,Pass,1,1,0,North Region,Lower Than A Level,60-70%,35-55,N,0,60
BBB_2013J_383303,383303,BBB,2013J,F,B,Fail,0,0,0,London Region,A Level or Equivalent,20-30%,35-55,N,1,60
BBB_2013B_555695,555695,BBB,2013B,F,B,Pass,1,1,0,South East Region,A Level or Equivalent,60-70%,0-35,N,0,60
BBB_2014B_588459,588459,BBB,2014B,F,B,Fail,0,0,0,Wales,Lower Than A Level,40-50%,0-35,N,1,120
BBB_2014J_648951,648951,BBB,2014J,F,B,Fail,0,0,0,East Midlands Region,No Formal quals,20-30%,0-35,N,0,60
BBB_2013B_515105,515105,BBB,2013B,F,B,Fail,0,0,0,London Region,Lower Than A Level,10-20,35-55,N,0,60
BBB_2013J_599640,599640,BBB,2013J,F,B,Fail,0,0,0,South Region,Lower Than A Level,40-50%,35-55,N,0,120
BBB_2013B_540122,540122,BBB,2013B,M,A,Withdrawn,0,0,0,London Region,A Level or Equivalent,10-20,0-35,N,0,60
BBB_2013B_2622465,2622465,BBB,2013B,M,A,Pass,1,1,0,London Region,Lower Than A Level,20-30%,35-55,N,0,60
BBB_2013J_587120,587120,BBB,2013J,F,B,Withdrawn,0,0,0,East Anglian Region,Lower Than A Level,50-60%,0-35,N,0,180
BBB_2014B_620230,620230,BBB,2014B,F,B,Withdrawn,0,0,0,South West Region,HE Qualification,0-10%,0-35,N,0,60
BBB_2014B_2133207,2133207,BBB,2014B,F,B,Pass,1,1,0,South Region,Lower Than A Level,40-50%,0-35,Y,0,120
BBB_2013J_507676,507676,BBB,2013J,F,B,Fail,0,0,0,Yorkshire Region,No Formal quals,20-30%,0-35,N,2,120
BBB_2013B_478317,478317,BBB,2013B,F,B,Withdrawn,0,0,0,Scotland,Lower Than A Level,0-10%,0-35,N,1,120
BBB_2013J_583240,583240,BBB,2013J,F,B,Fail,0,0,0,South East Region,A Level or Equivalent,20-30%,0-35,Y,0,120
BBB_2013B_399792,399792,BBB,2013B,M,A,Fail,0,0,0,Scotland,HE Qualification,30-40%,0-35,Y,2,150
BBB_2013J_2001687,2001687,BBB,2013J,F,B,Pass,1,1,0,South Region,A Level or Equivalent,40-50%,35-55,Y,0,60
BBB_2014J_2599784,2599784,BBB,2014J,F,B,Pass,1,1,0,South West Region,HE Qualification,30-40%,0-35,N,0,60
BBB_2014J_697542,697542,BBB,2014J,F,B,Fail,0,0,0,North Western Region,Lower Than A Level,10-20,0-35,N,0,60
BBB_2013J_510438,510438,BBB,2013J,F,B,Fail,0,0,0,North Western Region,A Level or Equivalent,20-30%,35-55,N,0,60
BBB_2013B_270399,270399,BBB,2013B,F,B,Fail,0,0,0,South West Region,Lower Than A Level,10-20,0-35,N,0,60
BBB_2014J_641616,641616,BBB,2014J,F,B,Pass,1,1,0,Wales,A Level or Equivalent,10-20,0-35,N,0,60
BBB_2014J_613909,613909,BBB,2014J,F,B,Pass,1,1,0,East Midlands Region,Lower Than A Level,60-70%,0-35,N,0,60
BBB_2014J_656711,656711,BBB,2014J,F,B,Pass,1,1,0,Ireland,Lower Than A Level,60-70%,35-55,N,0,60
BBB_2014J_693098,693098,BBB,2014J,M,A,Pass,1,1,0,South East Region,A Level or Equivalent,90-100%,0-35,N,0,60
BBB_2013B_242149,242149,BBB,2013B,F,B,Withdrawn,0,0,0,North Western Region,Lower Than A Level,0-10%,0-35,N,0,180
BBB_2013B_549009,549009,BBB,2013B,F,B,Withdrawn,0,0,0,London Region,No Formal quals,10-20,0-35,N,0,60
BBB_2013B_546921,546921,BBB,2013B,M,A,Pass,1,1,0,Wales,HE Qualification,60-70%,0-35,N,0,180
BBB_2014J_685702,685702,BBB,2014J,F,B,Pass,1,1,0,North Region,Post Graduate Qualification,,35-55,N,0,60
BBB_2013J_607642,607642,BBB,2013J,F,B,Pass,1,1,0,East Anglian Region,HE Qualification,80-90%,0-35,N,0,60
BBB_2014B_635433,635433,BBB,2014B,F,B,Pass,1,1,0,Wales,A Level or Equivalent,90-100%,35-55,N,0,60
BBB_2014J_689662,689662,BBB,2014J,F,B,Pass,1,1,0,South West Region,Lower Than A Level,70-80%,35-55,N,0,60
BBB_2014B_569663,569663,BBB,2014B,F,B,Pass,1,1,0,South Region,Lower Than A Level,80-90%,0-35,N,0,60
BBB_2014B_614130,614130,BBB,2014B,F,B,Pass,1,1,0,East Midlands Region,A Level or Equivalent,70-80%,0-35,N,0,60
BBB_2013B_542010,542010,BBB,2013B,M,A,Withdrawn,0,0,0,Wales,A Level or Equivalent,0-10%,35-55,N,0,120
BBB_2013J_610745,610745,BBB,2013J,F,B,Pass,1,1,0,East Anglian Region,A Level or Equivalent,90-100%,35-55,N,0,60
BBB_2014B_562643,562643,BBB,2014B,F,B,Withdrawn,0,0,0,South West Region,A Level or Equivalent,50-60%,0-35,N,0,60
BBB_2013J_582218,582218,BBB,2013J,F,B,Fail,0,0,0,West Midlands Region,A Level or Equivalent,10-20,0-35,N,0,120
BBB_2013J_365169,365169,BBB,2013J,F,B,Pass,1,1,0,South East Region,Lower Than A Level,80-90%,0-35,N,0,60
BBB_2013J_445760,445760,BBB,2013J,F,B,Pass,1,1,0,East Anglian Region,A Level or Equivalent,70-80%,0-35,N,0,60
BBB_2014B_484446,484446,BBB,2014B,F,B,Withdrawn,0,0,0,South West Region,A Level or Equivalent,20-30%,0-35,N,1,180
BBB_2013B_98313,98313,BBB,2013B,F,B,Pass,1,1,0,Scotland,HE Qualification,30-40%,35-55,N,0,60
BBB_2013J_613173,613173,BBB,2013J,F,B,Pass,1,1,0,Scotland,A Level or Equivalent,60-70%,35-55,N,0,60
BBB_2013B_510845,510845,BBB,2013B,F,B,Pass,1,1,0,Wales,Lower Than A Level,0-10%,0-35,N,0,60
BBB_2013B_2534033,2534033,BBB,2013B,M,A,Withdrawn,0,0,0,West Midlands Region,A Level or Equivalent,70-80%,0-35,Y,1,60
BBB_2013B_562495,562495,BBB,2013B,M,A,Fail,0,0,0,Wales,A Level or Equivalent,20-30%,0-35,Y,0,120
BBB_2013J_280151,280151,BBB,2013J,F,B,Fail,0,0,0,London Region,A Level or Equivalent,10-20,0-35,Y,0,210
BBB_2013J_598760,598760,BBB,2013J,F,B,Pass,1,1,0,Wales,A Level or Equivalent,50-60%,0-35,N,0,90
BBB_2013B_533324,533324,BBB,2013B,F,B,Pass,1,1,0,South West Region,Lower Than A Level,20-30%,0-35,Y,0,120
BBB_2014B_1730702,1730702,BBB,2014B,F,B,Fail,0,0,0,North Western Region,Lower Than A Level,70-80%,35-55,N,2,120
BBB_2013J_552883,552883,BBB,2013J,F,B,Fail,0,0,0,Yorkshire Region,HE Qualification,20-30%,0-35,N,0,120
BBB_2014J_645042,645042,BBB,2014J,F,B,Fail,0,0,0,South West Region,Lower Than A Level,20-30%,0-35,N,0,120
BBB_2013B_549873,549873,BBB,2013B,F,B,Withdrawn,0,0,0,North Western Region,A Level or Equivalent,50-60%,0-35,N,0,60
BBB_2013B_541709,541709,BBB,2013B,F,B,Withdrawn,0,0,0,Yorkshire Region,Lower Than A Level,10-20,0-35,N,0,120
BBB_2013B_469683,469683,BBB,2013B,F,B,Pass,1,1,0,Scotland,A Level or Equivalent,0-10%,35-55,N,2,180
BBB_2013B_552894,552894,BBB,2013B,F,B,Pass,1,1,0,North Western Region,Lower Than A Level,50-60%,0-35,N,0,60
BBB_2013J_379210,379210,BBB,2013J,M,A,Fail,0,0,0,London Region,A Level or Equivalent,0-10%,0-35,N,0,60
BBB_2013J_518258,518258,BBB,2013J,F,B,Distinction,1,1,0,South East Region,Lower Than A Level,70-80%,0-35,N,0,60
BBB_2013J_547311,547311,BBB,2013J,F,B,Fail,0,0,0,North Western Region,Lower Than A Level,70-80%,35-55,N,0,60
BBB_2013B_549713,549713,BBB,2013B,F,B,Withdrawn,0,0,0,West Midlands Region,Lower Than A Level,0-10%,35-55,Y,0,60
BBB_2013B_530987,530987,BBB,2013B,F,B,Pass,1,1,0,North Western Region,A Level or Equivalent,10-20,0-35,N,0,60
BBB_2013J_532477,532477,BBB,2013J,F,B,Pass,1,1,0,Scotland,A Level or Equivalent,30-40%,35-55,N,0,60
BBB_2014J_695021,695021,BBB,2014J,F,B,Pass,1,1,0,Ireland,A Level or Equivalent,70-80%,0-35,N,0,60
BBB_2014J_590854,590854,BBB,2014J,F,B,Distinction,1,1,0,North Region,HE Qualification,0-10%,0-35,N,0,120
BBB_2014B_633646,633646,BBB,2014B,F,B,Pass,1,1,0,South Region,A Level or Equivalent,30-40%,35-55,N,0,60
BBB_2014J_574306,574306,BBB,2014J,F,B,Withdrawn,0,0,0,London Region,Lower Than A Level,0-10%,0-35,N,0,120
BBB_2013B_539737,539737,BBB,2013B,F,B,Pass,1,1,0,Ireland,A Level or Equivalent,20-30%,0-35,N,0,60
BBB_2014J_697337,697337,BBB,2014J,F,B,Withdrawn,0,0,0,East Anglian Region,No Formal quals,60-70%,0-35,N,0,60
BBB_2014B_623857,623857,BBB,2014B,F,B,Fail,0,0,0,Wales,A Level or Equivalent,60-70%,0-35,N,0,60
BBB_2013B_513368,513368,BBB,2013B,F,B,Withdrawn,0,0,0,North Region,A Level or Equivalent,30-40%,0-35,N,0,60
BBB_2014B_544050,544050,BBB,2014B,F,B,Fail,0,0,0,Wales,A Level or Equivalent,20-30%,0-35,N,2,120
BBB_2013B_630346,630346,BBB,2013B,F,B,Fail,0,0,0,East Anglian Region,A Level or Equivalent,60-70%,0-35,Y,0,60
BBB_2014J_572538,572538,BBB,2014J,F,B,Pass,1,1,0,East Anglian Region,Lower Than A Level,80-90%,0-35,Y,0,60
BBB_2013B_547873,547873,BBB,2013B,F,B,Pass,1,1,0,Wales,Lower Than A Level,60-70%,0-35,Y,0,60
BBB_2013B_1747892,1747892,BBB,2013B,F,B,Distinction,1,1,0,Ireland,Lower Than A Level,50-60%,35-55,N,1,210
BBB_2014B_631197,631197,BBB,2014B,F,B,Withdrawn,0,0,0,North Western Region,A Level or Equivalent,10-20,0-35,Y,0,60
BBB_2014J_640265,640265,BBB,2014J,F,B,Withdrawn,0,0,0,South East Region,A Level or Equivalent,60-70%,35-55,N,0,180
BBB_2014J_687157,687157,BBB,2014J,F,B,Pass,1,1,0,Scotland,A Level or Equivalent,40-50%,0-35,N,0,60
BBB_2013B_539558,539558,BBB,2013B,F,B,Fail,0,0,0,South West Region,A Level or Equivalent,20-30%,0-35,N,0,60
BBB_2014B_631086,631086,BBB,2014B,F,B,Fail,0,0,0,East Midlands Region,A Level or Equivalent,90-100%,0-35,N,0,120
BBB_2013J_551205,551205,BBB,2013J,F,B,Pass,1,1,0,East Midlands Region,Lower Than A Level,70-80%,0-35,N,1,60
BBB_2013J_364666,364666,BBB,2013J,F,B,Fail,0,0,0,Scotland,Lower Than A Level,50-60%,0-35,N,2,60
BBB_2014J_523905,523905,BBB,2014J,F,B,Pass,1,1,0,South Region,Lower Than A Level,70-80%,35-55,N,0,120
BBB_2013B_2290090,2290090,BBB,2013B,F,B,Pass,1,1,0,South East Region,Lower Than A Level,30-40%,0-35,N,0,60
BBB_2014J_652754,652754,BBB,2014J,F,B,Withdrawn,0,0,0,South Region,Lower Than A Level,70-80%,0-35,N,0,60
BBB_2013J_532869,532869,BBB,2013J,F,B,Pass,1,1,0,Yorkshire Region,Lower Than A Level,50-60%,0-35,N,0,60
BBB_2013J_603165,603165,BBB,2013J,F,B,Distinction,1,1,0,Wales,HE Qualification,40-50%,35-55,N,0,60
BBB_2014J_647876,647876,BBB,2014J,F,B,Withdrawn,0,0,0,East Anglian Region,Lower Than A Level,80-90%,0-35,N,0,120
BBB_2014J_675673,675673,BBB,2014J,F,B,Withdrawn,0,0,0,North Region,A Level or Equivalent,80-90%,0-35,N,0,60
BBB_2014B_618145,618145,BBB,2014B,F,B,Distinction,1,1,0,South East Region,A Level or Equivalent,20-30%,0-35,N,0,60
BBB_2014B_506650,506650,BBB,2014B,F,B,Pass,1,1,0,South West Region,A Level or Equivalent,80-90%,35-55,N,1,120
BBB_2014B_627316,627316,BBB,2014B,M,A,Withdrawn,0,0,0,West Midlands Region,Lower Than A Level,70-80%,0-35,Y,0,60
BBB_2014B_591743,591743,BBB,2014B,F,B,Fail,0,0,0,North Region,Lower Than A Level,30-40%,35-55,N,0,60
BBB_2013J_583021,583021,BBB,2013J,F,B,Withdrawn,0,0,0,Scotland,A Level or Equivalent,60-70%,35-55,N,0,60
BBB_2014J_699436,699436,BBB,2014J,F,B,Distinction,1,1,0,East Midlands Region,HE Qualification,60-70%,35-55,N,0,120
BBB_2013J_530841,530841,BBB,2013J,F,B,Pass,1,1,0,North Region,A Level or Equivalent,30-40%,0-35,N,0,60
BBB_2014B_618360,618360,BBB,2014B,F,B,Withdrawn,0,0,0,North Western Region,A Level or Equivalent,80-90%,0-35,N,0,120
BBB_2013B_547403,547403,BBB,2013B,F,B,Pass,1,1,0,East Anglian Region,A Level or Equivalent,80-90%,0-35,N,0,60
BBB_2014J_682483,682483,BBB,2014J,F,B,Pass,1,1,0,East Midlands Region,Lower Than A Level,30-40%,0-35,N,0,60
BBB_2013J_593631,593631,BBB,2013J,F,B,Pass,1,1,0,East Anglian Region,A Level or Equivalent,30-40%,0-35,N,0,60
BBB_2014J_691683,691683,BBB,2014J,F,B,Pass,1,1,0,East Midlands Region,Lower Than A Level,10-20,35-55,N,0,60
BBB_2014J_675085,675085,BBB,2014J,F,B,Pass,1,1,0,Scotland,Lower Than A Level,0-10%,0-35,Y,0,60
BBB_2014B_271467,271467,BBB,2014B,F,B,Fail,0,0,0,South West Region,A Level or Equivalent,20-30%,35-55,N,0,150
BBB_2014J_696716,696716,BBB,2014J,M,A,Withdrawn,0,0,0,East Anglian Region,Lower Than A Level,60-70%,35-55,N,0,120
BBB_2014B_432480,432480,BBB,2014B,M,A,Pass,1,1,0,North Western Region,A Level or Equivalent,0-10%,35-55,N,0,60
BBB_2014J_695256,695256,BBB,2014J,F,B,Pass,1,1,0,Ireland,Lower Than A Level,20-30%,0-35,N,0,60
BBB_2013J_497632,497632,BBB,2013J,F,B,Pass,1,1,0,Wales,A Level or Equivalent,90-100%,0-35,N,1,60
BBB_2013J_165823,165823,BBB,2013J,F,B,Withdrawn,0,0,0,Yorkshire Region,Lower Than A Level,10-20,35-55,N,0,60
BBB_2014J_674746,674746,BBB,2014J,F,B,Withdrawn,0,0,0,East Anglian Region,HE Qualification,50-60%,0-35,N,0,120
BBB_2013J_595047,595047,BBB,2013J,F,B,Withdrawn,0,0,0,East Midlands Region,Lower Than A Level,80-90%,0-35,N,0,180
BBB_2014B_614357,614357,BBB,2014B,F,B,Distinction,1,1,0,East Anglian Region,A Level or Equivalent,10-20,0-35,N,0,60
BBB_2014J_689124,689124,BBB,2014J,F,B,Pass,1,1,0,Ireland,Lower Than A Level,30-40%,35-55,N,0,60
BBB_2013J_1934047,1934047,BBB,2013J,F,B,Withdrawn,0,0,0,London Region,Lower Than A Level,60-70%,0-35,N,0,90
BBB_2013B_503509,503509,BBB,2013B,F,B,Distinction,1,1,0,South East Region,A Level or Equivalent,30-40%,0-35,N,0,60
BBB_2013B_512929,512929,BBB,2013B,F,B,Pass,1,1,0,Wales,A Level or Equivalent,40-50%,35-55,N,0,60
BBB_2013B_556987,556987,BBB,2013B,F,B,Fail,0,0,0,North Western Region,Lower Than A Level,0-10%,0-35,N,0,60
BBB_2014B_604106,604106,BBB,2014B,F,B,Pass,1,1,0,South West Region,Lower Than A Level,30-40%,0-35,N,0,120
BBB_2014J_586398,586398,BBB,2014J,F,B,Withdrawn,0,0,0,West Midlands Region,A Level or Equivalent,40-50%,0-35,N,0,120
BBB_2014J_678575,678575,BBB,2014J,M,A,Withdrawn,0,0,0,London Region,HE Qualification,30-40%,35-55,N,0,60
BBB_2013B_542291,542291,BBB,2013B,F,B,Pass,1,1,0,South East Region,HE Qualification,70-80%,0-35,N,0,60
BBB_2014B_623622,623622,BBB,2014B,F,B,Pass,1,1,0,North Western Region,Lower Than A Level,50-60%,0-35,N,0,60
BBB_2013B_387276,387276,BBB,2013B,F,B,Withdrawn,0,0,0,North Western Region,Lower Than A Level,50-60%,35-55,N,1,180
BBB_2014J_502767,502767,BBB,2014J,F,B,Pass,1,1,0,South East Region,A Level or Equivalent,20-30%,35-55,N,0,60
BBB_2014J_687688,687688,BBB,2014J,F,B,Pass,1,1,0,Scotland,Lower Than A Level,10-20,0-35,N,0,120
BBB_2014B_623935,623935,BBB,2014B,F,B,Pass,1,1,0,South Region,A Level or Equivalent,20-30%,0-35,N,0,120
BBB_2013B_306984,306984,BBB,2013B,M,A,Withdrawn,0,0,0,North Region,Lower Than A Level,20-30%,35-55,N,3,60
BBB_2014J_674548,674548,BBB,2014J,F,B,Withdrawn,0,0,0,Ireland,Lower Than A Level,0-10%,35-55,N,0,60
BBB_2013B_540513,540513,BBB,2013B,F,B,Pass,1,1,0,North Western Region,A Level or Equivalent,90-100%,0-35,N,0,75
BBB_2013J_578057,578057,BBB,2013J,F,B,Fail,0,0,0,South East Region,Lower Than A Level,20-30%,0-35,N,0,60
BBB_2013B_2340190,2340190,BBB,2013B,F,B,Fail,0,0,0,Yorkshire Region,Lower Than A Level,20-30%,0-35,N,5,120
BBB_2014B_633386,633386,BBB,2014B,F,B,Pass,1,1,0,Scotland,Lower Than A Level,40-50%,35-55,N,0,120
BBB_2014J_629245,629245,BBB,2014J,F,B,Pass,1,1,0,East Anglian Region,A Level or Equivalent,50-60%,0-35,N,0,60
BBB_2013J_577239,577239,BBB,2013J,F,B,Withdrawn,0,0,0,Wales,Lower Than A Level,20-30%,0-35,N,0,60
BBB_2014B_349258,349258,BBB,2014B,F,B,Fail,0,0,0,Wales,Lower Than A Level,20-30%,0-35,N,0,60
BBB_2013J_574065,574065,BBB,2013J,F,B,Distinction,1,1,0,Ireland,A Level or Equivalent,40-50%,0-35,N,0,120
BBB_2014B_632254,632254,BBB,2014B,F,B,Pass,1,1,0,South East Region,A Level or Equivalent,30-40%,0-35,N,0,60
BBB_2014J_504597,504597,BBB,2014J,M,A,Pass,1,1,0,South Region,Lower Than A Level,70-80%,55<=,N,0,60
BBB_2014J_630404,630404,BBB,2014J,F,B,Pass,1,1,0,Yorkshire Region,Lower Than A Level,10-20,0-35,N,0,60
BBB_2014B_586111,586111,BBB,2014B,F,B,Fail,0,0,0,South Region,Lower Than A Level,40-50%,0-35,Y,1,120
BBB_2014B_572370,572370,BBB,2014B,F,B,Withdrawn,0,0,0,East Midlands Region,A Level or Equivalent,40-50%,35-55,N,0,210
BBB_2014B_558084,558084,BBB,2014B,F,B,Pass,1,1,0,Wales,Lower Than A Level,20-30%,0-35,N,1,120
BBB_2014J_674319,674319,BBB,2014J,F,B,Withdrawn,0,0,0,Yorkshire Region,Lower Than A Level,0-10%,0-35,N,0,60
BBB_2013J_108760,108760,BBB,2013J,F,B,Fail,0,0,0,London Region,Lower Than A Level,30-40%,35-55,N,3,60
BBB_2013J_614546,614546,BBB,2013J,F,B,Distinction,1,1,0,Yorkshire Region,A Level or Equivalent,70-80%,35-55,N,0,120
BBB_2014B_634077,634077,BBB,2014B,F,B,Pass,1,1,0,West Midlands Region,A Level or Equivalent,90-100%,0-35,N,0,60
BBB_2013J_556972,556972,BBB,2013J,F,B,Pass,1,1,0,South West Region,Lower Than A Level,20-30%,0-35,N,0,60
BBB_2014J_694576,694576,BBB,2014J,F,B,Fail,0,0,0,East Anglian Region,A Level or Equivalent,70-80%,35-55,N,0,60
BBB_2013J_527689,527689,BBB,2013J,F,B,Withdrawn,0,0,0,Scotland,Lower Than A Level,10-20,0-35,N,0,60
BBB_2014J_656475,656475,BBB,2014J,M,A,Fail,0,0,0,Ireland,HE Qualification,80-90%,35-55,N,0,60
BBB_2013J_428653,428653,BBB,2013J,M,A,Pass,1,1,0,West Midlands Region,Lower Than A Level,20-30%,0-35,N,0,120
BBB_2014J_674276,674276,BBB,2014J,F,B,Pass,1,1,0,Scotland,HE Qualification,30-40%,35-55,N,0,60
BBB_2013B_533969,533969,BBB,2013B,F,B,Fail,0,0,0,North Western Region,Lower Than A Level,40-50%,0-35,N,0,60
BBB_2013B_2578041,2578041,BBB,2013B,F,B,Withdrawn,0,0,0,London Region,A Level or Equivalent,30-40%,35-55,N,0,300
BBB_2013B_186670,186670,BBB,2013B,F,B,Fail,0,0,0,Yorkshire Region,HE Qualification,40-50%,35-55,N,1,60
BBB_2014J_652044,652044,BBB,2014J,M,A,Pass,1,1,0,Scotland,HE Qualification,50-60%,0-35,N,0,60
BBB_2014J_692908,692908,BBB,2014J,F,B,Pass,1,1,0,East Anglian Region,A Level or Equivalent,10-20,35-55,N,0,120
BBB_2014B_242390,242390,BBB,2014B,F,B,Fail,0,0,0,London Region,Lower Than A Level,10-20,0-35,N,1,60
BBB_2013B_500585,500585,BBB,2013B,F,B,Withdrawn,0,0,0,Yorkshire Region,A Level or Equivalent,0-10%,0-35,Y,1,240
BBB_2013J_258035,258035,BBB,2013J,F,B,Distinction,1,1,0,North Western Region,HE Qualification,80-90%,35-55,N,0,60
BBB_2013J_242893,242893,BBB,2013J,F,B,Withdrawn,0,0,0,Yorkshire Region,No Formal quals,30-40%,0-35,N,1,60
BBB_2014J_119444,119444,BBB,2014J,F,B,Withdrawn,0,0,0,East Midlands Region,Lower Than A Level,20-30%,0-35,N,0,120
BBB_2013B_535526,535526,BBB,2013B,F,B,Withdrawn,0,0,0,North Region,Lower Than A Level,0-10%,0-35,N,0,120
BBB_2013J_105851,105851,BBB,2013J,F,B,Pass,1,1,0,West Midlands Region,A Level or Equivalent,20-30%,0-35,Y,0,60
BBB_2014B_567059,567059,BBB,2014B,F,B,Pass,1,1,0,East Midlands Region,Lower Than A Level,50-60%,0-35,N,1,120
BBB_2013J_495509,495509,BBB,2013J,F,B,Pass,1,1,0,North Western Region,A Level or Equivalent,30-40%,0-35,N,0,60
BBB_2014J_636525,636525,BBB,2014J,F,B,Pass,1,1,0,Scotland,A Level or Equivalent,60-70%,0-35,N,0,60
BBB_2014J_675750,675750,BBB,2014J,F,B,Withdrawn,0,0,0,West Midlands Region,Lower Than A Level,10-20,35-55,N,0,120
BBB_2014B_417263,417263,BBB,2014B,F,B,Pass,1,1,0,East Anglian Region,A Level or Equivalent,50-60%,35-55,N,0,60
BBB_2014J_637903,637903,BBB,2014J,F,B,Pass,1,1,0,Wales,Lower Than A Level,10-20,0-35,N,0,60
BBB_2013B_533839,533839,BBB,2013B,F,B,Pass,1,1,0,West Midlands Region,A Level or Equivalent,80-90%,0-35,N,0,60
BBB_2013J_596535,596535,BBB,2013J,F,B,Pass,1,1,0,West Midlands Region,HE Qualification,70-80%,0-35,N,0,60
BBB_2013B_2635505,2635505,BBB,2013B,F,B,Pass,1,1,0,South Region,Lower Than A Level,20-30%,35-55,N,1,120
BBB_2013B_2626410,2626410,BBB,2013B,F,B,Withdrawn,0,0,0,Wales,A Level or Equivalent,40-50%,35-55,N,0,60
BBB_2014J_630286,630286,BBB,2014J,F,B,Fail,0,0,0,Scotland,Lower Than A Level,0-10%,0-35,N,0,120
BBB_2014J_632281,632281,BBB,2014J,F,B,Pass,1,1,0,North Western Region,A Level or Equivalent,0-10%,35-55,N,0,60
BBB_2013J_576946,576946,BBB,2013J,F,B,Pass,1,1,0,Ireland,A Level or Equivalent,10-20,0-35,N,0,60
BBB_2013J_366524,366524,BBB,2013J,F,B,Pass,1,1,0,South Region,A Level or Equivalent,30-40%,0-35,N,0,60
BBB_2013B_329321,329321,BBB,2013B,F,B,Fail,0,0,0,West Midlands Region,Lower Than A Level,80-90%,0-35,N,2,60
BBB_2013B_249534,249534,BBB,2013B,F,B,Pass,1,1,0,East Midlands Region,A Level or Equivalent,20-30%,35-55,N,0,60
BBB_2014J_604358,604358,BBB,2014J,F,B,Pass,1,1,0,South Region,A Level or Equivalent,50-60%,0-35,N,0,60
BBB_2013J_577824,577824,BBB,2013J,F,B,Distinction,1,1,0,West Midlands Region,A Level or Equivalent,80-90%,35-55,N,0,60
BBB_2013B_541363,541363,BBB,2013B,F,B,Pass,1,1,0,Scotland,A Level or Equivalent,50-60%,35-55,N,0,60
BBB_2013J_252257,252257,BBB,2013J,F,B,Pass,1,1,0,East Midlands Region,A Level or Equivalent,10-20,35-55,N,0,60
BBB_2014B_627185,627185,BBB,2014B,F,B,Pass,1,1,0,Wales,Lower Than A Level,90-100%,35-55,N,0,60
BBB_2013J_574810,574810,BBB,2013J,F,B,Withdrawn,0,0,0,Wales,A Level or Equivalent,90-100%,0-35,N,0,60
BBB_2014B_628181,628181,BBB,2014B,F,B,Pass,1,1,0,East Midlands Region,A Level or Equivalent,80-90%,35-55,N,0,60
BBB_2013J_593421,593421,BBB,2013J,F,B,Pass,1,1,0,Ireland,A Level or Equivalent,10-20,0-35,N,0,60
BBB_2013B_532000,532000,BBB,2013B,F,B,Withdrawn,0,0,0,East Anglian Region,Lower Than A Level,80-90%,0-35,N,1,120
BBB_2014B_613038,613038,BBB,2014B,F,B,Pass,1,1,0,North Western Region,HE Qualification,50-60%,35-55,N,0,60
BBB_2014B_624997,624997,BBB,2014B,F,B,Pass,1,1,0,East Midlands Region,A Level or Equivalent,50-60%,35-55,N,0,60
BBB_2013J_612484,612484,BBB,2013J,F,B,Pass,1,1,0,Ireland,A Level or Equivalent,60-70%,35-55,N,0,60
BBB_2014J_549288,549288,BBB,2014J,F,B,Withdrawn,0,0,0,East Anglian Region,A Level or Equivalent,90-100%,0-35,N,0,120
BBB_2013J_545462,545462,BBB,2013J,F,B,Pass,1,1,0,West Midlands Region,A Level or Equivalent,40-50%,35-55,N,0,60
BBB_2013B_541113,541113,BBB,2013B,F,B,Pass,1,1,0,South West Region,Lower Than A Level,10-20,0-35,N,0,60
BBB_2014J_561618,561618,BBB,2014J,F,B,Pass,1,1,0,Scotland,HE Qualification,10-20,0-35,N,0,60
BBB_2014J_693269,693269,BBB,2014J,F,B,Withdrawn,0,0,0,South Region,A Level or Equivalent,50-60%,0-35,Y,0,90
BBB_2013B_544627,544627,BBB,2013B,F,B,Withdrawn,0,0,0,East Anglian Region,Lower Than A Level,90-100%,0-35,N,0,60
BBB_2013B_548097,548097,BBB,2013B,F,B,Fail,0,0,0,Scotland,Lower Than A Level,60-70%,35-55,Y,0,60
BBB_2014J_689267,689267,BBB,2014J,F,B,Pass,1,1,0,Ireland,Lower Than A Level,60-70%,35-55,N,0,60
BBB_2013J_360876,360876,BBB,2013J,F,B,Fail,0,0,0,Wales,A Level or Equivalent,80-90%,35-55,N,1,60
BBB_2013B_552914,552914,BBB,2013B,F,B,Fail,0,0,0,London Region,A Level or Equivalent,0-10%,0-35,N,0,60
BBB_2013B_550613,550613,BBB,2013B,F,B,Pass,1,1,0,North Region,Lower Than A Level,,35-55,N,0,60
BBB_2014J_425314,425314,BBB,2014J,F,B,Withdrawn,0,0,0,London Region,Lower Than A Level,40-50%,35-55,N,0,120
BBB_2013J_614148,614148,BBB,2013J,F,B,Fail,0,0,0,North Western Region,HE Qualification,80-90%,35-55,N,0,60
BBB_2013J_490894,490894,BBB,2013J,F,B,Fail,0,0,0,London Region,A Level or Equivalent,10-20,35-55,N,1,70
BBB_2013B_524769,524769,BBB,2013B,F,B,Withdrawn,0,0,0,South West Region,Lower Than A Level,30-40%,0-35,Y,1,150
BBB_2013J_589508,589508,BBB,2013J,F,B,Distinction,1,1,0,South East Region,HE Qualification,20-30%,35-55,Y,0,60
BBB_2014J_606517,606517,BBB,2014J,F,B,Pass,1,1,0,East Midlands Region,A Level or Equivalent,50-60%,0-35,N,0,60
BBB_2013J_583065,583065,BBB,2013J,F,B,Withdrawn,0,0,0,Yorkshire Region,HE Qualification,80-90%,0-35,N,0,60
BBB_2013J_593900,593900,BBB,2013J,F,B,Pass,1,1,0,Yorkshire Region,A Level or Equivalent,0-10%,0-35,N,0,60
BBB_2013J_600684,600684,BBB,2013J,F,B,Distinction,1,1,0,South West Region,A Level or Equivalent,30-40%,35-55,N,0,60
BBB_2013J_23798,23798,BBB,2013J,M,A,Distinction,1,1,0,Wales,A Level or Equivalent,50-60%,0-35,N,0,60
BBB_2013J_607909,607909,BBB,2013J,F,B,Distinction,1,1,0,Scotland,A Level or Equivalent,70-80%,35-55,N,0,120
BBB_2013B_533996,533996,BBB,2013B,F,B,Withdrawn,0,0,0,West Midlands Region,Lower Than A Level,20-30%,35-55,N,0,60
BBB_2013J_528642,528642,BBB,2013J,F,B,Withdrawn,0,0,0,Wales,Lower Than A Level,40-50%,0-35,N,0,390
BBB_2013J_503804,503804,BBB,2013J,F,B,Pass,1,1,0,Ireland,Lower Than A Level,10-20,0-35,N,0,60
BBB_2014B_628903,628903,BBB,2014B,F,B,Fail,0,0,0,East Midlands Region,Lower Than A Level,10-20,0-35,N,0,120
BBB_2014J_649110,649110,BBB,2014J,F,B,Pass,1,1,0,West Midlands Region,A Level or Equivalent,50-60%,0-35,N,0,60
BBB_2013B_433531,433531,BBB,2013B,F,B,Pass,1,1,0,South Region,A Level or Equivalent,90-100%,0-35,N,0,180
BBB_2013J_529597,529597,BBB,2013J,F,B,Fail,0,0,0,East Midlands Region,Lower Than A Level,0-10%,0-35,Y,0,120
BBB_2013J_592147,592147,BBB,2013J,F,B,Pass,1,1,0,Scotland,HE Qualification,60-70%,35-55,N,0,60
BBB_2013J_582446,582446,BBB,2013J,F,B,Pass,1,1,0,Yorkshire Region,HE Qualification,30-40%,35-55,N,0,60
BBB_2013B_563874,563874,BBB,2013B,F,B,Distinction,1,1,0,East Midlands Region,A Level or Equivalent,0-10%,0-35,N,0,120
BBB_2013J_549226,549226,BBB,2013J,F,B,Fail,0,0,0,East Midlands Region,A Level or Equivalent,80-90%,0-35,N,0,60
BBB_2014B_397829,397829,BBB,2014B,M,A,Pass,1,1,0,Wales,A Level or Equivalent,20-30%,0-35,N,0,60
BBB_2013J_612361,612361,BBB,2013J,F,B,Pass,1,1,0,South East Region,A Level or Equivalent,40-50%,35-55,N,0,60
BBB_2013B_544989,544989,BBB,2013B,M,A,Fail,0,0,0,West Midlands Region,A Level or Equivalent,40-50%,35-55,N,0,60
BBB_2014J_561206,561206,BBB,2014J,F,B,Pass,1,1,0,East Anglian Region,HE Qualification,70-80%,35-55,N,0,60
BBB_2013J_603123,603123,BBB,2013J,F,B,Pass,1,1,0,South East Region,A Level or Equivalent,90-100%,0-35,N,0,60
BBB_2013B_552939,552939,BBB,2013B,M,A,Withdrawn,0,0,0,West Midlands Region,A Level or Equivalent,0-10%,0-35,N,0,60
BBB_2013B_544532,544532,BBB,2013B,F,B,Pass,1,1,0,West Midlands Region,Lower Than A Level,40-50%,0-35,N,0,60
BBB_2014B_288967,288967,BBB,2014B,M,A,Pass,1,1,0,South East Region,Lower Than A Level,20-30%,35-55,N,0,60
BBB_2013B_553321,553321,BBB,2013B,F,B,Distinction,1,1,0,East Anglian Region,A Level or Equivalent,70-80%,35-55,N,0,60
BBB_2013B_555672,555672,BBB,2013B,F,B,Pass,1,1,0,West Midlands Region,A Level or Equivalent,10-20,0-35,N,0,120
BBB_2013J_607887,607887,BBB,2013J,F,B,Pass,1,1,0,South Region,Lower Than A Level,90-100%,0-35,N,0,60
BBB_2013J_1797168,1797168,BBB,2013J,F,B,Pass,1,1,0,South West Region,Lower Than A Level,40-50%,35-55,N,0,60
BBB_2013B_537392,537392,BBB,2013B,F,B,Withdrawn,0,0,0,South Region,Lower Than A Level,60-70%,35-55,N,0,60
BBB_2014J_689563,689563,BBB,2014J,F,B,Pass,1,1,0,West Midlands Region,Lower Than A Level,60-70%,0-35,N,0,120
BBB_2013B_411197,411197,BBB,2013B,F,B,Fail,0,0,0,Yorkshire Region,A Level or Equivalent,70-80%,35-55,N,2,60
BBB_2013J_584676,584676,BBB,2013J,F,B,Withdrawn,0,0,0,South Region,A Level or Equivalent,30-40%,0-35,N,0,120
BBB_2013B_291701,291701,BBB,2013B,F,B,Withdrawn,0,0,0,South West Region,Lower Than A Level,0-10%,0-35,N,0,150
BBB_2013B_496243,496243,BBB,2013B,F,B,Fail,0,0,0,Scotland,A Level or Equivalent,40-50%,0-35,N,1,180
BBB_2014B_564906,564906,BBB,2014B,M,A,Pass,1,1,0,North Western Region,Lower Than A Level,0-10%,35-55,N,0,120
BBB_2013J_420163,420163,BBB,2013J,F,B,Pass,1,1,0,South West Region,HE Qualification,40-50%,35-55,N,0,120
BBB_2013B_551576,551576,BBB,2013B,F,B,Distinction,1,1,0,East Anglian Region,Lower Than A Level,80-90%,35-55,N,0,60
BBB_2013J_495035,495035,BBB,2013J,F,B,Pass,1,1,0,South Region,A Level or Equivalent,70-80%,0-35,Y,0,60
BBB_2014B_570031,570031,BBB,2014B,F,B,Pass,1,1,0,North Western Region,Lower Than A Level,20-30%,0-35,N,0,60
BBB_2014J_691353,691353,BBB,2014J,F,B,Withdrawn,0,0,0,Ireland,Lower Than A Level,20-30%,0-35,N,0,60
BBB_2013J_609815,609815,BBB,2013J,F,B,Pass,1,1,0,Scotland,HE Qualification,80-90%,0-35,N,0,60
BBB_2013J_2349825,2349825,BBB,2013J,F,B,Withdrawn,0,0,0,East Anglian Region,A Level or Equivalent,40-50%,0-35,N,0,220
BBB_2014B_342017,342017,BBB,2014B,F,B,Fail,0,0,0,West Midlands Region,Lower Than A Level,0-10%,0-35,N,1,60
BBB_2013J_608026,608026,BBB,2013J,F,B,Withdrawn,0,0,0,West Midlands Region,Lower Than A Level,40-50%,35-55,N,0,120
BBB_2014B_509696,509696,BBB,2014B,F,B,Pass,1,1,0,East Anglian Region,A Level or Equivalent,90-100%,0-35,N,1,60
BBB_2014B_400729,400729,BBB,2014B,F,B,Withdrawn,0,0,0,East Anglian Region,HE Qualification,90-100%,35-55,N,0,60
BBB_2013J_498892,498892,BBB,2013J,M,A,Fail,0,0,0,Scotland,Lower Than A Level,20-30%,35-55,N,0,60
BBB_2014J_692629,692629,BBB,2014J,M,A,Withdrawn,0,0,0,East Midlands Region,Lower Than A Level,80-90%,0-35,N,0,60
BBB_2013J_520286,520286,BBB,2013J,F,B,Distinction,1,1,0,Wales,Lower Than A Level,60-70%,35-55,N,0,60
BBB_2013J_512940,512940,BBB,2013J,F,B,Pass,1,1,0,Wales,Lower Than A Level,30-40%,0-35,N,0,60
BBB_2014J_2169127,2169127,BBB,2014J,F,B,Withdrawn,0,0,0,South West Region,A Level or Equivalent,0-10%,0-35,N,0,60
BBB_2014J_387276,387276,BBB,2014J,F,B,Withdrawn,0,0,0,North Western Region,Lower Than A Level,50-60%,35-55,N,4,60
BBB_2014J_506219,506219,BBB,2014J,F,B,Pass,1,1,0,West Midlands Region,A Level or Equivalent,40-50%,35-55,N,0,120
BBB_2014B_283564,283564,BBB,2014B,F,B,Fail,0,0,0,East Anglian Region,Lower Than A Level,10-20,0-35,N,0,60
BBB_2014B_601616,601616,BBB,2014B,F,B,Pass,1,1,0,West Midlands Region,A Level or Equivalent,0-10%,0-35,N,0,90
BBB_2013B_557057,557057,BBB,2013B,M,A,Pass,1,1,0,South West Region,Lower Than A Level,40-50%,35-55,N,0,60
BBB_2013J_613176,613176,BBB,2013J,F,B,Withdrawn,0,0,0,Ireland,A Level or Equivalent,50-60%,35-55,N,0,60
BBB_2014J_695001,695001,BBB,2014J,M,A,Pass,1,1,0,Ireland,Lower Than A Level,40-50%,0-35,N,0,60
BBB_2013B_548990,548990,BBB,2013B,F,B,Withdrawn,0,0,0,East Anglian Region,A Level or Equivalent,70-80%,0-35,N,0,90
BBB_2013J_613171,613171,BBB,2013J,F,B,Pass,1,1,0,Scotland,Lower Than A Level,30-40%,35-55,N,0,60
BBB_2013J_572277,572277,BBB,2013J,M,A,Fail,0,0,0,Scotland,A Level or Equivalent,30-40%,0-35,N,0,60
BBB_2013B_548954,548954,BBB,2013B,F,B,Pass,1,1,0,East Anglian Region,A Level or Equivalent,70-80%,0-35,N,0,60
BBB_2014B_628327,628327,BBB,2014B,F,B,Withdrawn,0,0,0,East Anglian Region,A Level or Equivalent,70-80%,0-35,N,0,60
BBB_2014B_537373,537373,BBB,2014B,F,B,Pass,1,1,0,Yorkshire Region,Lower Than A Level,0-10%,35-55,N,0,60
BBB_2013B_531634,531634,BBB,2013B,F,B,Fail,0,0,0,North Region,HE Qualification,10-20,0-35,N,0,120
BBB_2013J_601499,601499,BBB,2013J,F,B,Pass,1,1,0,Ireland,Lower Than A Level,20-30%,35-55,N,0,60
BBB_2014J_693116,693116,BBB,2014J,M,A,Withdrawn,0,0,0,East Anglian Region,Lower Than A Level,70-80%,0-35,N,0,120
BBB_2014J_616660,616660,BBB,2014J,F,B,Pass,1,1,0,Scotland,HE Qualification,60-70%,35-55,N,0,60
BBB_2013B_531689,531689,BBB,2013B,F,B,Withdrawn,0,0,0,Yorkshire Region,HE Qualification,60-70%,0-35,N,0,60
BBB_2013J_598252,598252,BBB,2013J,F,B,Pass,1,1,0,Ireland,Lower Than A Level,0-10%,0-35,N,0,120
BBB_2013J_507389,507389,BBB,2013J,F,B,Fail,0,0,0,Wales,Lower Than A Level,20-30%,35-55,N,0,60
BBB_2014J_581866,581866,BBB,2014J,F,B,Pass,1,1,0,Scotland,HE Qualification,80-90%,0-35,N,0,60
BBB_2013J_1440341,1440341,BBB,2013J,M,A,Pass,1,1,0,Wales,Lower Than A Level,90-100%,35-55,N,0,60
BBB_2014J_697909,697909,BBB,2014J,F,B,Withdrawn,0,0,0,South Region,Lower Than A Level,70-80%,0-35,N,0,60
BBB_2013B_516529,516529,BBB,2013B,F,B,Distinction,1,1,0,Wales,HE Qualification,70-80%,35-55,N,0,60
BBB_2013B_550209,550209,BBB,2013B,F,B,Pass,1,1,0,North Western Region,A Level or Equivalent,70-80%,0-35,N,0,60
BBB_2013J_610776,610776,BBB,2013J,F,B,Fail,0,0,0,Wales,A Level or Equivalent,0-10%,0-35,N,0,60
BBB_2014J_686074,686074,BBB,2014J,F,B,Pass,1,1,0,Scotland,Lower Than A Level,60-70%,0-35,N,0,120
BBB_2013J_429610,429610,BBB,2013J,F,B,Distinction,1,1,0,East Anglian Region,Lower Than A Level,50-60%,35-55,N,0,60
BBB_2014B_2291760,2291760,BBB,2014B,F,B,Pass,1,1,0,London Region,A Level or Equivalent,20-30%,35-55,N,0,60
BBB_2014J_678038,678038,BBB,2014J,F,B,Pass,1,1,0,East Anglian Region,A Level or Equivalent,80-90%,0-35,N,0,60
BBB_2013J_1105438,1105438,BBB,2013J,F,B,Pass,1,1,0,East Midlands Region,A Level or Equivalent,40-50%,35-55,N,0,60
BBB_2014B_627179,627179,BBB,2014B,M,A,Fail,0,0,0,London Region,Lower Than A Level,10-20,35-55,N,0,60
BBB_2014B_598918,598918,BBB,2014B,M,A,Distinction,1,1,0,Ireland,A Level or Equivalent,40-50%,0-35,N,0,60
BBB_2013J_378721,378721,BBB,2013J,F,B,Withdrawn,0,0,0,Wales,Lower Than A Level,10-20,35-55,N,1,60
BBB_2014J_656557,656557,BBB,2014J,F,B,Pass,1,1,0,South East Region,Lower Than A Level,60-70%,35-55,N,0,60
BBB_2013J_554314,554314,BBB,2013J,F,B,Fail,0,0,0,South Region,HE Qualification,70-80%,35-55,N,0,120
BBB_2013B_549512,549512,BBB,2013B,F,B,Withdrawn,0,0,0,North Western Region,Lower Than A Level,60-70%,35-55,N,0,150
BBB_2013B_553125,553125,BBB,2013B,F,B,Distinction,1,1,0,South East Region,A Level or Equivalent,30-40%,35-55,Y,0,120
BBB_2014B_500395,500395,BBB,2014B,F,B,Withdrawn,0,0,0,East Midlands Region,Lower Than A Level,10-20,35-55,N,0,60
BBB_2014B_628982,628982,BBB,2014B,F,B,Fail,0,0,0,Wales,HE Qualification,0-10%,0-35,N,0,60
BBB_2013B_537558,537558,BBB,2013B,F,B,Distinction,1,1,0,South Region,HE Qualification,90-100%,0-35,N,0,120
BBB_2014B_613355,613355,BBB,2014B,M,A,Pass,1,1,0,Wales,A Level or Equivalent,60-70%,35-55,N,0,60
BBB_2013B_437967,437967,BBB,2013B,F,B,Pass,1,1,0,Yorkshire Region,Lower Than A Level,10-20,0-35,N,1,60
BBB_2013J_576046,576046,BBB,2013J,F,B,Withdrawn,0,0,0,Yorkshire Region,A Level or Equivalent,40-50%,0-35,N,0,120
BBB_2013J_613164,613164,BBB,2013J,F,B,Distinction,1,1,0,Ireland,A Level or Equivalent,40-50%,35-55,N,0,60
BBB_2013B_532584,532584,BBB,2013B,F,B,Fail,0,0,0,West Midlands Region,Lower Than A Level,0-10%,0-35,N,0,60
BBB_2013B_547697,547697,BBB,2013B,F,B,Pass,1,1,0,East Anglian Region,A Level or Equivalent,70-80%,0-35,N,0,60
BBB_2013J_373807,373807,BBB,2013J,F,B,Fail,0,0,0,East Anglian Region,Lower Than A Level,20-30%,0-35,N,1,60
BBB_2014J_648754,648754,BBB,2014J,F,B,Withdrawn,0,0,0,East Anglian Region,A Level or Equivalent,70-80%,0-35,N,0,120
BBB_2013B_438379,438379,BBB,2013B,F,B,Withdrawn,0,0,0,Ireland,Lower Than A Level,,35-55,N,2,210
BBB_2013B_543864,543864,BBB,2013B,F,B,Fail,0,0,0,Scotland,Lower Than A Level,10-20,0-35,N,0,60
BBB_2014J_689113,689113,BBB,2014J,F,B,Pass,1,1,0,Ireland,Lower Than A Level,50-60%,35-55,N,0,60
BBB_2013B_537473,537473,BBB,2013B,F,B,Pass,1,1,0,South Region,A Level or Equivalent,70-80%,0-35,N,0,60
BBB_2014B_614728,614728,BBB,2014B,F,B,Pass,1,1,0,South Region,A Level or Equivalent,40-50%,0-35,N,0,60
BBB_2014J_626139,626139,BBB,2014J,F,B,Pass,1,1,0,South Region,A Level or Equivalent,10-20,0-35,N,0,60
BBB_2014J_648247,648247,BBB,2014J,F,B,Withdrawn,0,0,0,East Anglian Region,Lower Than A Level,30-40%,0-35,N,0,120
BBB_2014J_589133,589133,BBB,2014J,F,B,Pass,1,1,0,South Region,Lower Than A Level,90-100%,0-35,N,0,60
BBB_2013J_248716,248716,BBB,2013J,F,B,Pass,1,1,0,North Region,HE Qualification,80-90%,35-55,N,0,60
BBB_2014J_573159,573159,BBB,2014J,F,B,Fail,0,0,0,West Midlands Region,A Level or Equivalent,,0-35,N,1,120
BBB_2014J_691413,691413,BBB,2014J,F,B,Distinction,1,1,0,Wales,HE Qualification,60-70%,0-35,N,0,60
BBB_2014J_349924,349924,BBB,2014J,F,B,Withdrawn,0,0,0,North Region,Lower Than A Level,0-10%,0-35,N,1,60
BBB_2013J_602598,602598,BBB,2013J,F,B,Fail,0,0,0,East Anglian Region,Lower Than A Level,50-60%,0-35,N,0,120
BBB_2014B_626840,626840,BBB,2014B,F,B,Withdrawn,0,0,0,Scotland,Lower Than A Level,60-70%,35-55,N,0,60
BBB_2013B_557060,557060,BBB,2013B,F,B,Pass,1,1,0,South West Region,HE Qualification,20-30%,35-55,N,0,60
BBB_2014J_308775,308775,BBB,2014J,F,B,Distinction,1,1,0,North Region,A Level or Equivalent,10-20,35-55,N,0,120
BBB_2013J_474071,474071,BBB,2013J,M,A,Fail,0,0,0,East Anglian Region,Lower Than A Level,90-100%,0-35,Y,1,60
BBB_2014B_627427,627427,BBB,2014B,F,B,Withdrawn,0,0,0,East Midlands Region,Lower Than A Level,20-30%,0-35,N,0,60
BBB_2013J_524496,524496,BBB,2013J,F,B,Fail,0,0,0,West Midlands Region,A Level or Equivalent,0-10%,35-55,N,1,60
BBB_2014J_651678,651678,BBB,2014J,F,B,Pass,1,1,0,Ireland,A Level or Equivalent,10-20,0-35,N,0,120
BBB_2013B_549278,549278,BBB,2013B,F,B,Fail,0,0,0,North Western Region,A Level or Equivalent,0-10%,0-35,N,0,60
BBB_2013B_508452,508452,BBB,2013B,F,B,Pass,1,1,0,East Anglian Region,HE Qualification,30-40%,35-55,N,0,150
BBB_2013J_576983,576983,BBB,2013J,F,B,Withdrawn,0,0,0,Wales,Lower Than A Level,90-100%,0-35,N,0,60
BBB_2014J_372602,372602,BBB,2014J,F,B,Distinction,1,1,0,South Region,A Level or Equivalent,90-100%,0-35,N,0,120
BBB_2013B_542562,542562,BBB,2013B,F,B,Withdrawn,0,0,0,South East Region,A Level or Equivalent,60-70%,0-35,Y,0,150
BBB_2013J_559584,559584,BBB,2013J,F,B,Pass,1,1,0,West Midlands Region,A Level or Equivalent,80-90%,35-55,N,0,60
BBB_2014B_618981,618981,BBB,2014B,F,B,Pass,1,1,0,Scotland,Lower Than A Level,50-60%,0-35,N,0,60
BBB_2013J_602009,602009,BBB,2013J,F,B,Pass,1,1,0,Wales,HE Qualification,50-60%,0-35,N,0,60
BBB_2013J_404269,404269,BBB,2013J,F,B,Pass,1,1,0,South West Region,A Level or Equivalent,40-50%,0-35,N,1,60
BBB_2013J_1521687,1521687,BBB,2013J,F,B,Fail,0,0,0,South Region,HE Qualification,70-80%,35-55,N,0,120
BBB_2013B_2415962,2415962,BBB,2013B,M,A,Withdrawn,0,0,0,Scotland,A Level or Equivalent,0-10%,35-55,Y,0,120
BBB_2014B_635011,635011,BBB,2014B,M,A,Pass,1,1,0,Wales,A Level or Equivalent,90-100%,0-35,N,0,60
BBB_2014B_618710,618710,BBB,2014B,F,B,Withdrawn,0,0,0,North Western Region,A Level or Equivalent,0-10%,0-35,N,0,120
BBB_2013J_574125,574125,BBB,2013J,F,B,Pass,1,1,0,South Region,A Level or Equivalent,10-20,0-35,N,0,120
BBB_2014J_697653,697653,BBB,2014J,F,B,Withdrawn,0,0,0,Scotland,A Level or Equivalent,50-60%,0-35,N,0,120
BBB_2013J_609873,609873,BBB,2013J,F,B,Withdrawn,0,0,0,Scotland,HE Qualification,30-40%,0-35,N,0,120
BBB_2013J_574320,574320,BBB,2013J,M,A,Distinction,1,1,0,Scotland,A Level or Equivalent,70-80%,35-55,N,0,60
BBB_2013J_594776,594776,BBB,2013J,M,A,Pass,1,1,0,South Region,A Level or Equivalent,80-90%,0-35,N,0,60
BBB_2013J_604919,604919,BBB,2013J,F,B,Pass,1,1,0,South Region,A Level or Equivalent,80-90%,0-35,N,0,60
BBB_2014B_553733,553733,BBB,2014B,F,B,Fail,0,0,0,London Region,A Level or Equivalent,0-10%,0-35,N,0,60
BBB_2013J_549745,549745,BBB,2013J,F,B,Withdrawn,0,0,0,North Western Region,A Level or Equivalent,70-80%,0-35,N,0,120
BBB_2014J_435287,435287,BBB,2014J,F,B,Fail,0,0,0,Wales,Lower Than A Level,0-10%,35-55,N,0,195
BBB_2014J_643587,643587,BBB,2014J,F,B,Pass,1,1,0,Wales,Lower Than A Level,10-20,0-35,N,0,60
BBB_2013B_554068,554068,BBB,2013B,F,B,Fail,0,0,0,East Anglian Region,HE Qualification,80-90%,35-55,N,0,60
BBB_2013B_203652,203652,BBB,2013B,F,B,Fail,0,0,0,East Anglian Region,A Level or Equivalent,20-30%,0-35,Y,0,180
BBB_2014J_685900,685900,BBB,2014J,M,A,Fail,0,0,0,Scotland,Lower Than A Level,70-80%,0-35,N,0,60
BBB_2013J_478718,478718,BBB,2013J,F,B,Fail,0,0,0,East Anglian Region,Lower Than A Level,30-40%,0-35,N,1,60
BBB_2013B_550777,550777,BBB,2013B,M,A,Withdrawn,0,0,0,East Midlands Region,A Level or Equivalent,90-100%,35-55,N,0,90
BBB_2014J_633206,633206,BBB,2014J,F,B,Fail,0,0,0,London Region,Lower Than A Level,10-20,0-35,N,0,60
BBB_2014B_620389,620389,BBB,2014B,F,B,Withdrawn,0,0,0,London Region,A Level or Equivalent,90-100%,0-35,N,0,120
BBB_2014J_507783,507783,BBB,2014J,F,B,Pass,1,1,0,Wales,HE Qualification,40-50%,0-35,N,0,60
BBB_2014B_562438,562438,BBB,2014B,F,B,Withdrawn,0,0,0,East Midlands Region,A Level or Equivalent,20-30%,35-55,N,0,60
BBB_2013B_548831,548831,BBB,2013B,F,B,Withdrawn,0,0,0,North Western Region,A Level or Equivalent,30-40%,0-35,N,0,60
BBB_2013B_62631,62631,BBB,2013B,F,B,Fail,0,0,0,North Western Region,A Level or Equivalent,20-30%,0-35,N,0,60
BBB_2013J_612217,612217,BBB,2013J,F,B,Pass,1,1,0,Yorkshire Region,Lower Than A Level,70-80%,35-55,N,0,180
BBB_2013B_133155,133155,BBB,2013B,F,B,Pass,1,1,0,Yorkshire Region,HE Qualification,50-60%,35-55,N,0,60
BBB_2014B_624567,624567,BBB,2014B,F,B,Fail,0,0,0,Ireland,A Level or Equivalent,20-30%,0-35,N,0,60
BBB_2013J_582123,582123,BBB,2013J,F,B,Pass,1,1,0,South West Region,A Level or Equivalent,80-90%,0-35,N,0,60
BBB_2013J_414028,414028,BBB,2013J,F,B,Distinction,1,1,0,Scotland,A Level or Equivalent,70-80%,35-55,N,0,60
BBB_2014B_628616,628616,BBB,2014B,F,B,Distinction,1,1,0,East Midlands Region,A Level or Equivalent,40-50%,35-55,N,0,60
BBB_2013B_499118,499118,BBB,2013B,F,B,Pass,1,1,0,Wales,A Level or Equivalent,80-90%,35-55,N,1,120
BBB_2014J_696481,696481,BBB,2014J,F,B,Withdrawn,0,0,0,West Midlands Region,A Level or Equivalent,0-10%,35-55,N,0,60
BBB_2014J_603121,603121,BBB,2014J,F,B,Fail,0,0,0,Ireland,Lower Than A Level,0-10%,35-55,N,0,60
BBB_2013J_2075158,2075158,BBB,2013J,M,A,Withdrawn,0,0,0,South Region,A Level or Equivalent,80-90%,35-55,N,0,60
BBB_2013J_590713,590713,BBB,2013J,F,B,Withdrawn,0,0,0,East Midlands Region,Lower Than A Level,70-80%,0-35,N,0,60
BBB_2014B_92341,92341,BBB,2014B,F,B,Fail,0,0,0,North Western Region,Lower Than A Level,40-50%,0-35,N,2,60
BBB_2013J_591420,591420,BBB,2013J,F,B,Pass,1,1,0,Ireland,A Level or Equivalent,80-90%,0-35,N,0,60
BBB_2014J_622007,622007,BBB,2014J,F,B,Fail,0,0,0,East Anglian Region,A Level or Equivalent,40-50%,0-35,N,0,60
BBB_2013J_579486,579486,BBB,2013J,M,A,Withdrawn,0,0,0,East Anglian Region,Lower Than A Level,20-30%,35-55,N,0,60
BBB_2013B_326012,326012,BBB,2013B,F,B,Fail,0,0,0,London Region,A Level or Equivalent,0-10%,0-35,N,0,90
BBB_2014J_674784,674784,BBB,2014J,F,B,Pass,1,1,0,South West Region,HE Qualification,40-50%,0-35,N,0,120
BBB_2013B_555627,555627,BBB,2013B,M,A,Fail,0,0,0,Wales,Lower Than A Level,60-70%,0-35,N,0,60
BBB_2013J_574708,574708,BBB,2013J,M,A,Fail,0,0,0,Wales,Lower Than A Level,0-10%,0-35,Y,0,60
BBB_2013J_579259,579259,BBB,2013J,F,B,Withdrawn,0,0,0,London Region,Lower Than A Level,10-20,0-35,N,0,120
BBB_2013B_543630,543630,BBB,2013B,F,B,Fail,0,0,0,North Region,A Level or Equivalent,20-30%,0-35,N,0,60
BBB_2014J_252863,252863,BBB,2014J,M,A,Pass,1,1,0,East Midlands Region,Lower Than A Level,40-50%,35-55,N,0,60
BBB_2013J_1695710,1695710,BBB,2013J,F,B,Pass,1,1,0,East Anglian Region,A Level or Equivalent,90-100%,35-55,N,0,120
BBB_2014J_505595,505595,BBB,2014J,F,B,Withdrawn,0,0,0,London Region,Lower Than A Level,10-20,0-35,Y,3,60
BBB_2013B_352161,352161,BBB,2013B,F,B,Withdrawn,0,0,0,Ireland,Lower Than A Level,20-30%,0-35,N,1,195
BBB_2014J_682316,682316,BBB,2014J,M,A,Pass,1,1,0,South West Region,Lower Than A Level,50-60%,35-55,N,0,60
BBB_2013B_528161,528161,BBB,2013B,F,B,Pass,1,1,0,Wales,A Level or Equivalent,30-40%,0-35,N,0,60
BBB_2014J_507386,507386,BBB,2014J,F,B,Fail,0,0,0,Yorkshire Region,Lower Than A Level,50-60%,35-55,N,0,60
BBB_2014B_231959,231959,BBB,2014B,F,B,Fail,0,0,0,North Region,Lower Than A Level,20-30%,35-55,N,2,180
BBB_2013B_555102,555102,BBB,2013B,M,A,Pass,1,1,0,South Region,Lower Than A Level,80-90%,0-35,N,0,60
BBB_2014B_495324,495324,BBB,2014B,F,B,Withdrawn,0,0,0,East Anglian Region,A Level or Equivalent,10-20,35-55,N,2,60
BBB_2013J_488908,488908,BBB,2013J,F,B,Withdrawn,0,0,0,Scotland,A Level or Equivalent,90-100%,0-35,Y,1,120
BBB_2013B_493451,493451,BBB,2013B,F,B,Fail,0,0,0,West Midlands Region,A Level or Equivalent,50-60%,0-35,N,0,60
BBB_2013J_583039,583039,BBB,2013J,F,B,Pass,1,1,0,East Midlands Region,A Level or Equivalent,40-50%,0-35,N,0,60
BBB_2013J_576981,576981,BBB,2013J,F,B,Pass,1,1,0,North Region,A Level or Equivalent,0-10%,0-35,N,0,60
BBB_2014B_466856,466856,BBB,2014B,F,B,Distinction,1,1,0,South West Region,A Level or Equivalent,20-30%,0-35,N,0,180
BBB_2014J_160026,160026,BBB,2014J,F,B,Pass,1,1,0,West Midlands Region,A Level or Equivalent,20-30%,0-35,N,2,60
BBB_2014J_582709,582709,BBB,2014J,F,B,Pass,1,1,0,East Anglian Region,Lower Than A Level,60-70%,35-55,N,0,60
BBB_2013B_2308528,2308528,BBB,2013B,M,A,Pass,1,1,0,Scotland,A Level or Equivalent,10-20,0-35,N,0,60
BBB_2013J_551515,551515,BBB,2013J,F,B,Withdrawn,0,0,0,Scotland,Lower Than A Level,10-20,0-35,N,0,180
BBB_2014J_549839,549839,BBB,2014J,F,B,Withdrawn,0,0,0,London Region,A Level or Equivalent,80-90%,0-35,N,0,180
BBB_2013B_441000,441000,BBB,2013B,F,B,Fail,0,0,0,Wales,Lower Than A Level,10-20,0-35,N,0,60
BBB_2014B_334023,334023,BBB,2014B,F,B,Pass,1,1,0,South Region,A Level or Equivalent,70-80%,0-35,N,0,60
BBB_2013J_567979,567979,BBB,2013J,F,B,Pass,1,1,0,Scotland,A Level or Equivalent,10-20,0-35,N,0,60
BBB_2014J_2459279,2459279,BBB,2014J,F,B,Fail,0,0,0,South East Region,A Level or Equivalent,60-70%,35-55,N,0,120
BBB_2013J_567013,567013,BBB,2013J,M,A,Fail,0,0,0,East Anglian Region,Lower Than A Level,30-40%,35-55,Y,0,60
BBB_2013J_2029037,2029037,BBB,2013J,F,B,Pass,1,1,0,West Midlands Region,Lower Than A Level,0-10%,35-55,N,0,60
BBB_2013B_479171,479171,BBB,2013B,F,B,Pass,1,1,0,South East Region,Lower Than A Level,60-70%,0-35,N,0,60
BBB_2013J_611315,611315,BBB,2013J,F,B,Distinction,1,1,0,East Midlands Region,A Level or Equivalent,80-90%,35-55,N,0,60
BBB_2013J_593299,593299,BBB,2013J,M,A,Fail,0,0,0,Wales,Lower Than A Level,20-30%,35-55,N,0,60
BBB_2014B_548296,548296,BBB,2014B,F,B,Fail,0,0,0,South Region,A Level or Equivalent,10-20,0-35,N,1,60
BBB_2014J_499790,499790,BBB,2014J,F,B,Pass,1,1,0,London Region,A Level or Equivalent,20-30%,35-55,Y,0,60
BBB_2014J_496381,496381,BBB,2014J,M,A,Pass,1,1,0,North Region,A Level or Equivalent,40-50%,0-35,N,0,60
BBB_2013J_605494,605494,BBB,2013J,F,B,Fail,0,0,0,North Region,Lower Than A Level,30-40%,0-35,N,0,120
BBB_2014J_697148,697148,BBB,2014J,F,B,Withdrawn,0,0,0,Wales,A Level or Equivalent,60-70%,35-55,N,0,60
BBB_2014J_688263,688263,BBB,2014J,F,B,Fail,0,0,0,East Anglian Region,Lower Than A Level,30-40%,35-55,N,0,60
BBB_2014J_297179,297179,BBB,2014J,F,B,Pass,1,1,0,North Region,Lower Than A Level,50-60%,35-55,N,1,60
BBB_2014B_97865,97865,BBB,2014B,F,B,Withdrawn,0,0,0,Yorkshire Region,Lower Than A Level,20-30%,0-35,N,3,60
BBB_2014B_624734,624734,BBB,2014B,F,B,Withdrawn,0,0,0,East Anglian Region,A Level or Equivalent,60-70%,0-35,N,0,60
BBB_2013J_475594,475594,BBB,2013J,F,B,Fail,0,0,0,East Midlands Region,A Level or Equivalent,80-90%,0-35,Y,0,210
BBB_2013J_583873,583873,BBB,2013J,M,A,Pass,1,1,0,North Western Region,Lower Than A Level,50-60%,35-55,N,0,180
BBB_2014J_617521,617521,BBB,2014J,F,B,Pass,1,1,0,East Anglian Region,A Level or Equivalent,40-50%,0-35,N,0,60
BBB_2014B_88340,88340,BBB,2014B,F,B,Withdrawn,0,0,0,Wales,Lower Than A Level,30-40%,0-35,Y,0,60
BBB_2013B_536189,536189,BBB,2013B,F,B,Pass,1,1,0,Yorkshire Region,A Level or Equivalent,20-30%,0-35,N,0,120
BBB_2013J_599016,599016,BBB,2013J,F,B,Pass,1,1,0,London Region,A Level or Equivalent,20-30%,0-35,Y,0,60
BBB_2013J_525885,525885,BBB,2013J,F,B,Fail,0,0,0,South East Region,HE Qualification,40-50%,0-35,N,1,60
BBB_2014J_693744,693744,BBB,2014J,F,B,Withdrawn,0,0,0,London Region,No Formal quals,20-30%,0-35,N,0,60
BBB_2013B_541764,541764,BBB,2013B,F,B,Pass,1,1,0,North Region,A Level or Equivalent,30-40%,0-35,N,0,60
BBB_2013J_500135,500135,BBB,2013J,F,B,Fail,0,0,0,East Anglian Region,A Level or Equivalent,70-80%,0-35,Y,1,60
BBB_2013B_2269480,2269480,BBB,2013B,F,B,Distinction,1,1,0,East Anglian Region,A Level or Equivalent,50-60%,0-35,N,0,60
BBB_2014B_603739,603739,BBB,2014B,F,B,Withdrawn,0,0,0,South West Region,Lower Than A Level,20-30%,0-35,N,0,60
BBB_2014J_630274,630274,BBB,2014J,M,A,Fail,0,0,0,North Western Region,HE Qualification,0-10%,0-35,N,1,60
BBB_2014J_653027,653027,BBB,2014J,F,B,Fail,0,0,0,London Region,Lower Than A Level,0-10%,0-35,Y,0,60
BBB_2014J_342192,342192,BBB,2014J,F,B,Pass,1,1,0,East Anglian Region,A Level or Equivalent,90-100%,0-35,Y,0,90
BBB_2013B_2280038,2280038,BBB,2013B,M,A,Fail,0,0,0,Yorkshire Region,Lower Than A Level,50-60%,0-35,N,2,60
BBB_2014B_552896,552896,BBB,2014B,F,B,Withdrawn,0,0,0,Scotland,HE Qualification,30-40%,0-35,N,0,90
BBB_2014B_435057,435057,BBB,2014B,F,B,Fail,0,0,0,West Midlands Region,Lower Than A Level,0-10%,0-35,N,0,120
BBB_2014B_593465,593465,BBB,2014B,F,B,Withdrawn,0,0,0,Yorkshire Region,A Level or Equivalent,60-70%,0-35,N,0,60
BBB_2014J_656187,656187,BBB,2014J,M,A,Pass,1,1,0,Ireland,A Level or Equivalent,20-30%,0-35,N,0,60
BBB_2013B_561716,561716,BBB,2013B,F,B,Pass,1,1,0,Wales,Lower Than A Level,80-90%,0-35,N,0,60
BBB_2013J_608497,608497,BBB,2013J,F,B,Withdrawn,0,0,0,South East Region,Lower Than A Level,30-40%,0-35,N,0,60
BBB_2014B_630476,630476,BBB,2014B,F,B,Withdrawn,0,0,0,North Western Region,Lower Than A Level,0-10%,35-55,Y,0,60
BBB_2013J_573223,573223,BBB,2013J,M,A,Fail,0,0,0,South West Region,A Level or Equivalent,20-30%,35-55,N,0,60
BBB_2014B_568968,568968,BBB,2014B,F,B,Pass,1,1,0,South Region,Lower Than A Level,80-90%,0-35,N,0,60
BBB_2014B_2308564,2308564,BBB,2014B,F,B,Pass,1,1,0,Ireland,A Level or Equivalent,50-60%,0-35,N,0,60
BBB_2013J_501053,501053,BBB,2013J,F,B,Fail,0,0,0,South East Region,Lower Than A Level,20-30%,0-35,N,1,120
BBB_2014B_483031,483031,BBB,2014B,F,B,Distinction,1,1,0,North Western Region,A Level or Equivalent,20-30%,0-35,N,0,120
BBB_2014J_651979,651979,BBB,2014J,F,B,Pass,1,1,0,North Western Region,A Level or Equivalent,10-20,0-35,N,0,60
BBB_2013B_548642,548642,BBB,2013B,F,B,Withdrawn,0,0,0,West Midlands Region,A Level or Equivalent,0-10%,0-35,N,0,60
BBB_2013J_541702,541702,BBB,2013J,F,B,Distinction,1,1,0,East Anglian Region,A Level or Equivalent,90-100%,0-35,N,0,120
BBB_2013B_537414,537414,BBB,2013B,F,B,Pass,1,1,0,South West Region,A Level or Equivalent,70-80%,0-35,N,0,120
BBB_2014J_689287,689287,BBB,2014J,F,B,Distinction,1,1,0,West Midlands Region,A Level or Equivalent,20-30%,0-35,N,0,60
BBB_2013J_586416,586416,BBB,2013J,F,B,Pass,1,1,0,Ireland,HE Qualification,50-60%,0-35,N,0,60
BBB_2014B_620283,620283,BBB,2014B,F,B,Fail,0,0,0,Ireland,Lower Than A Level,30-40%,0-35,N,0,60
BBB_2014B_629044,629044,BBB,2014B,F,B,Fail,0,0,0,London Region,A Level or Equivalent,20-30%,0-35,N,0,60
BBB_2014J_630343,630343,BBB,2014J,F,B,Withdrawn,0,0,0,Yorkshire Region,Lower Than A Level,0-10%,0-35,N,1,120
BBB_2013B_374234,374234,BBB,2013B,F,B,Pass,1,1,0,South Region,HE Qualification,80-90%,35-55,N,1,120
BBB_2013J_585779,585779,BBB,2013J,F,B,Pass,1,1,0,East Midlands Region,Lower Than A Level,30-40%,0-35,N,0,60
BBB_2014J_195940,195940,BBB,2014J,F,B,Pass,1,1,0,Wales,Lower Than A Level,20-30%,0-35,N,0,60
BBB_2013B_553502,553502,BBB,2013B,F,B,Pass,1,1,0,West Midlands Region,Lower Than A Level,10-20,35-55,N,0,60
BBB_2014B_633935,633935,BBB,2014B,F,B,Pass,1,1,0,Ireland,Lower Than A Level,,35-55,N,0,60
BBB_2013B_2384819,2384819,BBB,2013B,F,B,Distinction,1,1,0,Scotland,HE Qualification,0-10%,35-55,N,0,120
BBB_2014B_582496,582496,BBB,2014B,F,B,Withdrawn,0,0,0,West Midlands Region,Lower Than A Level,0-10%,0-35,N,0,120
BBB_2014B_613983,613983,BBB,2014B,F,B,Withdrawn,0,0,0,North Western Region,A Level or Equivalent,0-10%,0-35,N,0,60
BBB_2014B_631563,631563,BBB,2014B,F,B,Fail,0,0,0,East Midlands Region,A Level or Equivalent,90-100%,0-35,Y,0,120
BBB_2013J_578109,578109,BBB,2013J,F,B,Distinction,1,1,0,Scotland,A Level or Equivalent,10-20,0-35,N,0,60
BBB_2013J_523885,523885,BBB,2013J,F,B,Withdrawn,0,0,0,Scotland,A Level or Equivalent,10-20,0-35,N,0,60
BBB_2013B_466037,466037,BBB,2013B,F,B,Fail,0,0,0,West Midlands Region,Lower Than A Level,0-10%,0-35,N,1,120
BBB_2014B_627285,627285,BBB,2014B,F,B,Pass,1,1,0,Scotland,A Level or Equivalent,20-30%,0-35,N,0,60
BBB_2013B_518876,518876,BBB,2013B,F,B,Pass,1,1,0,Wales,Lower Than A Level,50-60%,0-35,N,0,150
BBB_2013J_445351,445351,BBB,2013J,F,B,Withdrawn,0,0,0,South West Region,Lower Than A Level,60-70%,0-35,N,0,120
BBB_2013J_541171,541171,BBB,2013J,F,B,Withdrawn,0,0,0,Wales,A Level or Equivalent,60-70%,0-35,N,0,120
BBB_2014B_605771,605771,BBB,2014B,F,B,Withdrawn,0,0,0,West Midlands Region,A Level or Equivalent,40-50%,0-35,Y,0,120
BBB_2014J_606535,606535,BBB,2014J,M,A,Pass,1,1,0,West Midlands Region,Lower Than A Level,0-10%,35-55,N,0,60
BBB_2014J_691869,691869,BBB,2014J,F,B,Pass,1,1,0,North Region,Lower Than A Level,10-20,0-35,N,0,60
BBB_2013J_592972,592972,BBB,2013J,F,B,Withdrawn,0,0,0,South East Region,Lower Than A Level,50-60%,0-35,N,0,120
BBB_2013B_546909,546909,BBB,2013B,F,B,Fail,0,0,0,London Region,Lower Than A Level,10-20,35-55,Y,0,60
BBB_2013B_484885,484885,BBB,2013B,F,B,Fail,0,0,0,North Region,Lower Than A Level,50-60%,35-55,N,1,180
BBB_2014B_2087747,2087747,BBB,2014B,F,B,Pass,1,1,0,Scotland,Lower Than A Level,0-10%,35-55,Y,0,60
BBB_2014J_2115250,2115250,BBB,2014J,F,B,Distinction,1,1,0,North Western Region,Lower Than A Level,80-90%,35-55,N,0,60
BBB_2014J_611275,611275,BBB,2014J,M,A,Withdrawn,0,0,0,South Region,A Level or Equivalent,80-90%,35-55,N,0,60
BBB_2013J_2459051,2459051,BBB,2013J,F,B,Fail,0,0,0,North Western Region,Lower Than A Level,10-20,35-55,N,1,60
BBB_2014J_579201,579201,BBB,2014J,F,B,Withdrawn,0,0,0,Yorkshire Region,A Level or Equivalent,10-20,35-55,N,0,60
BBB_2013B_1678401,1678401,BBB,2013B,F,B,Pass,1,1,0,East Midlands Region,Lower Than A Level,60-70%,35-55,N,1,180
BBB_2014J_685391,685391,BBB,2014J,F,B,Pass,1,1,0,East Anglian Region,A Level or Equivalent,20-30%,0-35,N,0,60
BBB_2014J_648693,648693,BBB,2014J,F,B,Distinction,1,1,0,Scotland,A Level or Equivalent,0-10%,0-35,Y,0,60
BBB_2013B_127209,127209,BBB,2013B,F,B,Withdrawn,0,0,0,Scotland,A Level or Equivalent,40-50%,0-35,Y,1,180
BBB_2013J_98268,98268,BBB,2013J,F,B,Pass,1,1,0,Scotland,HE Qualification,70-80%,35-55,N,0,60
BBB_2013B_475078,475078,BBB,2013B,F,B,Withdrawn,0,0,0,Ireland,Lower Than A Level,60-70%,35-55,N,1,120
BBB_2014J_592262,592262,BBB,2014J,M,A,Withdrawn,0,0,0,South West Region,Lower Than A Level,90-100%,0-35,N,1,60
BBB_2014J_698345,698345,BBB,2014J,F,B,Pass,1,1,0,North Region,Lower Than A Level,50-60%,35-55,N,0,60
BBB_2014B_631108,631108,BBB,2014B,F,B,Pass,1,1,0,South East Region,Lower Than A Level,90-100%,35-55,N,0,60
BBB_2013J_536487,536487,BBB,2013J,F,B,Withdrawn,0,0,0,Scotland,Lower Than A Level,20-30%,0-35,N,1,60
BBB_2013J_613273,613273,BBB,2013J,M,A,Withdrawn,0,0,0,Ireland,Lower Than A Level,40-50%,35-55,N,0,60
BBB_2013B_371679,371679,BBB,2013B,F,B,Pass,1,1,0,South East Region,Lower Than A Level,70-80%,0-35,N,2,120
BBB_2014J_626075,626075,BBB,2014J,M,A,Pass,1,1,0,Scotland,Lower Than A Level,0-10%,0-35,N,1,120
BBB_2013J_493465,493465,BBB,2013J,F,B,Pass,1,1,0,South Region,A Level or Equivalent,70-80%,0-35,N,0,60
BBB_2014J_607062,607062,BBB,2014J,F,B,Pass,1,1,0,Scotland,Lower Than A Level,20-30%,0-35,N,1,120
BBB_2013J_611012,611012,BBB,2013J,F,B,Pass,1,1,0,South Region,A Level or Equivalent,70-80%,35-55,N,0,60
BBB_2014J_679919,679919,BBB,2014J,F,B,Withdrawn,0,0,0,Yorkshire Region,A Level or Equivalent,0-10%,0-35,N,0,60
BBB_2014J_368521,368521,BBB,2014J,F,B,Pass,1,1,0,North Western Region,A Level or Equivalent,40-50%,0-35,N,0,60
BBB_2014B_339381,339381,BBB,2014B,M,A,Pass,1,1,0,West Midlands Region,A Level or Equivalent,0-10%,0-35,N,0,60
BBB_2014J_678016,678016,BBB,2014J,F,B,Withdrawn,0,0,0,South West Region,Lower Than A Level,30-40%,0-35,N,0,150
BBB_2013B_528904,528904,BBB,2013B,F,B,Pass,1,1,0,Scotland,A Level or Equivalent,50-60%,0-35,N,0,60
BBB_2014J_651520,651520,BBB,2014J,F,B,Withdrawn,0,0,0,London Region,HE Qualification,0-10%,0-35,N,0,60
BBB_2014J_2049740,2049740,BBB,2014J,F,B,Fail,0,0,0,London Region,Lower Than A Level,10-20,35-55,N,0,60
BBB_2014J_485853,485853,BBB,2014J,F,B,Withdrawn,0,0,0,Scotland,HE Qualification,20-30%,0-35,Y,1,180
BBB_2014J_682731,682731,BBB,2014J,F,B,Withdrawn,0,0,0,East Midlands Region,Lower Than A Level,50-60%,0-35,N,0,180
BBB_2014J_573130,573130,BBB,2014J,F,B,Pass,1,1,0,East Midlands Region,A Level or Equivalent,50-60%,0-35,Y,0,60
BBB_2013B_535140,535140,BBB,2013B,F,B,Pass,1,1,0,West Midlands Region,A Level or Equivalent,20-30%,0-35,N,0,150
BBB_2013J_581657,581657,BBB,2013J,F,B,Pass,1,1,0,Yorkshire Region,Lower Than A Level,70-80%,35-55,N,0,60
BBB_2014J_2093092,2093092,BBB,2014J,F,B,Withdrawn,0,0,0,East Anglian Region,HE Qualification,70-80%,35-55,N,0,120
BBB_2014J_596151,596151,BBB,2014J,F,B,Fail,0,0,0,West Midlands Region,A Level or Equivalent,70-80%,35-55,N,0,60
BBB_2013J_303331,303331,BBB,2013J,F,B,Withdrawn,0,0,0,East Anglian Region,Lower Than A Level,10-20,0-35,N,3,60
BBB_2013J_551136,551136,BBB,2013J,F,B,Withdrawn,0,0,0,North Western Region,Lower Than A Level,20-30%,0-35,N,0,60
BBB_2013B_2569163,2569163,BBB,2013B,F,B,Distinction,1,1,0,Yorkshire Region,HE Qualification,40-50%,35-55,N,0,120
BBB_2014B_614745,614745,BBB,2014B,M,A,Pass,1,1,0,South Region,A Level or Equivalent,70-80%,35-55,N,0,60
BBB_2014J_602696,602696,BBB,2014J,F,B,Distinction,1,1,0,East Midlands Region,A Level or Equivalent,80-90%,35-55,N,0,60
BBB_2013J_513076,513076,BBB,2013J,F,B,Fail,0,0,0,North Western Region,Lower Than A Level,0-10%,0-35,Y,0,120
BBB_2014B_627613,627613,BBB,2014B,M,A,Fail,0,0,0,North Western Region,Lower Than A Level,90-100%,0-35,N,0,60
BBB_2013J_559168,559168,BBB,2013J,M,A,Pass,1,1,0,East Midlands Region,HE Qualification,60-70%,35-55,N,0,60
BBB_2013J_2211448,2211448,BBB,2013J,F,B,Fail,0,0,0,London Region,Lower Than A Level,30-40%,0-35,N,1,120
BBB_2014B_553807,553807,BBB,2014B,F,B,Fail,0,0,0,South East Region,Lower Than A Level,30-40%,35-55,Y,1,180
BBB_2013J_492247,492247,BBB,2013J,M,A,Withdrawn,0,0,0,South East Region,Lower Than A Level,20-30%,0-35,N,0,60
BBB_2013B_557451,557451,BBB,2013B,F,B,Fail,0,0,0,London Region,Lower Than A Level,0-10%,0-35,N,0,60
BBB_2014B_589444,589444,BBB,2014B,F,B,Distinction,1,1,0,South West Region,A Level or Equivalent,40-50%,0-35,N,0,120
BBB_2013J_2465209,2465209,BBB,2013J,F,B,Withdrawn,0,0,0,East Anglian Region,Lower Than A Level,30-40%,35-55,N,0,120
BBB_2013B_556284,556284,BBB,2013B,M,A,Pass,1,1,0,South Region,HE Qualification,90-100%,0-35,N,0,120
BBB_2014J_695613,695613,BBB,2014J,F,B,Pass,1,1,0,Yorkshire Region,A Level or Equivalent,60-70%,0-35,N,0,60
BBB_2013J_585004,585004,BBB,2013J,F,B,Withdrawn,0,0,0,North Region,Lower Than A Level,10-20,0-35,N,0,120
BBB_2013B_511693,511693,BBB,2013B,F,B,Pass,1,1,0,South West Region,A Level or Equivalent,30-40%,0-35,N,0,60
BBB_2014J_600428,600428,BBB,2014J,F,B,Pass,1,1,0,South East Region,A Level or Equivalent,70-80%,35-55,N,1,60
BBB_2013B_363416,363416,BBB,2013B,F,B,Pass,1,1,0,London Region,Lower Than A Level,30-40%,0-35,N,0,240
BBB_2013J_512417,512417,BBB,2013J,F,B,Pass,1,1,0,Scotland,A Level or Equivalent,10-20,0-35,N,1,60
BBB_2013B_551080,551080,BBB,2013B,F,B,Pass,1,1,0,East Anglian Region,A Level or Equivalent,20-30%,0-35,N,0,60
BBB_2013B_152153,152153,BBB,2013B,F,B,Withdrawn,0,0,0,East Anglian Region,Lower Than A Level,40-50%,0-35,N,1,60
BBB_2013B_341229,341229,BBB,2013B,F,B,Fail,0,0,0,Wales,Lower Than A Level,40-50%,0-35,Y,0,60
BBB_2013B_273731,273731,BBB,2013B,F,B,Pass,1,1,0,South East Region,A Level or Equivalent,40-50%,0-35,N,0,60
BBB_2014J_493763,493763,BBB,2014J,F,B,Withdrawn,0,0,0,South Region,A Level or Equivalent,50-60%,0-35,N,1,60
BBB_2014J_2432551,2432551,BBB,2014J,M,A,Fail,0,0,0,Scotland,A Level or Equivalent,0-10%,35-55,N,0,60
BBB_2014J_615016,615016,BBB,2014J,F,B,Withdrawn,0,0,0,South East Region,Lower Than A Level,20-30%,35-55,N,1,120
BBB_2013B_534908,534908,BBB,2013B,F,B,Fail,0,0,0,North Region,A Level or Equivalent,10-20,0-35,N,0,120
BBB_2014J_686670,686670,BBB,2014J,F,B,Pass,1,1,0,South East Region,Lower Than A Level,30-40%,0-35,N,0,60
BBB_2013B_544351,544351,BBB,2013B,F,B,Fail,0,0,0,North Region,Lower Than A Level,,0-35,N,0,120
BBB_2014B_623295,623295,BBB,2014B,F,B,Fail,0,0,0,East Anglian Region,A Level or Equivalent,60-70%,0-35,N,0,60
BBB_2013B_556648,556648,BBB,2013B,F,B,Fail,0,0,0,North Region,Lower Than A Level,10-20,0-35,N,0,60
BBB_2014J_640706,640706,BBB,2014J,F,B,Withdrawn,0,0,0,Yorkshire Region,A Level or Equivalent,50-60%,35-55,N,0,120
BBB_2013B_392213,392213,BBB,2013B,F,B,Pass,1,1,0,East Anglian Region,Lower Than A Level,80-90%,0-35,N,1,120
BBB_2013J_202879,202879,BBB,2013J,F,B,Fail,0,0,0,East Anglian Region,Lower Than A Level,30-40%,0-35,N,1,60
BBB_2013J_589471,589471,BBB,2013J,F,B,Withdrawn,0,0,0,South Region,Lower Than A Level,90-100%,35-55,N,0,90
BBB_2013J_484135,484135,BBB,2013J,F,B,Pass,1,1,0,London Region,HE Qualification,70-80%,0-35,N,1,60
BBB_2013B_88580,88580,BBB,2013B,F,B,Withdrawn,0,0,0,London Region,Lower Than A Level,10-20,0-35,N,0,60
BBB_2014J_2385665,2385665,BBB,2014J,F,B,Pass,1,1,0,East Anglian Region,Lower Than A Level,20-30%,35-55,N,0,60
BBB_2013J_612210,612210,BBB,2013J,F,B,Pass,1,1,0,Scotland,A Level or Equivalent,50-60%,0-35,N,0,60
BBB_2013J_417785,417785,BBB,2013J,F,B,Fail,0,0,0,North Western Region,A Level or Equivalent,60-70%,35-55,N,1,120
BBB_2013J_596016,596016,BBB,2013J,M,A,Fail,0,0,0,Yorkshire Region,Lower Than A Level,10-20,0-35,N,0,60
BBB_2014J_695054,695054,BBB,2014J,F,B,Distinction,1,1,0,Ireland,A Level or Equivalent,10-20,0-35,N,0,60
BBB_2013J_606063,606063,BBB,2013J,F,B,Withdrawn,0,0,0,Yorkshire Region,HE Qualification,20-30%,0-35,N,0,60
BBB_2013J_580328,580328,BBB,2013J,M,A,Withdrawn,0,0,0,South Region,Lower Than A Level,80-90%,35-55,N,0,60
BBB_2013J_612656,612656,BBB,2013J,F,B,Distinction,1,1,0,South East Region,HE Qualification,90-100%,35-55,N,0,120
BBB_2014J_654913,654913,BBB,2014J,F,B,Withdrawn,0,0,0,West Midlands Region,Lower Than A Level,70-80%,35-55,N,0,120
BBB_2014B_561060,561060,BBB,2014B,F,B,Pass,1,1,0,East Anglian Region,A Level or Equivalent,60-70%,0-35,Y,0,120
BBB_2014J_521081,521081,BBB,2014J,F,B,Pass,1,1,0,Yorkshire Region,Lower Than A Level,10-20,0-35,Y,1,60
BBB_2013J_2584834,2584834,BBB,2013J,F,B,Pass,1,1,0,East Anglian Region,Lower Than A Level,50-60%,35-55,Y,1,60
BBB_2014B_617792,617792,BBB,2014B,F,B,Pass,1,1,0,Yorkshire Region,A Level or Equivalent,40-50%,35-55,N,0,60
BBB_2014J_692914,692914,BBB,2014J,F,B,Withdrawn,0,0,0,South Region,A Level or Equivalent,20-30%,0-35,N,0,120
BBB_2013J_585764,585764,BBB,2013J,F,B,Withdrawn,0,0,0,East Midlands Region,Lower Than A Level,20-30%,0-35,Y,0,60
BBB_2014J_652731,652731,BBB,2014J,F,B,Withdrawn,0,0,0,Ireland,A Level or Equivalent,90-100%,0-35,N,0,120
BBB_2014B_336356,336356,BBB,2014B,F,B,Pass,1,1,0,South West Region,A Level or Equivalent,10-20,0-35,N,0,120
BBB_2014J_653730,653730,BBB,2014J,F,B,Withdrawn,0,0,0,East Midlands Region,Lower Than A Level,10-20,0-35,N,0,60
BBB_2014B_563487,563487,BBB,2014B,F,B,Pass,1,1,0,East Anglian Region,A Level or Equivalent,80-90%,35-55,N,0,75
BBB_2013B_388014,388014,BBB,2013B,F,B,Withdrawn,0,0,0,Yorkshire Region,A Level or Equivalent,10-20,0-35,N,0,60
BBB_2013J_1731564,1731564,BBB,2013J,F,B,Pass,1,1,0,Ireland,Lower Than A Level,40-50%,35-55,N,0,60
BBB_2014J_652006,652006,BBB,2014J,F,B,Withdrawn,0,0,0,North Western Region,No Formal quals,0-10%,35-55,N,0,120
BBB_2013J_243851,243851,BBB,2013J,F,B,Pass,1,1,0,East Midlands Region,A Level or Equivalent,0-10%,0-35,Y,0,60
BBB_2013B_434192,434192,BBB,2013B,F,B,Pass,1,1,0,Wales,A Level or Equivalent,50-60%,0-35,N,2,120
BBB_2014J_631640,631640,BBB,2014J,M,A,Pass,1,1,0,Wales,A Level or Equivalent,30-40%,35-55,N,0,60
BBB_2013B_133748,133748,BBB,2013B,F,B,Fail,0,0,0,Scotland,Lower Than A Level,0-10%,35-55,N,0,70
BBB_2014B_632113,632113,BBB,2014B,F,B,Fail,0,0,0,North Western Region,Lower Than A Level,10-20,0-35,N,0,60
BBB_2014B_544430,544430,BBB,2014B,M,A,Fail,0,0,0,South East Region,A Level or Equivalent,0-10%,35-55,N,1,60
BBB_2013B_554290,554290,BBB,2013B,F,B,Withdrawn,0,0,0,South West Region,Lower Than A Level,40-50%,0-35,N,0,60
BBB_2013B_561711,561711,BBB,2013B,M,A,Fail,0,0,0,Wales,A Level or Equivalent,50-60%,0-35,N,0,60
BBB_2014B_623406,623406,BBB,2014B,F,B,Pass,1,1,0,West Midlands Region,Lower Than A Level,50-60%,35-55,N,0,60
BBB_2014J_1929491,1929491,BBB,2014J,F,B,Withdrawn,0,0,0,East Midlands Region,HE Qualification,20-30%,35-55,N,0,60
BBB_2013J_606097,606097,BBB,2013J,F,B,Pass,1,1,0,Wales,A Level or Equivalent,10-20,0-35,N,0,120
BBB_2014J_696348,696348,BBB,2014J,F,B,Fail,0,0,0,South West Region,Lower Than A Level,0-10%,35-55,Y,0,60
BBB_2013B_534830,534830,BBB,2013B,F,B,Withdrawn,0,0,0,West Midlands Region,Lower Than A Level,10-20,35-55,N,0,120
BBB_2013B_547472,547472,BBB,2013B,M,A,Withdrawn,0,0,0,London Region,Lower Than A Level,60-70%,35-55,N,0,60
BBB_2013J_587985,587985,BBB,2013J,F,B,Distinction,1,1,0,London Region,Lower Than A Level,80-90%,0-35,N,0,120
BBB_2014J_680471,680471,BBB,2014J,F,B,Fail,0,0,0,Scotland,HE Qualification,50-60%,0-35,Y,0,120
BBB_2014B_517679,517679,BBB,2014B,F,B,Distinction,1,1,0,Yorkshire Region,A Level or Equivalent,40-50%,35-55,N,0,120
BBB_2014J_680522,680522,BBB,2014J,F,B,Withdrawn,0,0,0,North Region,Lower Than A Level,0-10%,0-35,N,0,60
BBB_2014J_600606,600606,BBB,2014J,F,B,Pass,1,1,0,South Region,Lower Than A Level,90-100%,35-55,Y,0,60
BBB_2013B_492182,492182,BBB,2013B,F,B,Pass,1,1,0,South Region,A Level or Equivalent,90-100%,0-35,N,0,120
BBB_2013J_583534,583534,BBB,2013J,F,B,Fail,0,0,0,North Western Region,A Level or Equivalent,0-10%,0-35,N,0,60
BBB_2014J_620550,620550,BBB,2014J,F,B,Fail,0,0,0,London Region,A Level or Equivalent,20-30%,0-35,N,0,60
BBB_2013B_516057,516057,BBB,2013B,F,B,Pass,1,1,0,South East Region,A Level or Equivalent,50-60%,0-35,Y,0,60
BBB_2014J_698256,698256,BBB,2014J,F,B,Distinction,1,1,0,West Midlands Region,Lower Than A Level,70-80%,0-35,N,0,60
BBB_2013J_587665,587665,BBB,2013J,F,B,Withdrawn,0,0,0,South West Region,Lower Than A Level,30-40%,0-35,N,0,120
BBB_2013J_596372,596372,BBB,2013J,F,B,Pass,1,1,0,Wales,HE Qualification,70-80%,35-55,N,0,60
BBB_2014J_678109,678109,BBB,2014J,F,B,Withdrawn,0,0,0,South Region,A Level or Equivalent,90-100%,0-35,N,0,60
BBB_2013J_195096,195096,BBB,2013J,F,B,Pass,1,1,0,Wales,A Level or Equivalent,10-20,0-35,N,0,60
BBB_2013B_165243,165243,BBB,2013B,M,A,Pass,1,1,0,Wales,A Level or Equivalent,50-60%,35-55,N,0,60
BBB_2014J_601285,601285,BBB,2014J,F,B,Withdrawn,0,0,0,North Western Region,A Level or Equivalent,0-10%,0-35,Y,0,60
BBB_2014J_1832218,1832218,BBB,2014J,F,B,Pass,1,1,0,Scotland,HE Qualification,60-70%,35-55,N,1,60
BBB_2013J_405945,405945,BBB,2013J,F,B,Pass,1,1,0,East Anglian Region,Lower Than A Level,40-50%,0-35,N,1,60
BBB_2013J_592205,592205,BBB,2013J,F,B,Pass,1,1,0,West Midlands Region,Lower Than A Level,0-10%,0-35,N,0,60
BBB_2014B_589333,589333,BBB,2014B,F,B,Pass,1,1,0,South Region,A Level or Equivalent,40-50%,0-35,N,0,120
BBB_2014B_614738,614738,BBB,2014B,M,A,Distinction,1,1,0,South Region,A Level or Equivalent,60-70%,0-35,N,0,60
BBB_2014B_545196,545196,BBB,2014B,F,B,Pass,1,1,0,South West Region,Lower Than A Level,0-10%,35-55,N,0,60
BBB_2014J_695972,695972,BBB,2014J,F,B,Pass,1,1,0,Ireland,A Level or Equivalent,0-10%,35-55,N,0,60
BBB_2013B_2425333,2425333,BBB,2013B,F,B,Fail,0,0,0,Scotland,A Level or Equivalent,0-10%,35-55,Y,0,60
BBB_2014B_633394,633394,BBB,2014B,F,B,Fail,0,0,0,North Western Region,A Level or Equivalent,20-30%,0-35,N,0,60
BBB_2014B_627245,627245,BBB,2014B,F,B,Withdrawn,0,0,0,South East Region,HE Qualification,40-50%,0-35,N,0,90
BBB_2014J_648135,648135,BBB,2014J,F,B,Pass,1,1,0,West Midlands Region,A Level or Equivalent,0-10%,0-35,N,0,60
BBB_2013J_2620432,2620432,BBB,2013J,F,B,Withdrawn,0,0,0,South East Region,A Level or Equivalent,60-70%,0-35,Y,0,120
BBB_2013J_404708,404708,BBB,2013J,F,B,Pass,1,1,0,Yorkshire Region,A Level or Equivalent,40-50%,35-55,N,0,60
BBB_2013B_446247,446247,BBB,2013B,F,B,Withdrawn,0,0,0,Scotland,HE Qualification,40-50%,0-35,N,1,60
BBB_2013J_573043,573043,BBB,2013J,F,B,Pass,1,1,0,East Anglian Region,A Level or Equivalent,20-30%,0-35,N,0,60
BBB_2014J_678688,678688,BBB,2014J,F,B,Pass,1,1,0,Scotland,A Level or Equivalent,40-50%,0-35,N,0,120
BBB_2013J_536409,536409,BBB,2013J,F,B,Withdrawn,0,0,0,East Midlands Region,A Level or Equivalent,40-50%,0-35,N,0,120
BBB_2014B_635755,635755,BBB,2014B,F,B,Distinction,1,1,0,Wales,A Level or Equivalent,0-10%,0-35,Y,0,60
BBB_2014J_689069,689069,BBB,2014J,F,B,Fail,0,0,0,East Anglian Region,A Level or Equivalent,20-30%,0-35,Y,0,60
BBB_2013B_526506,526506,BBB,2013B,F,B,Withdrawn,0,0,0,Yorkshire Region,A Level or Equivalent,60-70%,0-35,N,1,240
BBB_2013J_532335,532335,BBB,2013J,F,B,Pass,1,1,0,South Region,Lower Than A Level,70-80%,0-35,N,0,60
BBB_2014J_625709,625709,BBB,2014J,F,B,Fail,0,0,0,East Midlands Region,A Level or Equivalent,60-70%,35-55,N,0,90
BBB_2013J_154011,154011,BBB,2013J,F,B,Pass,1,1,0,South East Region,A Level or Equivalent,30-40%,0-35,N,0,60
BBB_2014B_615018,615018,BBB,2014B,F,B,Withdrawn,0,0,0,London Region,A Level or Equivalent,10-20,0-35,Y,0,60
BBB_2013B_472182,472182,BBB,2013B,F,B,Withdrawn,0,0,0,South East Region,A Level or Equivalent,20-30%,0-35,Y,0,120
BBB_2014J_534715,534715,BBB,2014J,M,A,Pass,1,1,0,North Western Region,A Level or Equivalent,0-10%,35-55,N,0,120
BBB_2014J_560089,560089,BBB,2014J,F,B,Pass,1,1,0,South Region,A Level or Equivalent,30-40%,35-55,N,1,60
BBB_2013J_595010,595010,BBB,2013J,F,B,Fail,0,0,0,London Region,Lower Than A Level,40-50%,0-35,N,0,120
BBB_2013B_492590,492590,BBB,2013B,F,B,Fail,0,0,0,North Western Region,Lower Than A Level,30-40%,0-35,N,0,60
BBB_2013J_588205,588205,BBB,2013J,F,B,Withdrawn,0,0,0,London Region,Lower Than A Level,0-10%,0-35,N,0,60
BBB_2013B_559031,559031,BBB,2013B,F,B,Pass,1,1,0,Scotland,Lower Than A Level,40-50%,0-35,N,0,60
BBB_2013B_1753965,1753965,BBB,2013B,M,A,Pass,1,1,0,South East Region,A Level or Equivalent,0-10%,0-35,N,1,60
BBB_2013B_547267,547267,BBB,2013B,M,A,Withdrawn,0,0,0,North Western Region,Lower Than A Level,0-10%,0-35,N,0,120
BBB_2014B_586995,586995,BBB,2014B,F,B,Pass,1,1,0,South Region,Lower Than A Level,50-60%,0-35,N,0,120
BBB_2013J_269204,269204,BBB,2013J,F,B,Pass,1,1,0,South Region,Lower Than A Level,90-100%,35-55,N,0,60
BBB_2014J_597744,597744,BBB,2014J,F,B,Withdrawn,0,0,0,North Region,Lower Than A Level,0-10%,0-35,N,1,60
BBB_2014J_657099,657099,BBB,2014J,F,B,Fail,0,0,0,South Region,A Level or Equivalent,30-40%,0-35,Y,0,120
BBB_2013B_2422639,2422639,BBB,2013B,F,B,Withdrawn,0,0,0,North Region,Lower Than A Level,60-70%,0-35,N,0,120
BBB_2014B_484821,484821,BBB,2014B,F,B,Fail,0,0,0,South East Region,A Level or Equivalent,40-50%,35-55,N,0,60
BBB_2013B_541523,541523,BBB,2013B,F,B,Pass,1,1,0,South East Region,Lower Than A Level,50-60%,0-35,N,0,60
BBB_2013J_601269,601269,BBB,2013J,F,B,Pass,1,1,0,Wales,Lower Than A Level,20-30%,0-35,N,0,60
BBB_2013J_2210681,2210681,BBB,2013J,F,B,Withdrawn,0,0,0,East Midlands Region,A Level or Equivalent,10-20,35-55,N,1,60
BBB_2014J_674323,674323,BBB,2014J,F,B,Withdrawn,0,0,0,London Region,Lower Than A Level,0-10%,0-35,N,0,60
BBB_2013J_574250,574250,BBB,2013J,F,B,Pass,1,1,0,East Anglian Region,Lower Than A Level,90-100%,0-35,N,0,60
BBB_2013J_596814,596814,BBB,2013J,F,B,Fail,0,0,0,Yorkshire Region,A Level or Equivalent,10-20,0-35,N,0,60
BBB_2014J_696850,696850,BBB,2014J,F,B,Distinction,1,1,0,Wales,HE Qualification,70-80%,0-35,N,0,120
BBB_2013B_323914,323914,BBB,2013B,F,B,Fail,0,0,0,West Midlands Region,A Level or Equivalent,10-20,0-35,N,0,60
BBB_2013B_390442,390442,BBB,2013B,F,B,Distinction,1,1,0,South Region,A Level or Equivalent,90-100%,0-35,Y,0,60
BBB_2013B_84245,84245,BBB,2013B,M,A,Distinction,1,1,0,Wales,A Level or Equivalent,50-60%,0-35,N,0,120
BBB_2013J_573453,573453,BBB,2013J,F,B,Pass,1,1,0,South Region,Lower Than A Level,40-50%,0-35,N,0,60
BBB_2014J_608319,608319,BBB,2014J,F,B,Withdrawn,0,0,0,East Anglian Region,Lower Than A Level,50-60%,0-35,Y,1,60
BBB_2014B_630718,630718,BBB,2014B,F,B,Pass,1,1,0,West Midlands Region,Lower Than A Level,10-20,0-35,N,0,60
BBB_2014B_628142,628142,BBB,2014B,F,B,Withdrawn,0,0,0,East Midlands Region,A Level or Equivalent,80-90%,0-35,N,0,60
BBB_2014J_638036,638036,BBB,2014J,F,B,Withdrawn,0,0,0,Yorkshire Region,Lower Than A Level,20-30%,35-55,N,0,120
BBB_2014J_106383,106383,BBB,2014J,F,B,Withdrawn,0,0,0,Scotland,HE Qualification,50-60%,35-55,N,0,60
BBB_2013J_532839,532839,BBB,2013J,F,B,Fail,0,0,0,North Region,HE Qualification,,0-35,N,1,60
BBB_2014J_691514,691514,BBB,2014J,F,B,Pass,1,1,0,Wales,Lower Than A Level,20-30%,0-35,N,0,60
BBB_2014B_631613,631613,BBB,2014B,F,B,Pass,1,1,0,London Region,Lower Than A Level,40-50%,35-55,N,0,60
BBB_2013J_345083,345083,BBB,2013J,F,B,Withdrawn,0,0,0,South Region,A Level or Equivalent,70-80%,35-55,Y,0,60
BBB_2014J_649291,649291,BBB,2014J,F,B,Pass,1,1,0,South Region,Lower Than A Level,50-60%,0-35,N,0,60
BBB_2014B_619265,619265,BBB,2014B,F,B,Withdrawn,0,0,0,West Midlands Region,Lower Than A Level,30-40%,0-35,N,0,120
BBB_2013J_484301,484301,BBB,2013J,F,B,Pass,1,1,0,East Midlands Region,A Level or Equivalent,10-20,0-35,Y,0,60
BBB_2013J_485762,485762,BBB,2013J,F,B,Pass,1,1,0,Yorkshire Region,A Level or Equivalent,20-30%,0-35,N,0,60
BBB_2014J_646579,646579,BBB,2014J,F,B,Pass,1,1,0,West Midlands Region,A Level or Equivalent,10-20,0-35,N,0,60
BBB_2014J_593583,593583,BBB,2014J,M,A,Withdrawn,0,0,0,Wales,Lower Than A Level,90-100%,35-55,N,0,120
BBB_2013J_593513,593513,BBB,2013J,M,A,Pass,1,1,0,North Western Region,A Level or Equivalent,40-50%,0-35,N,0,60
BBB_2014J_682409,682409,BBB,2014J,F,B,Pass,1,1,0,London Region,A Level or Equivalent,20-30%,0-35,N,0,120
BBB_2013B_476816,476816,BBB,2013B,F,B,Withdrawn,0,0,0,London Region,A Level or Equivalent,10-20,0-35,N,1,150
BBB_2013B_541838,541838,BBB,2013B,M,A,Withdrawn,0,0,0,West Midlands Region,Lower Than A Level,0-10%,0-35,N,0,60
BBB_2014B_629923,629923,BBB,2014B,F,B,Fail,0,0,0,East Anglian Region,Lower Than A Level,0-10%,0-35,N,0,60
BBB_2013B_546157,546157,BBB,2013B,F,B,Pass,1,1,0,Wales,A Level or Equivalent,20-30%,0-35,N,0,60
BBB_2013J_2078768,2078768,BBB,2013J,F,B,Pass,1,1,0,Wales,Lower Than A Level,0-10%,35-55,N,0,60
BBB_2013B_484161,484161,BBB,2013B,F,B,Fail,0,0,0,South West Region,Lower Than A Level,70-80%,35-55,N,0,120
BBB_2014B_624704,624704,BBB,2014B,F,B,Fail,0,0,0,East Midlands Region,Lower Than A Level,30-40%,0-35,N,0,60
BBB_2013B_548617,548617,BBB,2013B,F,B,Distinction,1,1,0,London Region,A Level or Equivalent,30-40%,0-35,N,0,60
BBB_2014J_579031,579031,BBB,2014J,F,B,Withdrawn,0,0,0,West Midlands Region,A Level or Equivalent,30-40%,0-35,N,0,180
BBB_2013B_550708,550708,BBB,2013B,F,B,Pass,1,1,0,Wales,HE Qualification,70-80%,0-35,N,0,120
BBB_2013J_565607,565607,BBB,2013J,F,B,Pass,1,1,0,London Region,HE Qualification,30-40%,0-35,N,0,120
BBB_2013J_169213,169213,BBB,2013J,F,B,Pass,1,1,0,London Region,A Level or Equivalent,30-40%,0-35,N,1,60
BBB_2014B_629835,629835,BBB,2014B,M,A,Pass,1,1,0,Wales,Lower Than A Level,60-70%,0-35,N,0,60
BBB_2014B_588495,588495,BBB,2014B,F,B,Withdrawn,0,0,0,South West Region,Lower Than A Level,30-40%,35-55,N,0,120
BBB_2014B_312275,312275,BBB,2014B,F,B,Withdrawn,0,0,0,London Region,Lower Than A Level,0-10%,35-55,N,2,60
BBB_2013J_410537,410537,BBB,2013J,F,B,Pass,1,1,0,South West Region,A Level or Equivalent,40-50%,0-35,N,0,60
BBB_2013J_316076,316076,BBB,2013J,F,B,Pass,1,1,0,South West Region,A Level or Equivalent,70-80%,35-55,Y,0,60
BBB_2013J_582878,582878,BBB,2013J,F,B,Pass,1,1,0,North Western Region,A Level or Equivalent,30-40%,0-35,Y,0,60
BBB_2013J_582833,582833,BBB,2013J,M,A,Fail,0,0,0,Wales,Lower Than A Level,0-10%,35-55,N,0,60
BBB_2013B_554482,554482,BBB,2013B,F,B,Withdrawn,0,0,0,South Region,Lower Than A Level,90-100%,35-55,N,0,60
BBB_2013B_561455,561455,BBB,2013B,F,B,Pass,1,1,0,South West Region,A Level or Equivalent,20-30%,0-35,N,0,120
BBB_2014J_587037,587037,BBB,2014J,M,A,Withdrawn,0,0,0,South East Region,HE Qualification,80-90%,0-35,N,0,120
BBB_2013J_585355,585355,BBB,2013J,F,B,Fail,0,0,0,East Anglian Region,Lower Than A Level,70-80%,35-55,N,0,60
BBB_2013J_508047,508047,BBB,2013J,F,B,Withdrawn,0,0,0,South East Region,Lower Than A Level,40-50%,35-55,Y,0,120
BBB_2013J_567160,567160,BBB,2013J,F,B,Fail,0,0,0,East Anglian Region,A Level or Equivalent,30-40%,0-35,N,0,60
BBB_2013J_602739,602739,BBB,2013J,F,B,Withdrawn,0,0,0,North Western Region,Lower Than A Level,50-60%,0-35,N,0,60
BBB_2013J_587754,587754,BBB,2013J,F,B,Pass,1,1,0,South Region,A Level or Equivalent,50-60%,0-35,N,0,60
BBB_2013J_573411,573411,BBB,2013J,F,B,Pass,1,1,0,North Western Region,A Level or Equivalent,50-60%,0-35,N,0,60
BBB_2014J_184583,184583,BBB,2014J,F,B,Fail,0,0,0,Wales,Lower Than A Level,40-50%,0-35,N,3,60
BBB_2013J_595570,595570,BBB,2013J,F,B,Fail,0,0,0,South East Region,A Level or Equivalent,70-80%,0-35,N,0,60
BBB_2014J_678212,678212,BBB,2014J,F,B,Withdrawn,0,0,0,Scotland,A Level or Equivalent,40-50%,35-55,N,0,120
BBB_2014B_2439442,2439442,BBB,2014B,F,B,Withdrawn,0,0,0,North Western Region,Lower Than A Level,20-30%,0-35,N,0,150
BBB_2013B_530669,530669,BBB,2013B,F,B,Pass,1,1,0,London Region,A Level or Equivalent,10-20,0-35,N,0,60
BBB_2014J_648519,648519,BBB,2014J,F,B,Withdrawn,0,0,0,Wales,Lower Than A Level,80-90%,35-55,N,0,180
BBB_2013J_368077,368077,BBB,2013J,F,B,Pass,1,1,0,Wales,Lower Than A Level,20-30%,0-35,N,1,60
BBB_2014J_689178,689178,BBB,2014J,F,B,Fail,0,0,0,Ireland,Lower Than A Level,90-100%,0-35,N,0,60
BBB_2014J_475363,475363,BBB,2014J,F,B,Pass,1,1,0,Wales,A Level or Equivalent,20-30%,0-35,N,1,165
BBB_2014J_695941,695941,BBB,2014J,F,B,Withdrawn,0,0,0,London Region,No Formal quals,0-10%,0-35,N,0,60
BBB_2014J_676151,676151,BBB,2014J,F,B,Pass,1,1,0,North Western Region,Lower Than A Level,0-10%,0-35,N,0,60
BBB_2013B_510141,510141,BBB,2013B,F,B,Withdrawn,0,0,0,East Anglian Region,Lower Than A Level,60-70%,0-35,Y,0,60
BBB_2014B_190352,190352,BBB,2014B,F,B,Fail,0,0,0,North Region,No Formal quals,10-20,0-35,N,0,60
BBB_2014J_691997,691997,BBB,2014J,F,B,Fail,0,0,0,London Region,A Level or Equivalent,0-10%,0-35,N,0,60
BBB_2014B_618151,618151,BBB,2014B,F,B,Pass,1,1,0,Wales,Lower Than A Level,50-60%,35-55,Y,0,60
BBB_2013B_533846,533846,BBB,2013B,F,B,Fail,0,0,0,East Midlands Region,A Level or Equivalent,30-40%,35-55,N,0,120
BBB_2013J_483339,483339,BBB,2013J,M,A,Withdrawn,0,0,0,London Region,Lower Than A Level,10-20,35-55,N,1,60
BBB_2013J_610906,610906,BBB,2013J,F,B,Pass,1,1,0,West Midlands Region,A Level or Equivalent,80-90%,0-35,N,0,60
BBB_2013J_598562,598562,BBB,2013J,M,A,Fail,0,0,0,East Anglian Region,Lower Than A Level,0-10%,0-35,N,0,60
BBB_2014B_358054,358054,BBB,2014B,F,B,Withdrawn,0,0,0,Scotland,HE Qualification,70-80%,35-55,N,0,60
BBB_2014B_614601,614601,BBB,2014B,M,A,Pass,1,1,0,South East Region,A Level or Equivalent,30-40%,0-35,Y,0,60
BBB_2013J_589509,589509,BBB,2013J,F,B,Pass,1,1,0,Scotland,HE Qualification,20-30%,0-35,N,0,90
BBB_2014J_696724,696724,BBB,2014J,F,B,Pass,1,1,0,North Western Region,Lower Than A Level,0-10%,0-35,N,0,60
BBB_2013B_554203,554203,BBB,2013B,F,B,Withdrawn,0,0,0,London Region,No Formal quals,60-70%,0-35,N,0,60
BBB_2014B_473509,473509,BBB,2014B,M,A,Fail,0,0,0,West Midlands Region,Lower Than A Level,90-100%,35-55,N,2,300
BBB_2014B_618054,618054,BBB,2014B,F,B,Withdrawn,0,0,0,Yorkshire Region,Lower Than A Level,50-60%,0-35,N,0,60
BBB_2014J_681089,681089,BBB,2014J,F,B,Withdrawn,0,0,0,North Western Region,Lower Than A Level,20-30%,35-55,N,0,120
BBB_2013B_553938,553938,BBB,2013B,F,B,Withdrawn,0,0,0,East Anglian Region,HE Qualification,40-50%,0-35,N,0,120
BBB_2013B_552859,552859,BBB,2013B,F,B,Pass,1,1,0,North Western Region,Lower Than A Level,60-70%,35-55,N,0,60
BBB_2013J_589123,589123,BBB,2013J,F,B,Pass,1,1,0,South West Region,HE Qualification,50-60%,35-55,N,0,120
BBB_2014B_571614,571614,BBB,2014B,F,B,Pass,1,1,0,Ireland,Lower Than A Level,10-20,0-35,N,1,180
BBB_2013J_611004,611004,BBB,2013J,F,B,Fail,0,0,0,Wales,A Level or Equivalent,60-70%,0-35,N,0,60
BBB_2014J_697561,697561,BBB,2014J,F,B,Fail,0,0,0,East Anglian Region,Lower Than A Level,60-70%,0-35,N,0,60
BBB_2013J_509845,509845,BBB,2013J,F,B,Withdrawn,0,0,0,West Midlands Region,A Level or Equivalent,0-10%,0-35,N,0,60
BBB_2013J_580883,580883,BBB,2013J,F,B,Pass,1,1,0,Ireland,HE Qualification,60-70%,0-35,N,0,60
BBB_2014J_523132,523132,BBB,2014J,F,B,Pass,1,1,0,East Anglian Region,A Level or Equivalent,90-100%,0-35,N,1,60
BBB_2013J_591034,591034,BBB,2013J,F,B,Fail,0,0,0,Ireland,Lower Than A Level,50-60%,0-35,N,0,60
BBB_2013J_585652,585652,BBB,2013J,M,A,Pass,1,1,0,South Region,Lower Than A Level,90-100%,0-35,N,0,60
BBB_2013B_548714,548714,BBB,2013B,F,B,Pass,1,1,0,South Region,A Level or Equivalent,30-40%,0-35,N,0,120
BBB_2014B_634188,634188,BBB,2014B,F,B,Pass,1,1,0,East Anglian Region,No Formal quals,20-30%,0-35,N,0,60
BBB_2014J_684250,684250,BBB,2014J,M,A,Pass,1,1,0,Wales,HE Qualification,80-90%,0-35,N,0,60
BBB_2013B_519602,519602,BBB,2013B,F,B,Pass,1,1,0,West Midlands Region,Lower Than A Level,20-30%,0-35,Y,0,60
BBB_2014B_558595,558595,BBB,2014B,F,B,Pass,1,1,0,South Region,A Level or Equivalent,90-100%,0-35,Y,0,60
BBB_2013B_325511,325511,BBB,2013B,F,B,Pass,1,1,0,East Anglian Region,A Level or Equivalent,70-80%,0-35,N,0,180
BBB_2013J_609230,609230,BBB,2013J,F,B,Withdrawn,0,0,0,East Midlands Region,Lower Than A Level,10-20,0-35,N,0,60
BBB_2014B_508100,508100,BBB,2014B,M,A,Fail,0,0,0,South Region,Lower Than A Level,70-80%,0-35,N,0,120
BBB_2013B_363660,363660,BBB,2013B,M,A,Distinction,1,1,0,South East Region,A Level or Equivalent,70-80%,35-55,N,1,180
BBB_2014J_578710,578710,BBB,2014J,F,B,Pass,1,1,0,South West Region,Lower Than A Level,30-40%,0-35,N,0,60
BBB_2014B_635761,635761,BBB,2014B,F,B,Pass,1,1,0,Wales,Lower Than A Level,0-10%,0-35,N,0,60
BBB_2013B_518189,518189,BBB,2013B,F,B,Pass,1,1,0,South East Region,Lower Than A Level,10-20,0-35,N,0,120
BBB_2013B_143741,143741,BBB,2013B,F,B,Distinction,1,1,0,London Region,A Level or Equivalent,50-60%,0-35,Y,0,120
BBB_2014B_597730,597730,BBB,2014B,F,B,Fail,0,0,0,East Midlands Region,A Level or Equivalent,10-20,0-35,N,0,180
BBB_2014J_644993,644993,BBB,2014J,F,B,Distinction,1,1,0,Scotland,HE Qualification,80-90%,35-55,N,0,60
BBB_2014B_485675,485675,BBB,2014B,F,B,Fail,0,0,0,North Western Region,A Level or Equivalent,10-20,0-35,N,0,60
BBB_2014J_617530,617530,BBB,2014J,M,A,Pass,1,1,0,South West Region,A Level or Equivalent,90-100%,0-35,N,0,60
BBB_2014J_635328,635328,BBB,2014J,M,A,Fail,0,0,0,London Region,Lower Than A Level,0-10%,0-35,N,0,90
BBB_2013B_517890,517890,BBB,2013B,F,B,Distinction,1,1,0,South West Region,A Level or Equivalent,30-40%,0-35,N,0,60
BBB_2013J_355591,355591,BBB,2013J,F,B,Withdrawn,0,0,0,North Western Region,Lower Than A Level,30-40%,35-55,Y,1,210
BBB_2013B_479060,479060,BBB,2013B,F,B,Distinction,1,1,0,East Anglian Region,A Level or Equivalent,70-80%,0-35,N,0,60
BBB_2013J_520325,520325,BBB,2013J,F,B,Fail,0,0,0,South Region,Lower Than A Level,50-60%,0-35,N,0,60
BBB_2014J_628656,628656,BBB,2014J,F,B,Pass,1,1,0,Scotland,HE Qualification,40-50%,0-35,N,0,60
BBB_2013J_581959,581959,BBB,2013J,F,B,Withdrawn,0,0,0,London Region,Lower Than A Level,0-10%,0-35,N,0,120
BBB_2014B_629159,629159,BBB,2014B,F,B,Fail,0,0,0,Scotland,Lower Than A Level,0-10%,0-35,N,0,60
BBB_2013B_545219,545219,BBB,2013B,F,B,Withdrawn,0,0,0,North Region,Lower Than A Level,0-10%,0-35,N,0,120
BBB_2014J_1732956,1732956,BBB,2014J,F,B,Pass,1,1,0,Wales,No Formal quals,30-40%,35-55,N,0,120
BBB_2013B_519387,519387,BBB,2013B,F,B,Fail,0,0,0,London Region,A Level or Equivalent,30-40%,0-35,N,0,60
BBB_2014B_610802,610802,BBB,2014B,F,B,Fail,0,0,0,Wales,A Level or Equivalent,40-50%,35-55,N,1,120
BBB_2013J_566339,566339,BBB,2013J,F,B,Pass,1,1,0,East Midlands Region,A Level or Equivalent,20-30%,0-35,Y,0,60
BBB_2014J_692528,692528,BBB,2014J,F,B,Withdrawn,0,0,0,Wales,Lower Than A Level,40-50%,35-55,N,0,60
BBB_2013B_549204,549204,BBB,2013B,F,B,Fail,0,0,0,Yorkshire Region,Lower Than A Level,10-20,0-35,N,0,60
BBB_2014J_675094,675094,BBB,2014J,F,B,Withdrawn,0,0,0,East Midlands Region,Lower Than A Level,10-20,35-55,N,0,90
BBB_2013B_539962,539962,BBB,2013B,F,B,Fail,0,0,0,East Anglian Region,Lower Than A Level,70-80%,0-35,N,0,60
BBB_2013B_541884,541884,BBB,2013B,F,B,Fail,0,0,0,Scotland,Lower Than A Level,10-20,0-35,N,0,60
BBB_2013B_1771053,1771053,BBB,2013B,F,B,Withdrawn,0,0,0,West Midlands Region,Lower Than A Level,80-90%,35-55,N,0,60
BBB_2013J_609107,609107,BBB,2013J,F,B,Withdrawn,0,0,0,London Region,Lower Than A Level,40-50%,35-55,N,0,120
BBB_2013B_475901,475901,BBB,2013B,F,B,Fail,0,0,0,North Region,Lower Than A Level,40-50%,0-35,N,0,90
BBB_2013B_539385,539385,BBB,2013B,F,B,Pass,1,1,0,South West Region,A Level or Equivalent,20-30%,0-35,N,0,60
BBB_2014J_690359,690359,BBB,2014J,F,B,Distinction,1,1,0,London Region,Post Graduate Qualification,20-30%,35-55,N,0,120
BBB_2013B_561452,561452,BBB,2013B,F,B,Distinction,1,1,0,South West Region,A Level or Equivalent,70-80%,0-35,N,0,120
BBB_2014J_697960,697960,BBB,2014J,F,B,Pass,1,1,0,Wales,Lower Than A Level,40-50%,0-35,N,0,60
BBB_2014B_2643007,2643007,BBB,2014B,F,B,Pass,1,1,0,London Region,HE Qualification,10-20,35-55,N,0,60
BBB_2013B_445889,445889,BBB,2013B,F,B,Pass,1,1,0,London Region,A Level or Equivalent,50-60%,35-55,N,1,60
BBB_2013J_587219,587219,BBB,2013J,F,B,Withdrawn,0,0,0,South West Region,A Level or Equivalent,20-30%,35-55,N,0,60
BBB_2014B_626917,626917,BBB,2014B,F,B,Fail,0,0,0,North Region,A Level or Equivalent,10-20,0-35,N,0,60
BBB_2014B_610531,610531,BBB,2014B,F,B,Withdrawn,0,0,0,East Midlands Region,Lower Than A Level,20-30%,0-35,N,0,120
BBB_2014J_596744,596744,BBB,2014J,F,B,Withdrawn,0,0,0,West Midlands Region,HE Qualification,0-10%,0-35,N,0,120
BBB_2014J_694561,694561,BBB,2014J,F,B,Pass,1,1,0,East Midlands Region,A Level or Equivalent,60-70%,0-35,N,0,60
BBB_2013J_585611,585611,BBB,2013J,F,B,Pass,1,1,0,Scotland,HE Qualification,80-90%,35-55,N,0,60
BBB_2013J_598462,598462,BBB,2013J,F,B,Pass,1,1,0,South West Region,A Level or Equivalent,60-70%,35-55,N,0,120
BBB_2014J_473271,473271,BBB,2014J,F,B,Pass,1,1,0,South East Region,A Level or Equivalent,60-70%,0-35,N,0,60
BBB_2013B_546958,546958,BBB,2013B,F,B,Fail,0,0,0,West Midlands Region,A Level or Equivalent,60-70%,0-35,N,0,60
BBB_2013B_355369,355369,BBB,2013B,F,B,Withdrawn,0,0,0,Yorkshire Region,A Level or Equivalent,80-90%,35-55,N,1,120
BBB_2014J_2149487,2149487,BBB,2014J,F,B,Pass,1,1,0,Scotland,HE Qualification,40-50%,35-55,N,0,60
BBB_2013J_608060,608060,BBB,2013J,F,B,Withdrawn,0,0,0,London Region,A Level or Equivalent,10-20,0-35,N,0,120
BBB_2014J_697649,697649,BBB,2014J,F,B,Pass,1,1,0,North Western Region,Lower Than A Level,40-50%,35-55,N,0,60
BBB_2014J_646415,646415,BBB,2014J,F,B,Fail,0,0,0,Yorkshire Region,A Level or Equivalent,10-20,0-35,N,0,120
BBB_2014J_192944,192944,BBB,2014J,F,B,Pass,1,1,0,East Midlands Region,Lower Than A Level,40-50%,35-55,N,0,60
BBB_2014J_656253,656253,BBB,2014J,F,B,Pass,1,1,0,Ireland,Lower Than A Level,40-50%,0-35,N,0,60
BBB_2014B_2094350,2094350,BBB,2014B,F,B,Fail,0,0,0,Scotland,Lower Than A Level,50-60%,35-55,N,0,60
BBB_2014B_493559,493559,BBB,2014B,F,B,Pass,1,1,0,Scotland,A Level or Equivalent,20-30%,0-35,N,0,60
BBB_2013J_2062995,2062995,BBB,2013J,F,B,Pass,1,1,0,Scotland,HE Qualification,20-30%,35-55,N,0,60
BBB_2014B_2570092,2570092,BBB,2014B,F,B,Distinction,1,1,0,West Midlands Region,A Level or Equivalent,0-10%,0-35,N,0,60
BBB_2014B_475981,475981,BBB,2014B,F,B,Pass,1,1,0,South Region,Lower Than A Level,30-40%,0-35,N,0,120
BBB_2013B_503491,503491,BBB,2013B,F,B,Pass,1,1,0,West Midlands Region,Lower Than A Level,0-10%,0-35,N,1,120
BBB_2013J_600490,600490,BBB,2013J,F,B,Distinction,1,1,0,South East Region,A Level or Equivalent,90-100%,35-55,N,0,60
BBB_2014J_651177,651177,BBB,2014J,F,B,Pass,1,1,0,Scotland,A Level or Equivalent,20-30%,35-55,N,0,60
BBB_2013B_405995,405995,BBB,2013B,F,B,Pass,1,1,0,South East Region,A Level or Equivalent,30-40%,0-35,N,2,120
BBB_2014B_1611973,1611973,BBB,2014B,F,B,Fail,0,0,0,South West Region,A Level or Equivalent,50-60%,35-55,N,0,60
BBB_2013J_2579817,2579817,BBB,2013J,F,B,Withdrawn,0,0,0,London Region,HE Qualification,30-40%,35-55,N,1,60
BBB_2013B_557032,557032,BBB,2013B,F,B,Distinction,1,1,0,East Anglian Region,HE Qualification,80-90%,35-55,N,0,120
BBB_2014B_435282,435282,BBB,2014B,F,B,Fail,0,0,0,South West Region,A Level or Equivalent,70-80%,35-55,Y,2,60
BBB_2013B_550842,550842,BBB,2013B,M,A,Withdrawn,0,0,0,North Western Region,A Level or Equivalent,60-70%,35-55,N,0,60
BBB_2013B_525797,525797,BBB,2013B,F,B,Fail,0,0,0,East Midlands Region,Lower Than A Level,90-100%,0-35,N,1,120
BBB_2013J_590310,590310,BBB,2013J,F,B,Withdrawn,0,0,0,East Midlands Region,Lower Than A Level,0-10%,35-55,N,0,180
BBB_2014J_679232,679232,BBB,2014J,F,B,Pass,1,1,0,North Region,Lower Than A Level,10-20,0-35,N,0,60
BBB_2013B_534426,534426,BBB,2013B,F,B,Withdrawn,0,0,0,North Western Region,A Level or Equivalent,20-30%,0-35,N,0,60
BBB_2013J_535269,535269,BBB,2013J,F,B,Fail,0,0,0,London Region,A Level or Equivalent,20-30%,0-35,N,1,60
BBB_2013J_587623,587623,BBB,2013J,F,B,Withdrawn,0,0,0,South West Region,Lower Than A Level,30-40%,35-55,N,0,60
BBB_2013B_434646,434646,BBB,2013B,F,B,Pass,1,1,0,London Region,HE Qualification,20-30%,0-35,N,1,270
BBB_2013J_564792,564792,BBB,2013J,M,A,Fail,0,0,0,Ireland,A Level or Equivalent,40-50%,0-35,N,0,60
BBB_2013J_571672,571672,BBB,2013J,F,B,Fail,0,0,0,North Western Region,Lower Than A Level,0-10%,35-55,N,0,60
BBB_2013J_2455578,2455578,BBB,2013J,F,B,Pass,1,1,0,South Region,A Level or Equivalent,60-70%,0-35,N,0,120
BBB_2013J_493672,493672,BBB,2013J,F,B,Withdrawn,0,0,0,Scotland,Lower Than A Level,70-80%,35-55,N,0,60
BBB_2013B_2517864,2517864,BBB,2013B,F,B,Pass,1,1,0,South West Region,HE Qualification,30-40%,35-55,N,0,210
BBB_2014J_678114,678114,BBB,2014J,F,B,Withdrawn,0,0,0,North Western Region,Lower Than A Level,0-10%,0-35,N,0,60
BBB_2013J_570623,570623,BBB,2013J,F,B,Pass,1,1,0,North Region,A Level or Equivalent,50-60%,35-55,N,0,60
BBB_2013B_541706,541706,BBB,2013B,F,B,Fail,0,0,0,Wales,A Level or Equivalent,70-80%,0-35,N,0,120
BBB_2013J_588191,588191,BBB,2013J,F,B,Withdrawn,0,0,0,Yorkshire Region,Lower Than A Level,0-10%,0-35,N,0,60
BBB_2013J_538210,538210,BBB,2013J,F,B,Pass,1,1,0,West Midlands Region,Lower Than A Level,50-60%,0-35,N,0,60
BBB_2013J_556427,556427,BBB,2013J,F,B,Withdrawn,0,0,0,East Midlands Region,A Level or Equivalent,20-30%,0-35,N,0,60
BBB_2014J_679059,679059,BBB,2014J,F,B,Pass,1,1,0,South West Region,A Level or Equivalent,60-70%,35-55,N,0,60
BBB_2013J_577049,577049,BBB,2013J,F,B,Withdrawn,0,0,0,Ireland,Lower Than A Level,60-70%,35-55,N,0,60
BBB_2014B_275112,275112,BBB,2014B,F,B,Fail,0,0,0,Wales,No Formal quals,0-10%,35-55,N,3,120
BBB_2014B_616428,616428,BBB,2014B,F,B,Withdrawn,0,0,0,North Western Region,HE Qualification,0-10%,0-35,N,0,60
BBB_2013B_531428,531428,BBB,2013B,F,B,Withdrawn,0,0,0,East Midlands Region,A Level or Equivalent,30-40%,0-35,N,1,120
BBB_2013J_571871,571871,BBB,2013J,F,B,Pass,1,1,0,South East Region,A Level or Equivalent,30-40%,0-35,N,0,120
BBB_2013B_556892,556892,BBB,2013B,F,B,Pass,1,1,0,South Region,A Level or Equivalent,,0-35,N,0,60
BBB_2013B_1480800,1480800,BBB,2013B,F,B,Pass,1,1,0,East Anglian Region,Lower Than A Level,70-80%,35-55,N,0,60
BBB_2014B_542466,542466,BBB,2014B,F,B,Pass,1,1,0,Scotland,A Level or Equivalent,20-30%,0-35,N,2,120
BBB_2013J_597894,597894,BBB,2013J,F,B,Pass,1,1,0,London Region,A Level or Equivalent,10-20,0-35,N,0,120
BBB_2013B_444408,444408,BBB,2013B,F,B,Fail,0,0,0,East Anglian Region,No Formal quals,20-30%,0-35,Y,1,60
BBB_2013B_507359,507359,BBB,2013B,F,B,Pass,1,1,0,London Region,A Level or Equivalent,10-20,35-55,N,1,120
BBB_2013J_525877,525877,BBB,2013J,F,B,Withdrawn,0,0,0,Scotland,Lower Than A Level,0-10%,0-35,Y,2,60
BBB_2014B_1453691,1453691,BBB,2014B,F,B,Withdrawn,0,0,0,South East Region,A Level or Equivalent,10-20,35-55,N,0,60
BBB_2014B_25997,25997,BBB,2014B,F,B,Withdrawn,0,0,0,London Region,A Level or Equivalent,20-30%,0-35,N,2,60
BBB_2013B_549203,549203,BBB,2013B,F,B,Fail,0,0,0,London Region,Lower Than A Level,20-30%,0-35,N,0,60
BBB_2013J_617116,617116,BBB,2013J,F,B,Pass,1,1,0,Wales,HE Qualification,30-40%,0-35,N,0,60
BBB_2014B_537605,537605,BBB,2014B,M,A,Fail,0,0,0,East Midlands Region,A Level or Equivalent,0-10%,0-35,N,1,180
BBB_2013J_464525,464525,BBB,2013J,M,A,Pass,1,1,0,South Region,A Level or Equivalent,20-30%,35-55,N,0,120
BBB_2013B_560319,560319,BBB,2013B,F,B,Pass,1,1,0,East Anglian Region,Lower Than A Level,60-70%,0-35,N,0,60
BBB_2013J_594774,594774,BBB,2013J,F,B,Withdrawn,0,0,0,South Region,A Level or Equivalent,20-30%,35-55,N,0,120
BBB_2013J_604161,604161,BBB,2013J,M,A,Withdrawn,0,0,0,Wales,Lower Than A Level,80-90%,0-35,N,0,120
BBB_2013J_444729,444729,BBB,2013J,F,B,Withdrawn,0,0,0,South Region,Lower Than A Level,90-100%,0-35,N,1,90
BBB_2013J_2476144,2476144,BBB,2013J,F,B,Withdrawn,0,0,0,West Midlands Region,Lower Than A Level,0-10%,35-55,Y,0,120
BBB_2014B_612370,612370,BBB,2014B,F,B,Fail,0,0,0,Yorkshire Region,A Level or Equivalent,0-10%,0-35,N,0,60
BBB_2014J_691026,691026,BBB,2014J,F,B,Pass,1,1,0,East Anglian Region,A Level or Equivalent,80-90%,0-35,N,0,60
BBB_2014B_444858,444858,BBB,2014B,F,B,Fail,0,0,0,London Region,A Level or Equivalent,0-10%,35-55,N,1,120
BBB_2014J_2487573,2487573,BBB,2014J,F,B,Pass,1,1,0,South East Region,Lower Than A Level,90-100%,35-55,N,0,150
BBB_2013B_552222,552222,BBB,2013B,F,B,Withdrawn,0,0,0,East Midlands Region,Lower Than A Level,40-50%,0-35,N,0,60
BBB_2014J_638818,638818,BBB,2014J,F,B,Withdrawn,0,0,0,West Midlands Region,A Level or Equivalent,40-50%,0-35,N,0,120
BBB_2014B_334565,334565,BBB,2014B,M,A,Distinction,1,1,0,Wales,Post Graduate Qualification,80-90%,35-55,N,1,120
BBB_2013J_607286,607286,BBB,2013J,F,B,Withdrawn,0,0,0,West Midlands Region,A Level or Equivalent,0-10%,0-35,N,0,180
BBB_2014B_632547,632547,BBB,2014B,F,B,Fail,0,0,0,East Anglian Region,A Level or Equivalent,70-80%,0-35,N,0,120
BBB_2014J_692625,692625,BBB,2014J,F,B,Withdrawn,0,0,0,South Region,A Level or Equivalent,50-60%,35-55,N,0,60
BBB_2014J_653295,653295,BBB,2014J,F,B,Withdrawn,0,0,0,Wales,Lower Than A Level,20-30%,35-55,Y,0,60
BBB_2014B_553808,553808,BBB,2014B,M,A,Pass,1,1,0,South East Region,A Level or Equivalent,60-70%,0-35,N,0,120
BBB_2014B_547018,547018,BBB,2014B,F,B,Fail,0,0,0,East Anglian Region,A Level or Equivalent,40-50%,35-55,N,0,60
BBB_2014B_624879,624879,BBB,2014B,F,B,Withdrawn,0,0,0,North Western Region,A Level or Equivalent,30-40%,35-55,Y,0,60
BBB_2013J_586843,586843,BBB,2013J,F,B,Pass,1,1,0,East Anglian Region,A Level or Equivalent,0-10%,0-35,N,0,60
BBB_2014J_637003,637003,BBB,2014J,F,B,Pass,1,1,0,South East Region,Lower Than A Level,20-30%,0-35,N,0,60
BBB_2013B_486650,486650,BBB,2013B,F,B,Withdrawn,0,0,0,East Midlands Region,HE Qualification,70-80%,0-35,N,0,120
BBB_2013B_554249,554249,BBB,2013B,F,B,Withdrawn,0,0,0,North Region,A Level or Equivalent,80-90%,0-35,N,0,150
BBB_2013B_494095,494095,BBB,2013B,F,B,Pass,1,1,0,North Western Region,Lower Than A Level,20-30%,0-35,N,0,60
BBB_2014J_530772,530772,BBB,2014J,F,B,Pass,1,1,0,Wales,A Level or Equivalent,20-30%,35-55,N,0,60
BBB_2013J_587824,587824,BBB,2013J,F,B,Fail,0,0,0,London Region,A Level or Equivalent,60-70%,0-35,N,0,120
BBB_2014J_440912,440912,BBB,2014J,M,A,Withdrawn,0,0,0,South Region,A Level or Equivalent,40-50%,35-55,Y,0,120
BBB_2014B_614742,614742,BBB,2014B,F,B,Pass,1,1,0,South Region,A Level or Equivalent,40-50%,0-35,N,0,60
BBB_2013B_548813,548813,BBB,2013B,F,B,Fail,0,0,0,South Region,Lower Than A Level,80-90%,35-55,N,0,60
BBB_2014B_617764,617764,BBB,2014B,F,B,Pass,1,1,0,Wales,Lower Than A Level,70-80%,0-35,N,0,75
BBB_2014J_688011,688011,BBB,2014J,F,B,Pass,1,1,0,South East Region,A Level or Equivalent,60-70%,0-35,N,0,60
BBB_2013B_425817,425817,BBB,2013B,M,A,Withdrawn,0,0,0,East Midlands Region,Lower Than A Level,0-10%,35-55,N,0,120
BBB_2013B_495324,495324,BBB,2013B,F,B,Withdrawn,0,0,0,East Anglian Region,A Level or Equivalent,10-20,35-55,N,1,135
BBB_2014B_2246708,2246708,BBB,2014B,F,B,Withdrawn,0,0,0,South East Region,A Level or Equivalent,60-70%,35-55,Y,0,60
BBB_2014B_620129,620129,BBB,2014B,F,B,Pass,1,1,0,Yorkshire Region,A Level or Equivalent,40-50%,0-35,N,0,120
BBB_2013B_534151,534151,BBB,2013B,F,B,Withdrawn,0,0,0,North Region,Lower Than A Level,40-50%,0-35,N,0,120
BBB_2013J_608578,608578,BBB,2013J,F,B,Pass,1,1,0,South West Region,Lower Than A Level,50-60%,0-35,N,0,60
BBB_2013B_2512392,2512392,BBB,2013B,F,B,Withdrawn,0,0,0,Wales,Lower Than A Level,90-100%,35-55,N,0,120
BBB_2013B_2236738,2236738,BBB,2013B,M,A,Distinction,1,1,0,Scotland,HE Qualification,30-40%,35-55,N,0,120
BBB_2014J_574031,574031,BBB,2014J,F,B,Pass,1,1,0,East Midlands Region,A Level or Equivalent,70-80%,0-35,N,0,60
BBB_2014J_353617,353617,BBB,2014J,F,B,Fail,0,0,0,Wales,Lower Than A Level,0-10%,0-35,N,0,60
BBB_2014B_623392,623392,BBB,2014B,F,B,Withdrawn,0,0,0,Yorkshire Region,No Formal quals,0-10%,0-35,N,0,60
BBB_2013B_554545,554545,BBB,2013B,M,A,Withdrawn,0,0,0,Scotland,Lower Than A Level,60-70%,35-55,N,0,60
BBB_2013B_561167,561167,BBB,2013B,F,B,Pass,1,1,0,South East Region,HE Qualification,80-90%,35-55,N,0,120
BBB_2014J_71504,71504,BBB,2014J,F,B,Pass,1,1,0,East Anglian Region,A Level or Equivalent,20-30%,35-55,N,0,120
BBB_2014B_631442,631442,BBB,2014B,M,A,Fail,0,0,0,South Region,Lower Than A Level,20-30%,0-35,Y,0,60
BBB_2013B_82741,82741,BBB,2013B,F,B,Pass,1,1,0,East Anglian Region,Lower Than A Level,50-60%,0-35,N,0,60
BBB_2014J_684467,684467,BBB,2014J,F,B,Fail,0,0,0,South West Region,Lower Than A Level,30-40%,0-35,N,0,60
BBB_2013J_2455066,2455066,BBB,2013J,F,B,Pass,1,1,0,Yorkshire Region,HE Qualification,10-20,35-55,N,0,60
BBB_2014J_692827,692827,BBB,2014J,F,B,Pass,1,1,0,South East Region,HE Qualification,80-90%,35-55,N,0,60
BBB_2014J_693213,693213,BBB,2014J,F,B,Distinction,1,1,0,Scotland,HE Qualification,90-100%,35-55,N,0,60
BBB_2013B_558662,558662,BBB,2013B,F,B,Fail,0,0,0,London Region,Lower Than A Level,20-30%,35-55,N,0,60
BBB_2014B_622720,622720,BBB,2014B,F,B,Fail,0,0,0,North Western Region,Lower Than A Level,0-10%,35-55,N,0,60
BBB_2013J_421018,421018,BBB,2013J,F,B,Pass,1,1,0,West Midlands Region,HE Qualification,0-10%,0-35,N,0,60
BBB_2013J_439294,439294,BBB,2013J,F,B,Fail,0,0,0,West Midlands Region,Lower Than A Level,0-10%,0-35,N,3,60
BBB_2014J_654545,654545,BBB,2014J,F,B,Fail,0,0,0,Scotland,HE Qualification,0-10%,35-55,N,0,60
BBB_2014J_152973,152973,BBB,2014J,F,B,Pass,1,1,0,Scotland,Lower Than A Level,60-70%,35-55,N,0,120
BBB_2013J_174222,174222,BBB,2013J,F,B,Pass,1,1,0,South West Region,Lower Than A Level,80-90%,0-35,N,0,60
BBB_2014B_521671,521671,BBB,2014B,F,B,Fail,0,0,0,South Region,A Level or Equivalent,70-80%,0-35,N,0,60
BBB_2014J_648182,648182,BBB,2014J,F,B,Pass,1,1,0,South West Region,A Level or Equivalent,40-50%,35-55,N,0,60
BBB_2014J_2045569,2045569,BBB,2014J,F,B,Withdrawn,0,0,0,Yorkshire Region,Lower Than A Level,0-10%,35-55,N,0,60
BBB_2014J_647711,647711,BBB,2014J,M,A,Withdrawn,0,0,0,South West Region,Lower Than A Level,10-20,0-35,N,0,60
BBB_2014J_363213,363213,BBB,2014J,M,A,Pass,1,1,0,Scotland,A Level or Equivalent,20-30%,0-35,N,0,60
BBB_2013B_545799,545799,BBB,2013B,F,B,Withdrawn,0,0,0,London Region,A Level or Equivalent,30-40%,0-35,N,0,60
BBB_2013J_607848,607848,BBB,2013J,F,B,Withdrawn,0,0,0,North Western Region,Lower Than A Level,20-30%,0-35,N,0,180
BBB_2013B_547409,547409,BBB,2013B,F,B,Fail,0,0,0,London Region,Lower Than A Level,10-20,0-35,N,0,60
BBB_2013J_600771,600771,BBB,2013J,M,A,Pass,1,1,0,South East Region,Lower Than A Level,10-20,35-55,N,0,60
BBB_2014B_630182,630182,BBB,2014B,M,A,Withdrawn,0,0,0,West Midlands Region,Lower Than A Level,20-30%,0-35,N,0,60
BBB_2013J_197240,197240,BBB,2013J,F,B,Pass,1,1,0,Yorkshire Region,A Level or Equivalent,30-40%,0-35,N,1,150
BBB_2013J_607517,607517,BBB,2013J,F,B,Withdrawn,0,0,0,East Midlands Region,No Formal quals,20-30%,0-35,N,0,60
BBB_2014J_547788,547788,BBB,2014J,F,B,Pass,1,1,0,Scotland,HE Qualification,70-80%,0-35,N,0,60
BBB_2013J_2680885,2680885,BBB,2013J,F,B,Distinction,1,1,0,South Region,Lower Than A Level,50-60%,0-35,Y,0,60
BBB_2013J_587732,587732,BBB,2013J,F,B,Pass,1,1,0,Yorkshire Region,A Level or Equivalent,10-20,35-55,N,0,60
BBB_2014J_647220,647220,BBB,2014J,F,B,Withdrawn,0,0,0,South West Region,Lower Than A Level,40-50%,0-35,N,0,120
BBB_2014B_628954,628954,BBB,2014B,F,B,Pass,1,1,0,South Region,Lower Than A Level,90-100%,0-35,N,0,60
BBB_2014J_551000,551000,BBB,2014J,F,B,Fail,0,0,0,Wales,A Level or Equivalent,40-50%,0-35,N,1,120
BBB_2013J_606627,606627,BBB,2013J,F,B,Withdrawn,0,0,0,Scotland,HE Qualification,50-60%,35-55,N,0,60
BBB_2014B_614909,614909,BBB,2014B,F,B,Distinction,1,1,0,Scotland,A Level or Equivalent,30-40%,0-35,N,0,60
BBB_2014B_612721,612721,BBB,2014B,F,B,Distinction,1,1,0,South West Region,A Level or Equivalent,50-60%,35-55,N,0,60
BBB_2013B_505376,505376,BBB,2013B,F,B,Pass,1,1,0,South Region,Lower Than A Level,60-70%,0-35,N,0,60
BBB_2013J_57079,57079,BBB,2013J,F,B,Fail,0,0,0,London Region,Lower Than A Level,30-40%,35-55,N,0,60
BBB_2013B_560458,560458,BBB,2013B,F,B,Withdrawn,0,0,0,South East Region,A Level or Equivalent,90-100%,0-35,N,0,120
BBB_2013J_504022,504022,BBB,2013J,F,B,Pass,1,1,0,North Region,A Level or Equivalent,0-10%,0-35,N,1,120
BBB_2014B_394520,394520,BBB,2014B,F,B,Pass,1,1,0,North Region,Lower Than A Level,80-90%,0-35,N,0,120
BBB_2013B_410739,410739,BBB,2013B,F,B,Pass,1,1,0,East Midlands Region,Lower Than A Level,80-90%,35-55,N,0,120
BBB_2013J_174440,174440,BBB,2013J,F,B,Fail,0,0,0,Wales,Lower Than A Level,70-80%,0-35,N,0,60
BBB_2014B_581647,581647,BBB,2014B,F,B,Withdrawn,0,0,0,East Midlands Region,Lower Than A Level,20-30%,0-35,Y,1,120
BBB_2013B_534744,534744,BBB,2013B,F,B,Fail,0,0,0,North Western Region,Lower Than A Level,40-50%,0-35,N,0,60
BBB_2013J_109372,109372,BBB,2013J,F,B,Pass,1,1,0,South West Region,Lower Than A Level,,0-35,N,0,60
BBB_2014J_698025,698025,BBB,2014J,F,B,Withdrawn,0,0,0,North Region,Lower Than A Level,20-30%,0-35,N,0,60
BBB_2013B_108377,108377,BBB,2013B,F,B,Pass,1,1,0,South Region,Lower Than A Level,30-40%,35-55,Y,0,120
BBB_2014B_611974,611974,BBB,2014B,F,B,Withdrawn,0,0,0,North Western Region,Lower Than A Level,0-10%,0-35,N,0,60
BBB_2013J_197412,197412,BBB,2013J,F,B,Pass,1,1,0,North Western Region,A Level or Equivalent,10-20,0-35,N,0,60
BBB_2014B_487002,487002,BBB,2014B,F,B,Distinction,1,1,0,South East Region,A Level or Equivalent,20-30%,0-35,N,0,180
BBB_2014J_59272,59272,BBB,2014J,F,B,Pass,1,1,0,South East Region,Lower Than A Level,60-70%,0-35,N,0,60
BBB_2014J_1843123,1843123,BBB,2014J,F,B,Pass,1,1,0,Scotland,HE Qualification,80-90%,35-55,N,0,60
BBB_2014J_684736,684736,BBB,2014J,F,B,Withdrawn,0,0,0,East Anglian Region,Lower Than A Level,80-90%,35-55,N,0,60
BBB_2014J_2145101,2145101,BBB,2014J,F,B,Withdrawn,0,0,0,Scotland,Lower Than A Level,0-10%,0-35,N,0,120
BBB_2014J_692907,692907,BBB,2014J,F,B,Pass,1,1,0,West Midlands Region,HE Qualification,40-50%,0-35,N,0,60
BBB_2014J_1585768,1585768,BBB,2014J,F,B,Fail,0,0,0,Wales,A Level or Equivalent,80-90%,35-55,N,0,60
BBB_2013B_524101,524101,BBB,2013B,F,B,Withdrawn,0,0,0,North Region,Lower Than A Level,50-60%,35-55,N,1,120
BBB_2014J_683002,683002,BBB,2014J,F,B,Distinction,1,1,0,Yorkshire Region,HE Qualification,70-80%,35-55,N,0,60
BBB_2014J_2685247,2685247,BBB,2014J,F,B,Distinction,1,1,0,Ireland,A Level or Equivalent,20-30%,0-35,N,0,60
BBB_2014J_550245,550245,BBB,2014J,F,B,Pass,1,1,0,South Region,Lower Than A Level,70-80%,0-35,N,0,60
BBB_2014J_684525,684525,BBB,2014J,F,B,Withdrawn,0,0,0,West Midlands Region,Lower Than A Level,20-30%,0-35,N,0,120
BBB_2013J_607382,607382,BBB,2013J,F,B,Fail,0,0,0,London Region,A Level or Equivalent,10-20,0-35,N,0,120
BBB_2013J_56340,56340,BBB,2013J,F,B,Fail,0,0,0,South Region,Lower Than A Level,20-30%,0-35,N,0,60
BBB_2014J_680878,680878,BBB,2014J,M,A,Withdrawn,0,0,0,West Midlands Region,Lower Than A Level,20-30%,0-35,N,0,60
BBB_2013J_572752,572752,BBB,2013J,F,B,Pass,1,1,0,London Region,HE Qualification,90-100%,35-55,N,0,60
BBB_2013J_427683,427683,BBB,2013J,F,B,Withdrawn,0,0,0,Scotland,Lower Than A Level,20-30%,0-35,N,0,120
BBB_2014B_620126,620126,BBB,2014B,F,B,Withdrawn,0,0,0,East Anglian Region,A Level or Equivalent,90-100%,0-35,N,0,60
BBB_2014J_297685,297685,BBB,2014J,F,B,Pass,1,1,0,South West Region,A Level or Equivalent,60-70%,35-55,N,0,120
BBB_2013J_396256,396256,BBB,2013J,F,B,Withdrawn,0,0,0,South East Region,Lower Than A Level,30-40%,0-35,N,1,60
BBB_2014J_686703,686703,BBB,2014J,F,B,Withdrawn,0,0,0,Yorkshire Region,Lower Than A Level,0-10%,0-35,N,0,120
BBB_2013B_442143,442143,BBB,2013B,F,B,Withdrawn,0,0,0,South West Region,A Level or Equivalent,40-50%,0-35,N,0,120
BBB_2014B_631444,631444,BBB,2014B,F,B,Withdrawn,0,0,0,Wales,A Level or Equivalent,20-30%,0-35,N,0,60
BBB_2014J_61352,61352,BBB,2014J,F,B,Withdrawn,0,0,0,Yorkshire Region,A Level or Equivalent,0-10%,0-35,N,2,60
BBB_2014B_586417,586417,BBB,2014B,F,B,Withdrawn,0,0,0,North Western Region,A Level or Equivalent,20-30%,35-55,N,0,60
BBB_2013B_544444,544444,BBB,2013B,F,B,Withdrawn,0,0,0,Wales,Lower Than A Level,0-10%,35-55,N,0,60
BBB_2014B_631341,631341,BBB,2014B,F,B,Fail,0,0,0,West Midlands Region,A Level or Equivalent,10-20,0-35,N,0,60
BBB_2013B_471219,471219,BBB,2013B,F,B,Fail,0,0,0,North Western Region,HE Qualification,50-60%,35-55,N,1,120
BBB_2014B_620950,620950,BBB,2014B,F,B,Withdrawn,0,0,0,North Western Region,Lower Than A Level,30-40%,0-35,N,0,120
BBB_2014B_1932474,1932474,BBB,2014B,F,B,Distinction,1,1,0,North Region,HE Qualification,80-90%,35-55,N,0,60
BBB_2013B_155735,155735,BBB,2013B,F,B,Withdrawn,0,0,0,West Midlands Region,Lower Than A Level,0-10%,0-35,N,1,60
BBB_2014B_629886,629886,BBB,2014B,F,B,Pass,1,1,0,Scotland,Lower Than A Level,40-50%,35-55,N,0,60
BBB_2013J_600279,600279,BBB,2013J,F,B,Pass,1,1,0,East Anglian Region,Lower Than A Level,50-60%,0-35,N,0,120
BBB_2013J_606572,606572,BBB,2013J,F,B,Pass,1,1,0,West Midlands Region,A Level or Equivalent,0-10%,35-55,N,0,120
BBB_2014B_627244,627244,BBB,2014B,F,B,Pass,1,1,0,West Midlands Region,A Level or Equivalent,60-70%,0-35,N,0,60
BBB_2014J_626660,626660,BBB,2014J,F,B,Withdrawn,0,0,0,South West Region,Lower Than A Level,50-60%,35-55,N,0,120
BBB_2014J_651605,651605,BBB,2014J,M,A,Pass,1,1,0,Wales,Lower Than A Level,10-20,35-55,N,0,60
BBB_2013J_586836,586836,BBB,2013J,F,B,Fail,0,0,0,West Midlands Region,Lower Than A Level,0-10%,35-55,N,0,60
BBB_2014J_641045,641045,BBB,2014J,F,B,Withdrawn,0,0,0,North Region,Lower Than A Level,30-40%,0-35,N,0,120
BBB_2013J_408975,408975,BBB,2013J,F,B,Pass,1,1,0,Ireland,A Level or Equivalent,60-70%,0-35,N,0,60
BBB_2013B_445125,445125,BBB,2013B,F,B,Fail,0,0,0,West Midlands Region,A Level or Equivalent,30-40%,0-35,N,0,60
BBB_2014J_308850,308850,BBB,2014J,M,A,Fail,0,0,0,Wales,Lower Than A Level,10-20,35-55,N,0,120
BBB_2013B_247267,247267,BBB,2013B,M,A,Fail,0,0,0,South East Region,Lower Than A Level,70-80%,0-35,N,0,60
BBB_2013J_584178,584178,BBB,2013J,F,B,Pass,1,1,0,Yorkshire Region,A Level or Equivalent,20-30%,0-35,N,0,60
BBB_2014J_1533277,1533277,BBB,2014J,F,B,Pass,1,1,0,Yorkshire Region,Lower Than A Level,40-50%,35-55,N,0,60
BBB_2014J_576203,576203,BBB,2014J,F,B,Fail,0,0,0,East Anglian Region,HE Qualification,50-60%,0-35,N,0,60
BBB_2013J_522714,522714,BBB,2013J,F,B,Pass,1,1,0,Wales,A Level or Equivalent,30-40%,0-35,N,0,60
BBB_2014B_626297,626297,BBB,2014B,F,B,Fail,0,0,0,South Region,Lower Than A Level,90-100%,35-55,N,0,60
BBB_2013B_2444102,2444102,BBB,2013B,F,B,Withdrawn,0,0,0,South East Region,HE Qualification,80-90%,0-35,N,0,60
BBB_2013B_466973,466973,BBB,2013B,F,B,Fail,0,0,0,South East Region,Lower Than A Level,40-50%,0-35,N,1,60
BBB_2013B_549651,549651,BBB,2013B,F,B,Pass,1,1,0,London Region,Lower Than A Level,10-20,0-35,N,0,60
BBB_2013J_605595,605595,BBB,2013J,F,B,Fail,0,0,0,East Anglian Region,Lower Than A Level,70-80%,0-35,Y,0,60
BBB_2013B_557968,557968,BBB,2013B,F,B,Distinction,1,1,0,Wales,A Level or Equivalent,40-50%,0-35,N,0,70
BBB_2013J_573777,573777,BBB,2013J,F,B,Pass,1,1,0,East Anglian Region,A Level or Equivalent,40-50%,0-35,N,0,120
BBB_2014B_559861,559861,BBB,2014B,F,B,Pass,1,1,0,South East Region,A Level or Equivalent,90-100%,0-35,N,0,60
BBB_2014B_627388,627388,BBB,2014B,F,B,Distinction,1,1,0,South East Region,A Level or Equivalent,50-60%,0-35,N,0,60
BBB_2013B_494278,494278,BBB,2013B,F,B,Pass,1,1,0,North Western Region,Lower Than A Level,70-80%,35-55,N,0,60
BBB_2014J_680970,680970,BBB,2014J,F,B,Distinction,1,1,0,South East Region,HE Qualification,80-90%,35-55,N,0,120
BBB_2014B_487543,487543,BBB,2014B,M,A,Pass,1,1,0,East Anglian Region,A Level or Equivalent,30-40%,0-35,N,0,180
BBB_2014B_618957,618957,BBB,2014B,F,B,Withdrawn,0,0,0,London Region,Lower Than A Level,10-20,0-35,N,0,60
BBB_2013J_599432,599432,BBB,2013J,F,B,Withdrawn,0,0,0,East Anglian Region,A Level or Equivalent,0-10%,0-35,N,0,120
BBB_2014J_598769,598769,BBB,2014J,F,B,Fail,0,0,0,Wales,Lower Than A Level,20-30%,0-35,N,2,180
BBB_2013B_559610,559610,BBB,2013B,F,B,Fail,0,0,0,East Midlands Region,A Level or Equivalent,50-60%,35-55,N,0,60
BBB_2013B_511050,511050,BBB,2013B,M,A,Pass,1,1,0,West Midlands Region,Lower Than A Level,50-60%,35-55,N,0,60
BBB_2014J_689132,689132,BBB,2014J,F,B,Pass,1,1,0,Ireland,Lower Than A Level,70-80%,35-55,N,0,60
BBB_2014J_700441,700441,BBB,2014J,F,B,Pass,1,1,0,South Region,HE Qualification,80-90%,35-55,N,0,120
BBB_2014J_678953,678953,BBB,2014J,M,A,Withdrawn,0,0,0,Scotland,HE Qualification,50-60%,35-55,N,0,90
BBB_2013J_603398,603398,BBB,2013J,F,B,Pass,1,1,0,Scotland,Lower Than A Level,40-50%,35-55,N,0,60
BBB_2013J_522434,522434,BBB,2013J,M,A,Pass,1,1,0,Scotland,Lower Than A Level,0-10%,35-55,N,0,60
BBB_2013J_536852,536852,BBB,2013J,F,B,Fail,0,0,0,East Anglian Region,Lower Than A Level,40-50%,0-35,N,0,60
BBB_2014B_557351,557351,BBB,2014B,F,B,Fail,0,0,0,South West Region,A Level or Equivalent,50-60%,35-55,N,1,120
BBB_2014J_603580,603580,BBB,2014J,F,B,Pass,1,1,0,South East Region,Lower Than A Level,70-80%,35-55,N,0,120
BBB_2014J_685779,685779,BBB,2014J,F,B,Pass,1,1,0,Wales,HE Qualification,30-40%,0-35,N,0,60
BBB_2014J_692544,692544,BBB,2014J,F,B,Pass,1,1,0,Wales,Lower Than A Level,10-20,35-55,N,0,60
BBB_2014B_553000,553000,BBB,2014B,F,B,Withdrawn,0,0,0,East Midlands Region,Lower Than A Level,10-20,0-35,N,0,60
BBB_2014J_647940,647940,BBB,2014J,F,B,Withdrawn,0,0,0,East Midlands Region,Lower Than A Level,0-10%,0-35,N,0,60
BBB_2014B_615218,615218,BBB,2014B,F,B,Fail,0,0,0,North Western Region,Lower Than A Level,10-20,0-35,Y,0,60
BBB_2014B_633130,633130,BBB,2014B,M,A,Pass,1,1,0,Ireland,Lower Than A Level,80-90%,0-35,N,0,60
BBB_2014B_556012,556012,BBB,2014B,M,A,Fail,0,0,0,East Anglian Region,Lower Than A Level,20-30%,0-35,Y,0,60
BBB_2013B_1789199,1789199,BBB,2013B,F,B,Pass,1,1,0,Yorkshire Region,Lower Than A Level,40-50%,35-55,N,1,120
BBB_2013B_537434,537434,BBB,2013B,F,B,Pass,1,1,0,Ireland,A Level or Equivalent,20-30%,0-35,N,0,180
BBB_2013B_509226,509226,BBB,2013B,F,B,Pass,1,1,0,West Midlands Region,Lower Than A Level,60-70%,0-35,N,0,120
BBB_2013J_591978,591978,BBB,2013J,M,A,Fail,0,0,0,East Anglian Region,Lower Than A Level,60-70%,0-35,N,0,60
BBB_2013J_185597,185597,BBB,2013J,F,B,Withdrawn,0,0,0,East Anglian Region,Lower Than A Level,80-90%,0-35,N,0,90
BBB_2014B_2148859,2148859,BBB,2014B,F,B,Pass,1,1,0,East Anglian Region,Lower Than A Level,50-60%,0-35,N,0,60
BBB_2014B_586435,586435,BBB,2014B,F,B,Withdrawn,0,0,0,London Region,Lower Than A Level,0-10%,0-35,N,0,120
BBB_2013J_287107,287107,BBB,2013J,F,B,Distinction,1,1,0,North Western Region,A Level or Equivalent,0-10%,35-55,N,0,60
BBB_2013J_484446,484446,BBB,2013J,F,B,Withdrawn,0,0,0,South West Region,A Level or Equivalent,20-30%,0-35,N,0,180
BBB_2014B_381525,381525,BBB,2014B,F,B,Withdrawn,0,0,0,East Anglian Region,Lower Than A Level,60-70%,0-35,Y,0,60
BBB_2013B_309175,309175,BBB,2013B,F,B,Pass,1,1,0,London Region,Lower Than A Level,40-50%,0-35,N,0,60
BBB_2013B_550278,550278,BBB,2013B,F,B,Withdrawn,0,0,0,North Region,Lower Than A Level,10-20,35-55,N,0,60
BBB_2013J_567925,567925,BBB,2013J,F,B,Withdrawn,0,0,0,North Western Region,Lower Than A Level,60-70%,0-35,N,0,60
BBB_2013J_557652,557652,BBB,2013J,F,B,Fail,0,0,0,East Anglian Region,Lower Than A Level,70-80%,0-35,N,0,120
BBB_2013J_582963,582963,BBB,2013J,F,B,Withdrawn,0,0,0,South West Region,A Level or Equivalent,50-60%,0-35,N,0,120
BBB_2013J_539426,539426,BBB,2013J,F,B,Fail,0,0,0,London Region,No Formal quals,20-30%,35-55,N,1,60
BBB_2013B_537255,537255,BBB,2013B,F,B,Pass,1,1,0,North Region,Lower Than A Level,10-20,0-35,N,0,60
BBB_2013J_553825,553825,BBB,2013J,F,B,Pass,1,1,0,South Region,Lower Than A Level,70-80%,0-35,N,0,120
BBB_2014J_676962,676962,BBB,2014J,M,A,Pass,1,1,0,Wales,Lower Than A Level,50-60%,0-35,N,0,60
BBB_2013J_595436,595436,BBB,2013J,F,B,Pass,1,1,0,Wales,HE Qualification,10-20,0-35,N,0,90
BBB_2013B_552069,552069,BBB,2013B,F,B,Withdrawn,0,0,0,Yorkshire Region,A Level or Equivalent,0-10%,0-35,N,0,60
BBB_2013B_412654,412654,BBB,2013B,M,A,Pass,1,1,0,Scotland,A Level or Equivalent,20-30%,0-35,N,1,60
BBB_2013J_494789,494789,BBB,2013J,F,B,Distinction,1,1,0,Wales,HE Qualification,80-90%,0-35,N,0,120
BBB_2014B_613718,613718,BBB,2014B,F,B,Pass,1,1,0,Ireland,A Level or Equivalent,90-100%,0-35,N,0,120
BBB_2013B_384678,384678,BBB,2013B,M,A,Fail,0,0,0,London Region,HE Qualification,80-90%,0-35,N,0,60
BBB_2014B_1626021,1626021,BBB,2014B,F,B,Pass,1,1,0,London Region,Lower Than A Level,20-30%,35-55,N,0,60
BBB_2013J_2539858,2539858,BBB,2013J,M,A,Distinction,1,1,0,South West Region,A Level or Equivalent,20-30%,35-55,N,0,180
BBB_2013J_574998,574998,BBB,2013J,F,B,Withdrawn,0,0,0,East Anglian Region,Lower Than A Level,90-100%,35-55,N,0,120
BBB_2014J_646484,646484,BBB,2014J,F,B,Pass,1,1,0,Scotland,A Level or Equivalent,50-60%,35-55,N,0,60
BBB_2013B_548255,548255,BBB,2013B,F,B,Distinction,1,1,0,South West Region,A Level or Equivalent,90-100%,35-55,N,0,60
BBB_2013B_92832,92832,BBB,2013B,F,B,Pass,1,1,0,East Anglian Region,A Level or Equivalent,20-30%,0-35,N,0,60
BBB_2014B_626126,626126,BBB,2014B,F,B,Pass,1,1,0,Yorkshire Region,A Level or Equivalent,40-50%,0-35,N,0,60
BBB_2013J_574146,574146,BBB,2013J,F,B,Withdrawn,0,0,0,East Anglian Region,Lower Than A Level,60-70%,0-35,N,0,60
BBB_2013B_2474493,2474493,BBB,2013B,F,B,Pass,1,1,0,South East Region,A Level or Equivalent,50-60%,0-35,N,0,120
BBB_2013B_510492,510492,BBB,2013B,F,B,Fail,0,0,0,South West Region,Lower Than A Level,80-90%,0-35,N,0,180
BBB_2014B_260955,260955,BBB,2014B,F,B,Fail,0,0,0,Yorkshire Region,Lower Than A Level,10-20,35-55,N,0,120
BBB_2014B_635246,635246,BBB,2014B,F,B,Fail,0,0,0,Wales,Lower Than A Level,30-40%,0-35,N,0,60
BBB_2013J_597078,597078,BBB,2013J,M,A,Fail,0,0,0,North Western Region,A Level or Equivalent,10-20,35-55,N,0,60
BBB_2013J_2573570,2573570,BBB,2013J,F,B,Withdrawn,0,0,0,North Western Region,A Level or Equivalent,60-70%,0-35,N,0,60
BBB_2013B_298322,298322,BBB,2013B,F,B,Pass,1,1,0,East Anglian Region,HE Qualification,30-40%,35-55,N,1,120
BBB_2014B_586086,586086,BBB,2014B,F,B,Pass,1,1,0,Wales,Lower Than A Level,80-90%,35-55,N,0,60
BBB_2014B_623660,623660,BBB,2014B,F,B,Pass,1,1,0,Scotland,HE Qualification,10-20,35-55,N,0,60
BBB_2013B_475688,475688,BBB,2013B,M,A,Pass,1,1,0,North Western Region,A Level or Equivalent,70-80%,0-35,Y,0,120
BBB_2014J_689129,689129,BBB,2014J,F,B,Pass,1,1,0,Ireland,A Level or Equivalent,30-40%,0-35,N,0,60
BBB_2014J_696844,696844,BBB,2014J,F,B,Pass,1,1,0,East Anglian Region,HE Qualification,50-60%,0-35,N,0,120
BBB_2013B_555902,555902,BBB,2013B,F,B,Fail,0,0,0,Scotland,A Level or Equivalent,70-80%,0-35,N,0,60
BBB_2013B_557827,557827,BBB,2013B,F,B,Fail,0,0,0,North Western Region,A Level or Equivalent,30-40%,0-35,Y,0,60
BBB_2013J_596964,596964,BBB,2013J,F,B,Pass,1,1,0,North Western Region,A Level or Equivalent,10-20,0-35,Y,0,60
BBB_2014J_697893,697893,BBB,2014J,F,B,Withdrawn,0,0,0,East Anglian Region,Lower Than A Level,50-60%,0-35,N,0,120
BBB_2013B_549406,549406,BBB,2013B,F,B,Fail,0,0,0,Scotland,A Level or Equivalent,20-30%,0-35,N,0,60
BBB_2014J_686725,686725,BBB,2014J,F,B,Pass,1,1,0,Wales,A Level or Equivalent,50-60%,0-35,N,0,120
BBB_2014B_621323,621323,BBB,2014B,M,A,Withdrawn,0,0,0,Scotland,A Level or Equivalent,40-50%,0-35,N,0,60
BBB_2013B_556605,556605,BBB,2013B,F,B,Pass,1,1,0,London Region,HE Qualification,50-60%,35-55,N,0,60
BBB_2014J_655414,655414,BBB,2014J,F,B,Withdrawn,0,0,0,West Midlands Region,Lower Than A Level,60-70%,0-35,N,0,60
BBB_2013B_368439,368439,BBB,2013B,F,B,Fail,0,0,0,London Region,Lower Than A Level,10-20,0-35,N,1,60
BBB_2014J_497084,497084,BBB,2014J,M,A,Pass,1,1,0,South East Region,Lower Than A Level,70-80%,0-35,Y,0,60
BBB_2013J_514864,514864,BBB,2013J,F,B,Pass,1,1,0,West Midlands Region,Lower Than A Level,10-20,0-35,N,0,60
BBB_2013J_336646,336646,BBB,2013J,F,B,Fail,0,0,0,South West Region,Lower Than A Level,30-40%,0-35,N,0,120
BBB_2014J_490299,490299,BBB,2014J,F,B,Withdrawn,0,0,0,South Region,Lower Than A Level,50-60%,0-35,N,0,60
BBB_2014J_675116,675116,BBB,2014J,F,B,Withdrawn,0,0,0,London Region,Lower Than A Level,30-40%,0-35,N,0,240
BBB_2014J_649247,649247,BBB,2014J,F,B,Withdrawn,0,0,0,East Anglian Region,Lower Than A Level,50-60%,35-55,N,0,60
BBB_2013J_601504,601504,BBB,2013J,F,B,Pass,1,1,0,Ireland,Lower Than A Level,50-60%,35-55,N,0,60
BBB_2014B_585547,585547,BBB,2014B,F,B,Pass,1,1,0,London Region,A Level or Equivalent,50-60%,0-35,N,0,120
BBB_2014J_628679,628679,BBB,2014J,F,B,Pass,1,1,0,South Region,A Level or Equivalent,10-20,0-35,N,0,60
BBB_2014J_622722,622722,BBB,2014J,F,B,Withdrawn,0,0,0,South East Region,Lower Than A Level,50-60%,0-35,N,0,60
BBB_2014J_677873,677873,BBB,2014J,F,B,Pass,1,1,0,South Region,A Level or Equivalent,,0-35,N,0,60
BBB_2014J_682107,682107,BBB,2014J,F,B,Pass,1,1,0,East Anglian Region,A Level or Equivalent,30-40%,0-35,N,0,60
BBB_2014J_177554,177554,BBB,2014J,F,B,Fail,0,0,0,South Region,A Level or Equivalent,40-50%,0-35,N,0,60
BBB_2014B_1431750,1431750,BBB,2014B,M,A,Fail,0,0,0,West Midlands Region,A Level or Equivalent,60-70%,55<=,N,2,60
BBB_2013B_545697,545697,BBB,2013B,F,B,Pass,1,1,0,South West Region,Lower Than A Level,50-60%,0-35,Y,0,60
BBB_2014B_2659042,2659042,BBB,2014B,F,B,Distinction,1,1,0,East Midlands Region,Lower Than A Level,50-60%,0-35,N,0,120
BBB_2014B_632712,632712,BBB,2014B,F,B,Fail,0,0,0,Yorkshire Region,A Level or Equivalent,10-20,0-35,N,0,60
BBB_2013B_558024,558024,BBB,2013B,F,B,Pass,1,1,0,West Midlands Region,A Level or Equivalent,20-30%,0-35,N,0,60
BBB_2014J_692496,692496,BBB,2014J,F,B,Fail,0,0,0,Wales,Lower Than A Level,20-30%,0-35,N,0,60
BBB_2013B_392428,392428,BBB,2013B,F,B,Pass,1,1,0,South West Region,HE Qualification,20-30%,35-55,N,1,120
BBB_2013B_2288607,2288607,BBB,2013B,F,B,Distinction,1,1,0,South East Region,Lower Than A Level,50-60%,35-55,N,2,120
BBB_2014B_633499,633499,BBB,2014B,F,B,Pass,1,1,0,West Midlands Region,HE Qualification,0-10%,35-55,N,0,60
BBB_2013B_486656,486656,BBB,2013B,F,B,Distinction,1,1,0,Yorkshire Region,A Level or Equivalent,50-60%,35-55,N,1,120
BBB_2014J_197527,197527,BBB,2014J,F,B,Fail,0,0,0,Wales,Lower Than A Level,70-80%,0-35,N,0,60
BBB_2013B_2540746,2540746,BBB,2013B,F,B,Withdrawn,0,0,0,West Midlands Region,Lower Than A Level,10-20,0-35,N,0,60
BBB_2014J_2326401,2326401,BBB,2014J,F,B,Withdrawn,0,0,0,South Region,Lower Than A Level,40-50%,0-35,N,0,60
BBB_2013J_585618,585618,BBB,2013J,F,B,Withdrawn,0,0,0,West Midlands Region,Lower Than A Level,0-10%,0-35,N,0,60
BBB_2013B_557170,557170,BBB,2013B,F,B,Withdrawn,0,0,0,Yorkshire Region,A Level or Equivalent,20-30%,0-35,N,0,60
BBB_2013B_555086,555086,BBB,2013B,F,B,Pass,1,1,0,Yorkshire Region,A Level or Equivalent,60-70%,0-35,N,0,60
BBB_2013J_611051,611051,BBB,2013J,M,A,Fail,0,0,0,Wales,HE Qualification,30-40%,35-55,N,0,60
BBB_2014B_381909,381909,BBB,2014B,F,B,Distinction,1,1,0,Yorkshire Region,A Level or Equivalent,60-70%,35-55,N,0,120
BBB_2014J_683779,683779,BBB,2014J,F,B,Pass,1,1,0,Wales,Lower Than A Level,20-30%,0-35,N,0,60
BBB_2014J_680453,680453,BBB,2014J,F,B,Pass,1,1,0,South West Region,Lower Than A Level,50-60%,0-35,Y,0,60
BBB_2013J_551347,551347,BBB,2013J,M,A,Pass,1,1,0,Wales,Lower Than A Level,30-40%,0-35,N,1,60
BBB_2013J_587961,587961,BBB,2013J,F,B,Fail,0,0,0,Yorkshire Region,Lower Than A Level,0-10%,0-35,N,0,60
BBB_2014J_687217,687217,BBB,2014J,F,B,Withdrawn,0,0,0,Wales,Lower Than A Level,0-10%,0-35,N,0,60
BBB_2014B_628580,628580,BBB,2014B,F,B,Distinction,1,1,0,North Western Region,HE Qualification,0-10%,0-35,Y,0,120
BBB_2013J_234929,234929,BBB,2013J,F,B,Fail,0,0,0,Wales,HE Qualification,80-90%,0-35,N,1,60
BBB_2014J_399737,399737,BBB,2014J,M,A,Distinction,1,1,0,East Anglian Region,A Level or Equivalent,50-60%,35-55,N,1,60
BBB_2013J_591518,591518,BBB,2013J,F,B,Distinction,1,1,0,North Western Region,A Level or Equivalent,90-100%,35-55,N,0,60
BBB_2014J_2423078,2423078,BBB,2014J,M,A,Fail,0,0,0,London Region,A Level or Equivalent,0-10%,35-55,N,2,60
BBB_2013J_141949,141949,BBB,2013J,F,B,Pass,1,1,0,East Anglian Region,Lower Than A Level,20-30%,0-35,N,1,60
BBB_2014B_2421428,2421428,BBB,2014B,F,B,Withdrawn,0,0,0,East Midlands Region,Lower Than A Level,90-100%,35-55,N,0,60
BBB_2013B_253250,253250,BBB,2013B,F,B,Withdrawn,0,0,0,North Region,A Level or Equivalent,40-50%,0-35,N,1,60
BBB_2013J_547979,547979,BBB,2013J,F,B,Withdrawn,0,0,0,South East Region,No Formal quals,60-70%,0-35,N,0,120
BBB_2014J_679989,679989,BBB,2014J,M,A,Withdrawn,0,0,0,Yorkshire Region,Lower Than A Level,10-20,35-55,N,0,60
BBB_2014J_2264569,2264569,BBB,2014J,F,B,Withdrawn,0,0,0,London Region,A Level or Equivalent,30-40%,35-55,N,0,60
BBB_2013J_552177,552177,BBB,2013J,F,B,Fail,0,0,0,North Western Region,A Level or Equivalent,20-30%,0-35,N,0,60
BBB_2013J_583708,583708,BBB,2013J,F,B,Pass,1,1,0,East Anglian Region,A Level or Equivalent,50-60%,35-55,N,0,60
BBB_2014J_695278,695278,BBB,2014J,F,B,Pass,1,1,0,Ireland,Lower Than A Level,10-20,35-55,N,0,60
BBB_2014B_504393,504393,BBB,2014B,F,B,Withdrawn,0,0,0,West Midlands Region,A Level or Equivalent,90-100%,0-35,N,0,60
BBB_2014B_628655,628655,BBB,2014B,F,B,Fail,0,0,0,West Midlands Region,A Level or Equivalent,50-60%,0-35,N,0,60
BBB_2014B_617126,617126,BBB,2014B,F,B,Withdrawn,0,0,0,Scotland,HE Qualification,60-70%,35-55,N,0,60
BBB_2014J_496373,496373,BBB,2014J,F,B,Withdrawn,0,0,0,Yorkshire Region,Lower Than A Level,40-50%,0-35,N,0,240
BBB_2014J_118213,118213,BBB,2014J,F,B,Fail,0,0,0,London Region,HE Qualification,20-30%,35-55,N,0,60
BBB_2014B_628635,628635,BBB,2014B,F,B,Pass,1,1,0,Scotland,Lower Than A Level,70-80%,0-35,N,0,60
BBB_2014J_690384,690384,BBB,2014J,F,B,Pass,1,1,0,West Midlands Region,Lower Than A Level,50-60%,0-35,N,0,120
BBB_2014B_616809,616809,BBB,2014B,F,B,Withdrawn,0,0,0,North Western Region,Lower Than A Level,50-60%,35-55,N,0,60
BBB_2013B_546811,546811,BBB,2013B,F,B,Pass,1,1,0,East Anglian Region,Lower Than A Level,50-60%,0-35,N,0,120
BBB_2014J_648386,648386,BBB,2014J,F,B,Withdrawn,0,0,0,North Region,Lower Than A Level,20-30%,35-55,N,0,120
BBB_2014B_393131,393131,BBB,2014B,F,B,Fail,0,0,0,Scotland,Lower Than A Level,40-50%,0-35,N,0,60
BBB_2014B_591094,591094,BBB,2014B,F,B,Withdrawn,0,0,0,West Midlands Region,Lower Than A Level,0-10%,0-35,N,0,90
BBB_2013B_563878,563878,BBB,2013B,F,B,Pass,1,1,0,East Midlands Region,HE Qualification,50-60%,35-55,N,0,120
BBB_2013B_544796,544796,BBB,2013B,F,B,Withdrawn,0,0,0,South Region,Lower Than A Level,90-100%,0-35,N,0,60
BBB_2013J_498841,498841,BBB,2013J,F,B,Withdrawn,0,0,0,East Midlands Region,A Level or Equivalent,70-80%,0-35,N,0,120
BBB_2013J_574962,574962,BBB,2013J,F,B,Withdrawn,0,0,0,West Midlands Region,Lower Than A Level,30-40%,0-35,N,0,120
BBB_2014J_674290,674290,BBB,2014J,F,B,Distinction,1,1,0,North Region,A Level or Equivalent,80-90%,0-35,N,0,60
BBB_2013B_527020,527020,BBB,2013B,F,B,Pass,1,1,0,South Region,Lower Than A Level,30-40%,35-55,Y,0,120
BBB_2013J_277812,277812,BBB,2013J,F,B,Distinction,1,1,0,South East Region,HE Qualification,90-100%,35-55,N,0,60
BBB_2014J_651863,651863,BBB,2014J,F,B,Pass,1,1,0,South West Region,A Level or Equivalent,10-20,0-35,N,0,60
BBB_2014J_511424,511424,BBB,2014J,F,B,Withdrawn,0,0,0,North Region,Lower Than A Level,20-30%,0-35,N,0,60
BBB_2013J_31849,31849,BBB,2013J,F,B,Pass,1,1,0,South West Region,Lower Than A Level,60-70%,35-55,N,0,120
BBB_2013B_262454,262454,BBB,2013B,F,B,Fail,0,0,0,South Region,A Level or Equivalent,40-50%,0-35,Y,1,120
BBB_2013B_549862,549862,BBB,2013B,F,B,Pass,1,1,0,South Region,A Level or Equivalent,70-80%,0-35,N,0,60
BBB_2013B_398965,398965,BBB,2013B,F,B,Withdrawn,0,0,0,London Region,A Level or Equivalent,20-30%,0-35,Y,1,120
BBB_2013J_593081,593081,BBB,2013J,F,B,Pass,1,1,0,South East Region,A Level or Equivalent,10-20,0-35,N,0,120
BBB_2014B_623651,623651,BBB,2014B,F,B,Withdrawn,0,0,0,North Western Region,A Level or Equivalent,70-80%,0-35,N,0,120
BBB_2013B_232745,232745,BBB,2013B,F,B,Withdrawn,0,0,0,West Midlands Region,Lower Than A Level,0-10%,0-35,Y,0,180
BBB_2014J_679439,679439,BBB,2014J,F,B,Fail,0,0,0,South East Region,Lower Than A Level,10-20,0-35,N,0,60
BBB_2013B_156835,156835,BBB,2013B,F,B,Pass,1,1,0,London Region,A Level or Equivalent,40-50%,35-55,N,0,60
BBB_2014J_534884,534884,BBB,2014J,F,B,Withdrawn,0,0,0,Wales,Lower Than A Level,10-20,0-35,N,0,60
BBB_2013J_483135,483135,BBB,2013J,F,B,Withdrawn,0,0,0,East Anglian Region,Lower Than A Level,20-30%,35-55,N,1,60
BBB_2014J_679528,679528,BBB,2014J,F,B,Withdrawn,0,0,0,West Midlands Region,A Level or Equivalent,0-10%,0-35,N,0,60
BBB_2014J_2610170,2610170,BBB,2014J,F,B,Withdrawn,0,0,0,Scotland,Lower Than A Level,60-70%,0-35,N,0,60
BBB_2014J_687037,687037,BBB,2014J,F,B,Pass,1,1,0,Scotland,A Level or Equivalent,30-40%,0-35,N,0,60
BBB_2014J_498841,498841,BBB,2014J,F,B,Pass,1,1,0,East Midlands Region,A Level or Equivalent,70-80%,0-35,N,1,180
BBB_2014B_2626511,2626511,BBB,2014B,F,B,Withdrawn,0,0,0,Yorkshire Region,A Level or Equivalent,0-10%,0-35,Y,0,60
BBB_2014J_573554,573554,BBB,2014J,F,B,Withdrawn,0,0,0,South East Region,Lower Than A Level,20-30%,0-35,N,0,120
BBB_2013J_591986,591986,BBB,2013J,M,A,Withdrawn,0,0,0,West Midlands Region,Lower Than A Level,0-10%,0-35,N,0,60
BBB_2013B_493186,493186,BBB,2013B,F,B,Pass,1,1,0,Wales,Lower Than A Level,0-10%,0-35,N,1,120
BBB_2014J_648194,648194,BBB,2014J,F,B,Pass,1,1,0,Yorkshire Region,Lower Than A Level,40-50%,0-35,N,0,60
BBB_2014J_643354,643354,BBB,2014J,F,B,Pass,1,1,0,Wales,A Level or Equivalent,40-50%,0-35,N,0,60
BBB_2013B_259182,259182,BBB,2013B,M,A,Withdrawn,0,0,0,East Midlands Region,Lower Than A Level,40-50%,0-35,N,1,120
BBB_2013J_599836,599836,BBB,2013J,F,B,Pass,1,1,0,Yorkshire Region,A Level or Equivalent,0-10%,0-35,N,0,60
BBB_2014B_628379,628379,BBB,2014B,F,B,Fail,0,0,0,South Region,Lower Than A Level,20-30%,35-55,N,0,60
BBB_2014J_205978,205978,BBB,2014J,F,B,Withdrawn,0,0,0,Wales,Lower Than A Level,50-60%,0-35,N,0,60
BBB_2014J_512722,512722,BBB,2014J,F,B,Pass,1,1,0,West Midlands Region,Lower Than A Level,10-20,0-35,N,1,60
BBB_2014J_697857,697857,BBB,2014J,F,B,Pass,1,1,0,South West Region,Lower Than A Level,20-30%,0-35,N,0,60
BBB_2014B_575680,575680,BBB,2014B,F,B,Pass,1,1,0,South East Region,Lower Than A Level,80-90%,0-35,N,1,120
BBB_2013J_2225190,2225190,BBB,2013J,M,A,Fail,0,0,0,South Region,Lower Than A Level,50-60%,0-35,N,0,60
BBB_2013J_581016,581016,BBB,2013J,F,B,Withdrawn,0,0,0,South East Region,Lower Than A Level,40-50%,0-35,N,0,60
BBB_2013J_533449,533449,BBB,2013J,M,A,Withdrawn,0,0,0,Yorkshire Region,Lower Than A Level,70-80%,0-35,N,0,60
BBB_2013J_594497,594497,BBB,2013J,F,B,Fail,0,0,0,Wales,Lower Than A Level,0-10%,0-35,N,0,60
BBB_2014J_696203,696203,BBB,2014J,M,A,Pass,1,1,0,Ireland,Lower Than A Level,10-20,35-55,N,0,60
BBB_2013J_581492,581492,BBB,2013J,F,B,Withdrawn,0,0,0,Wales,Lower Than A Level,50-60%,35-55,N,0,75
BBB_2014J_696684,696684,BBB,2014J,F,B,Pass,1,1,0,North Western Region,Lower Than A Level,50-60%,0-35,N,0,120
BBB_2014B_628329,628329,BBB,2014B,M,A,Fail,0,0,0,Yorkshire Region,A Level or Equivalent,20-30%,0-35,N,0,60
BBB_2014J_676973,676973,BBB,2014J,F,B,Withdrawn,0,0,0,West Midlands Region,A Level or Equivalent,10-20,0-35,N,0,60
BBB_2013B_375312,375312,BBB,2013B,F,B,Withdrawn,0,0,0,Wales,Lower Than A Level,50-60%,35-55,N,1,180
BBB_2013B_536452,536452,BBB,2013B,F,B,Pass,1,1,0,Wales,A Level or Equivalent,90-100%,0-35,N,0,60
BBB_2013J_596596,596596,BBB,2013J,F,B,Fail,0,0,0,Scotland,HE Qualification,80-90%,0-35,N,0,60
BBB_2013B_434094,434094,BBB,2013B,F,B,Fail,0,0,0,Wales,A Level or Equivalent,0-10%,0-35,N,1,60
BBB_2014J_400549,400549,BBB,2014J,F,B,Pass,1,1,0,Wales,A Level or Equivalent,0-10%,0-35,N,0,120
BBB_2013B_558247,558247,BBB,2013B,F,B,Fail,0,0,0,South West Region,Lower Than A Level,70-80%,0-35,N,0,60
BBB_2014B_542562,542562,BBB,2014B,F,B,Withdrawn,0,0,0,South East Region,A Level or Equivalent,60-70%,0-35,Y,2,240
BBB_2013J_603052,603052,BBB,2013J,F,B,Withdrawn,0,0,0,East Midlands Region,Lower Than A Level,10-20,0-35,N,0,120
BBB_2014J_674758,674758,BBB,2014J,F,B,Withdrawn,0,0,0,South Region,A Level or Equivalent,80-90%,0-35,N,0,60
BBB_2013B_359170,359170,BBB,2013B,F,B,Withdrawn,0,0,0,Yorkshire Region,A Level or Equivalent,50-60%,0-35,N,0,180
BBB_2013B_550921,550921,BBB,2013B,F,B,Pass,1,1,0,Yorkshire Region,Lower Than A Level,0-10%,0-35,N,0,60
BBB_2013J_520100,520100,BBB,2013J,F,B,Fail,0,0,0,South East Region,Lower Than A Level,90-100%,0-35,N,0,60
BBB_2014B_625307,625307,BBB,2014B,F,B,Withdrawn,0,0,0,East Anglian Region,Lower Than A Level,30-40%,35-55,N,0,60
BBB_2013J_432144,432144,BBB,2013J,F,B,Pass,1,1,0,South East Region,A Level or Equivalent,60-70%,0-35,N,0,60
BBB_2014B_555860,555860,BBB,2014B,M,A,Fail,0,0,0,West Midlands Region,Lower Than A Level,0-10%,0-35,N,0,60
BBB_2013B_255347,255347,BBB,2013B,F,B,Pass,1,1,0,West Midlands Region,Lower Than A Level,90-100%,0-35,N,0,60
BBB_2013J_2196054,2196054,BBB,2013J,F,B,Pass,1,1,0,Scotland,A Level or Equivalent,60-70%,0-35,N,0,60
BBB_2014B_623321,623321,BBB,2014B,M,A,Fail,0,0,0,Ireland,Lower Than A Level,90-100%,0-35,N,0,60
BBB_2014J_692484,692484,BBB,2014J,F,B,Pass,1,1,0,Wales,HE Qualification,20-30%,35-55,N,0,60
BBB_2013B_86291,86291,BBB,2013B,F,B,Withdrawn,0,0,0,Wales,HE Qualification,50-60%,35-55,N,0,60
BBB_2014B_270256,270256,BBB,2014B,F,B,Withdrawn,0,0,0,South East Region,A Level or Equivalent,10-20,0-35,N,0,60
BBB_2013J_355692,355692,BBB,2013J,M,A,Withdrawn,0,0,0,South West Region,A Level or Equivalent,10-20,35-55,N,0,60
BBB_2014B_470693,470693,BBB,2014B,F,B,Distinction,1,1,0,Scotland,HE Qualification,70-80%,0-35,N,0,60
BBB_2014J_648063,648063,BBB,2014J,F,B,Pass,1,1,0,London Region,A Level or Equivalent,20-30%,0-35,N,0,120
BBB_2013J_583433,583433,BBB,2013J,F,B,Pass,1,1,0,Scotland,HE Qualification,80-90%,35-55,N,0,60
BBB_2014J_605901,605901,BBB,2014J,F,B,Withdrawn,0,0,0,West Midlands Region,A Level or Equivalent,10-20,0-35,Y,0,60
BBB_2013J_508079,508079,BBB,2013J,F,B,Pass,1,1,0,Wales,Lower Than A Level,40-50%,0-35,N,0,60
BBB_2014J_698010,698010,BBB,2014J,F,B,Fail,0,0,0,Yorkshire Region,Lower Than A Level,10-20,0-35,N,0,60
BBB_2013J_583301,583301,BBB,2013J,F,B,Fail,0,0,0,South Region,Lower Than A Level,70-80%,0-35,N,0,120
BBB_2013B_556992,556992,BBB,2013B,F,B,Pass,1,1,0,South West Region,HE Qualification,70-80%,0-35,N,0,60
BBB_2013J_555346,555346,BBB,2013J,F,B,Pass,1,1,0,South West Region,Lower Than A Level,10-20,0-35,Y,0,60
BBB_2013B_534698,534698,BBB,2013B,F,B,Pass,1,1,0,East Midlands Region,A Level or Equivalent,90-100%,0-35,N,0,60
BBB_2014J_697119,697119,BBB,2014J,F,B,Withdrawn,0,0,0,South Region,A Level or Equivalent,70-80%,0-35,N,0,60
BBB_2013J_608000,608000,BBB,2013J,M,A,Pass,1,1,0,Yorkshire Region,Lower Than A Level,90-100%,0-35,Y,0,60
BBB_2014J_698207,698207,BBB,2014J,F,B,Distinction,1,1,0,Wales,HE Qualification,20-30%,0-35,N,0,60
BBB_2013J_587051,587051,BBB,2013J,F,B,Fail,0,0,0,East Midlands Region,Lower Than A Level,60-70%,0-35,N,0,60
BBB_2014B_564409,564409,BBB,2014B,M,A,Pass,1,1,0,Scotland,A Level or Equivalent,30-40%,0-35,N,1,120
BBB_2013J_599748,599748,BBB,2013J,F,B,Pass,1,1,0,South East Region,A Level or Equivalent,90-100%,0-35,N,0,60
BBB_2013J_515209,515209,BBB,2013J,F,B,Withdrawn,0,0,0,East Midlands Region,HE Qualification,70-80%,35-55,N,0,120
BBB_2013B_544741,544741,BBB,2013B,F,B,Pass,1,1,0,West Midlands Region,A Level or Equivalent,0-10%,0-35,N,0,60
BBB_2013B_2617650,2617650,BBB,2013B,F,B,Withdrawn,0,0,0,South East Region,Lower Than A Level,70-80%,35-55,N,1,120
BBB_2014B_630944,630944,BBB,2014B,F,B,Pass,1,1,0,West Midlands Region,A Level or Equivalent,50-60%,0-35,N,0,60
BBB_2014J_602779,602779,BBB,2014J,F,B,Pass,1,1,0,London Region,No Formal quals,50-60%,35-55,N,0,300
BBB_2013B_2380539,2380539,BBB,2013B,F,B,Pass,1,1,0,East Midlands Region,No Formal quals,0-10%,0-35,N,0,60
BBB_2013J_409698,409698,BBB,2013J,F,B,Withdrawn,0,0,0,Scotland,Lower Than A Level,0-10%,0-35,N,0,60
BBB_2013B_393327,393327,BBB,2013B,F,B,Withdrawn,0,0,0,East Midlands Region,A Level or Equivalent,90-100%,0-35,Y,2,120
BBB_2014J_263448,263448,BBB,2014J,F,B,Pass,1,1,0,South West Region,HE Qualification,30-40%,0-35,N,0,60
BBB_2013J_605207,605207,BBB,2013J,F,B,Pass,1,1,0,South East Region,Lower Than A Level,60-70%,35-55,Y,0,120
BBB_2014B_610340,610340,BBB,2014B,F,B,Fail,0,0,0,Wales,Lower Than A Level,20-30%,35-55,N,0,60
BBB_2013J_233317,233317,BBB,2013J,F,B,Pass,1,1,0,Yorkshire Region,HE Qualification,60-70%,0-35,N,1,60
BBB_2014B_605474,605474,BBB,2014B,F,B,Fail,0,0,0,Scotland,A Level or Equivalent,30-40%,0-35,N,0,120
BBB_2013B_511306,511306,BBB,2013B,F,B,Pass,1,1,0,London Region,Lower Than A Level,50-60%,0-35,N,0,60
BBB_2013B_534765,534765,BBB,2013B,F,B,Pass,1,1,0,East Midlands Region,Lower Than A Level,0-10%,0-35,Y,0,120
BBB_2013B_503878,503878,BBB,2013B,F,B,Withdrawn,0,0,0,South West Region,Lower Than A Level,50-60%,0-35,Y,0,180
BBB_2013B_545702,545702,BBB,2013B,F,B,Pass,1,1,0,East Anglian Region,Lower Than A Level,20-30%,0-35,N,0,60
BBB_2014J_694682,694682,BBB,2014J,F,B,Withdrawn,0,0,0,East Midlands Region,Lower Than A Level,10-20,35-55,Y,0,180
BBB_2013B_388410,388410,BBB,2013B,F,B,Fail,0,0,0,Yorkshire Region,Lower Than A Level,10-20,35-55,N,0,60
BBB_2013J_2002046,2002046,BBB,2013J,F,B,Pass,1,1,0,South West Region,A Level or Equivalent,40-50%,35-55,N,0,120
BBB_2013J_433280,433280,BBB,2013J,F,B,Pass,1,1,0,Wales,A Level or Equivalent,80-90%,0-35,N,0,120
BBB_2013B_546202,546202,BBB,2013B,F,B,Fail,0,0,0,South Region,Lower Than A Level,70-80%,0-35,N,0,60
BBB_2014J_565182,565182,BBB,2014J,F,B,Pass,1,1,0,Scotland,A Level or Equivalent,60-70%,35-55,N,1,60
BBB_2013J_2147929,2147929,BBB,2013J,F,B,Pass,1,1,0,West Midlands Region,A Level or Equivalent,20-30%,35-55,N,0,120
BBB_2014J_589554,589554,BBB,2014J,F,B,Pass,1,1,0,Yorkshire Region,A Level or Equivalent,90-100%,0-35,N,0,60
BBB_2014B_607108,607108,BBB,2014B,F,B,Fail,0,0,0,East Anglian Region,A Level or Equivalent,40-50%,35-55,N,0,120
BBB_2013B_404727,404727,BBB,2013B,F,B,Fail,0,0,0,South Region,Lower Than A Level,70-80%,0-35,N,1,60
BBB_2014B_492468,492468,BBB,2014B,F,B,Withdrawn,0,0,0,West Midlands Region,A Level or Equivalent,40-50%,0-35,Y,0,180
BBB_2014B_1967937,1967937,BBB,2014B,M,A,Fail,0,0,0,South East Region,HE Qualification,90-100%,35-55,N,0,60
BBB_2014J_607603,607603,BBB,2014J,F,B,Pass,1,1,0,South Region,A Level or Equivalent,80-90%,0-35,N,1,60
BBB_2014B_621508,621508,BBB,2014B,F,B,Withdrawn,0,0,0,South West Region,Lower Than A Level,80-90%,0-35,N,0,60
BBB_2014J_2610745,2610745,BBB,2014J,F,B,Pass,1,1,0,Wales,A Level or Equivalent,20-30%,0-35,N,0,60
BBB_2013B_512911,512911,BBB,2013B,F,B,Fail,0,0,0,Yorkshire Region,Lower Than A Level,0-10%,0-35,N,0,120
BBB_2014J_2670300,2670300,BBB,2014J,F,B,Pass,1,1,0,East Midlands Region,Lower Than A Level,0-10%,35-55,N,0,60
BBB_2014J_655296,655296,BBB,2014J,F,B,Pass,1,1,0,North Region,A Level or Equivalent,30-40%,0-35,N,0,90
BBB_2014J_572106,572106,BBB,2014J,F,B,Fail,0,0,0,West Midlands Region,A Level or Equivalent,40-50%,0-35,N,0,90
BBB_2013B_512242,512242,BBB,2013B,F,B,Fail,0,0,0,South Region,Lower Than A Level,70-80%,35-55,N,0,60
BBB_2014J_697959,697959,BBB,2014J,F,B,Pass,1,1,0,Wales,A Level or Equivalent,30-40%,0-35,N,0,60
BBB_2013J_608041,608041,BBB,2013J,F,B,Pass,1,1,0,East Anglian Region,A Level or Equivalent,40-50%,0-35,N,0,60
BBB_2013J_517231,517231,BBB,2013J,F,B,Pass,1,1,0,Scotland,A Level or Equivalent,50-60%,35-55,N,0,60
BBB_2013B_447007,447007,BBB,2013B,F,B,Withdrawn,0,0,0,Scotland,Lower Than A Level,20-30%,0-35,N,0,150
BBB_2013B_527164,527164,BBB,2013B,F,B,Distinction,1,1,0,South East Region,A Level or Equivalent,0-10%,0-35,N,0,120
BBB_2014J_656681,656681,BBB,2014J,F,B,Pass,1,1,0,Wales,A Level or Equivalent,20-30%,0-35,N,0,60
BBB_2014B_630393,630393,BBB,2014B,F,B,Distinction,1,1,0,Scotland,HE Qualification,50-60%,35-55,N,0,60
BBB_2014B_606155,606155,BBB,2014B,F,B,Withdrawn,0,0,0,North Western Region,Lower Than A Level,60-70%,0-35,N,0,60
BBB_2013J_588969,588969,BBB,2013J,F,B,Withdrawn,0,0,0,South East Region,A Level or Equivalent,60-70%,0-35,N,0,180
BBB_2014B_2300911,2300911,BBB,2014B,F,B,Withdrawn,0,0,0,South West Region,Lower Than A Level,70-80%,35-55,N,2,180
BBB_2013J_2276893,2276893,BBB,2013J,F,B,Withdrawn,0,0,0,South Region,A Level or Equivalent,50-60%,0-35,N,5,60
BBB_2014J_649189,649189,BBB,2014J,F,B,Distinction,1,1,0,Yorkshire Region,Lower Than A Level,20-30%,35-55,N,0,60
BBB_2013B_549078,549078,BBB,2013B,F,B,Fail,0,0,0,London Region,A Level or Equivalent,10-20,0-35,N,0,90
BBB_2013B_554998,554998,BBB,2013B,M,A,Pass,1,1,0,London Region,Lower Than A Level,30-40%,0-35,N,0,120
BBB_2013B_353352,353352,BBB,2013B,F,B,Fail,0,0,0,Scotland,Lower Than A Level,0-10%,35-55,N,0,120
BBB_2013J_583832,583832,BBB,2013J,F,B,Withdrawn,0,0,0,East Anglian Region,Lower Than A Level,20-30%,0-35,N,0,60
BBB_2013B_553526,553526,BBB,2013B,F,B,Withdrawn,0,0,0,South Region,Lower Than A Level,50-60%,0-35,N,0,60
BBB_2013J_609307,609307,BBB,2013J,F,B,Pass,1,1,0,South East Region,A Level or Equivalent,10-20,0-35,N,0,60
BBB_2014J_495489,495489,BBB,2014J,F,B,Fail,0,0,0,Ireland,Lower Than A Level,0-10%,35-55,N,1,60
BBB_2014B_634481,634481,BBB,2014B,M,A,Pass,1,1,0,East Anglian Region,A Level or Equivalent,50-60%,35-55,N,0,60
BBB_2014J_106095,106095,BBB,2014J,F,B,Pass,1,1,0,North Western Region,A Level or Equivalent,70-80%,0-35,N,0,60
BBB_2013J_594208,594208,BBB,2013J,F,B,Withdrawn,0,0,0,Scotland,HE Qualification,10-20,0-35,N,0,60
BBB_2014J_1453140,1453140,BBB,2014J,M,A,Withdrawn,0,0,0,East Midlands Region,A Level or Equivalent,50-60%,35-55,N,1,90
BBB_2013B_561458,561458,BBB,2013B,F,B,Pass,1,1,0,South West Region,HE Qualification,70-80%,0-35,N,0,120
BBB_2014B_284593,284593,BBB,2014B,F,B,Withdrawn,0,0,0,Scotland,Post Graduate Qualification,60-70%,35-55,N,0,120
BBB_2013J_582636,582636,BBB,2013J,F,B,Pass,1,1,0,North Region,A Level or Equivalent,0-10%,0-35,N,0,60
BBB_2013J_591030,591030,BBB,2013J,F,B,Pass,1,1,0,East Anglian Region,Lower Than A Level,30-40%,0-35,N,0,60
BBB_2013J_586516,586516,BBB,2013J,F,B,Withdrawn,0,0,0,South East Region,A Level or Equivalent,40-50%,35-55,N,0,60
BBB_2014B_628301,628301,BBB,2014B,F,B,Distinction,1,1,0,Yorkshire Region,Lower Than A Level,40-50%,0-35,N,0,60
BBB_2013J_2587329,2587329,BBB,2013J,F,B,Pass,1,1,0,Yorkshire Region,A Level or Equivalent,60-70%,35-55,N,0,120
BBB_2013B_532668,532668,BBB,2013B,F,B,Fail,0,0,0,Yorkshire Region,Lower Than A Level,20-30%,0-35,N,0,60
BBB_2014J_258840,258840,BBB,2014J,F,B,Pass,1,1,0,London Region,A Level or Equivalent,30-40%,0-35,N,1,60
BBB_2014B_484983,484983,BBB,2014B,F,B,Withdrawn,0,0,0,South West Region,Lower Than A Level,40-50%,0-35,N,1,120
BBB_2013J_564300,564300,BBB,2013J,F,B,Withdrawn,0,0,0,South East Region,A Level or Equivalent,40-50%,35-55,N,0,120
BBB_2013J_515203,515203,BBB,2013J,F,B,Fail,0,0,0,Wales,Lower Than A Level,80-90%,0-35,N,0,180
BBB_2014B_626746,626746,BBB,2014B,F,B,Withdrawn,0,0,0,South Region,A Level or Equivalent,70-80%,0-35,N,0,60
BBB_2013J_590812,590812,BBB,2013J,F,B,Withdrawn,0,0,0,Wales,Lower Than A Level,0-10%,35-55,N,0,120
BBB_2014J_2218789,2218789,BBB,2014J,F,B,Withdrawn,0,0,0,East Anglian Region,A Level or Equivalent,20-30%,0-35,N,0,120
BBB_2013J_509390,509390,BBB,2013J,F,B,Fail,0,0,0,South Region,A Level or Equivalent,90-100%,0-35,Y,1,120
BBB_2014B_611719,611719,BBB,2014B,F,B,Fail,0,0,0,West Midlands Region,Lower Than A Level,10-20,0-35,N,0,60
BBB_2013B_108589,108589,BBB,2013B,F,B,Pass,1,1,0,Ireland,A Level or Equivalent,70-80%,0-35,N,0,60
BBB_2013J_252652,252652,BBB,2013J,F,B,Withdrawn,0,0,0,London Region,A Level or Equivalent,50-60%,35-55,N,1,120
BBB_2014J_651209,651209,BBB,2014J,F,B,Pass,1,1,0,Yorkshire Region,A Level or Equivalent,20-30%,0-35,N,0,60
BBB_2014B_535462,535462,BBB,2014B,F,B,Fail,0,0,0,South West Region,A Level or Equivalent,40-50%,0-35,N,0,60
BBB_2013B_537320,537320,BBB,2013B,F,B,Withdrawn,0,0,0,London Region,Lower Than A Level,30-40%,35-55,N,0,90
BBB_2013J_570157,570157,BBB,2013J,F,B,Pass,1,1,0,North Western Region,A Level or Equivalent,80-90%,35-55,N,0,60
BBB_2014J_330981,330981,BBB,2014J,F,B,Withdrawn,0,0,0,Wales,A Level or Equivalent,30-40%,0-35,N,0,60
BBB_2013J_533164,533164,BBB,2013J,F,B,Withdrawn,0,0,0,Wales,Lower Than A Level,10-20,0-35,N,1,60
BBB_2014B_1763653,1763653,BBB,2014B,F,B,Pass,1,1,0,Yorkshire Region,A Level or Equivalent,50-60%,35-55,N,1,120
BBB_2014J_692215,692215,BBB,2014J,F,B,Distinction,1,1,0,West Midlands Region,HE Qualification,10-20,0-35,N,0,120
BBB_2013B_555747,555747,BBB,2013B,F,B,Pass,1,1,0,Scotland,Lower Than A Level,20-30%,0-35,Y,0,60
BBB_2013J_564791,564791,BBB,2013J,F,B,Withdrawn,0,0,0,Yorkshire Region,Lower Than A Level,0-10%,0-35,N,0,120
BBB_2013B_498296,498296,BBB,2013B,F,B,Pass,1,1,0,East Anglian Region,A Level or Equivalent,40-50%,0-35,Y,0,60
BBB_2014B_616377,616377,BBB,2014B,F,B,Fail,0,0,0,West Midlands Region,Lower Than A Level,40-50%,0-35,N,0,120
BBB_2014J_693682,693682,BBB,2014J,F,B,Pass,1,1,0,East Anglian Region,Lower Than A Level,40-50%,0-35,N,0,60
BBB_2014J_620655,620655,BBB,2014J,F,B,Withdrawn,0,0,0,East Midlands Region,A Level or Equivalent,10-20,0-35,N,1,120
BBB_2014J_2611512,2611512,BBB,2014J,F,B,Fail,0,0,0,Wales,Lower Than A Level,30-40%,0-35,N,0,60
BBB_2014B_613093,613093,BBB,2014B,F,B,Pass,1,1,0,Yorkshire Region,A Level or Equivalent,20-30%,0-35,N,0,60
BBB_2014J_689148,689148,BBB,2014J,F,B,Distinction,1,1,0,Ireland,A Level or Equivalent,60-70%,0-35,N,0,60
BBB_2014J_695982,695982,BBB,2014J,F,B,Withdrawn,0,0,0,East Midlands Region,Lower Than A Level,80-90%,35-55,N,0,60
BBB_2013B_377846,377846,BBB,2013B,M,A,Pass,1,1,0,East Anglian Region,Lower Than A Level,0-10%,35-55,N,0,150
BBB_2014J_612135,612135,BBB,2014J,F,B,Distinction,1,1,0,South Region,A Level or Equivalent,90-100%,0-35,N,0,60
BBB_2014J_682343,682343,BBB,2014J,F,B,Pass,1,1,0,Scotland,A Level or Equivalent,70-80%,35-55,N,0,60
BBB_2013J_609010,609010,BBB,2013J,F,B,Pass,1,1,0,Wales,A Level or Equivalent,0-10%,0-35,N,0,60
BBB_2014B_624341,624341,BBB,2014B,F,B,Withdrawn,0,0,0,Scotland,HE Qualification,60-70%,0-35,N,0,120
BBB_2013J_408106,408106,BBB,2013J,F,B,Fail,0,0,0,East Anglian Region,A Level or Equivalent,30-40%,35-55,N,1,90
BBB_2014J_650958,650958,BBB,2014J,F,B,Pass,1,1,0,South West Region,Lower Than A Level,20-30%,0-35,N,0,60
BBB_2013J_598253,598253,BBB,2013J,F,B,Pass,1,1,0,Wales,A Level or Equivalent,30-40%,0-35,N,0,60
BBB_2013B_476710,476710,BBB,2013B,F,B,Pass,1,1,0,Yorkshire Region,Lower Than A Level,10-20,0-35,Y,1,120
BBB_2013B_513733,513733,BBB,2013B,F,B,Fail,0,0,0,North Western Region,A Level or Equivalent,10-20,35-55,N,0,60
BBB_2013J_84812,84812,BBB,2013J,F,B,Pass,1,1,0,East Anglian Region,A Level or Equivalent,80-90%,0-35,N,0,120
BBB_2014B_264106,264106,BBB,2014B,F,B,Pass,1,1,0,South Region,Lower Than A Level,90-100%,35-55,N,0,120
BBB_2013J_545443,545443,BBB,2013J,F,B,Pass,1,1,0,North Western Region,A Level or Equivalent,0-10%,0-35,N,0,60
BBB_2013B_475460,475460,BBB,2013B,F,B,Fail,0,0,0,East Anglian Region,A Level or Equivalent,20-30%,0-35,N,0,60
BBB_2014B_439710,439710,BBB,2014B,F,B,Distinction,1,1,0,South East Region,A Level or Equivalent,70-80%,0-35,N,0,120
BBB_2014B_625768,625768,BBB,2014B,F,B,Fail,0,0,0,East Midlands Region,Lower Than A Level,20-30%,0-35,N,0,120
BBB_2013J_553556,553556,BBB,2013J,F,B,Withdrawn,0,0,0,West Midlands Region,Lower Than A Level,80-90%,0-35,N,0,120
BBB_2014J_572306,572306,BBB,2014J,F,B,Pass,1,1,0,South East Region,A Level or Equivalent,70-80%,0-35,N,0,60
BBB_2014J_648596,648596,BBB,2014J,F,B,Withdrawn,0,0,0,North Western Region,Lower Than A Level,0-10%,35-55,N,0,60
BBB_2013J_569334,569334,BBB,2013J,F,B,Fail,0,0,0,South Region,A Level or Equivalent,30-40%,0-35,N,0,120
BBB_2013J_2273256,2273256,BBB,2013J,F,B,Withdrawn,0,0,0,South Region,Lower Than A Level,90-100%,35-55,Y,0,180
BBB_2013B_552025,552025,BBB,2013B,M,A,Withdrawn,0,0,0,North Western Region,A Level or Equivalent,0-10%,0-35,N,0,60
BBB_2014J_271047,271047,BBB,2014J,F,B,Withdrawn,0,0,0,South West Region,Lower Than A Level,90-100%,0-35,N,0,60
BBB_2013B_556990,556990,BBB,2013B,F,B,Pass,1,1,0,South West Region,Lower Than A Level,50-60%,35-55,N,0,60
BBB_2013B_2580439,2580439,BBB,2013B,F,B,Pass,1,1,0,Wales,HE Qualification,10-20,35-55,N,0,120
BBB_2014J_677004,677004,BBB,2014J,F,B,Fail,0,0,0,London Region,Lower Than A Level,0-10%,35-55,N,0,60
BBB_2013J_592772,592772,BBB,2013J,F,B,Pass,1,1,0,West Midlands Region,Lower Than A Level,0-10%,0-35,N,0,60
BBB_2013B_514819,514819,BBB,2013B,F,B,Withdrawn,0,0,0,East Midlands Region,Lower Than A Level,50-60%,0-35,N,0,120
BBB_2013J_585342,585342,BBB,2013J,F,B,Withdrawn,0,0,0,London Region,Lower Than A Level,30-40%,0-35,N,0,120
BBB_2014J_652585,652585,BBB,2014J,F,B,Withdrawn,0,0,0,East Midlands Region,A Level or Equivalent,50-60%,0-35,N,0,60
BBB_2013J_577905,577905,BBB,2013J,F,B,Withdrawn,0,0,0,South West Region,Lower Than A Level,0-10%,0-35,N,0,120
BBB_2014B_90361,90361,BBB,2014B,F,B,Pass,1,1,0,Wales,HE Qualification,20-30%,35-55,N,0,60
BBB_2014B_623055,623055,BBB,2014B,F,B,Pass,1,1,0,North Western Region,A Level or Equivalent,20-30%,0-35,Y,0,60
BBB_2014J_654958,654958,BBB,2014J,F,B,Withdrawn,0,0,0,East Anglian Region,Lower Than A Level,70-80%,35-55,N,0,180
BBB_2013J_565819,565819,BBB,2013J,F,B,Withdrawn,0,0,0,East Anglian Region,A Level or Equivalent,30-40%,35-55,N,0,120
BBB_2013J_612488,612488,BBB,2013J,F,B,Distinction,1,1,0,Ireland,A Level or Equivalent,10-20,0-35,N,0,60
BBB_2014J_2603061,2603061,BBB,2014J,F,B,Withdrawn,0,0,0,East Midlands Region,Lower Than A Level,60-70%,35-55,N,0,120
BBB_2013J_411126,411126,BBB,2013J,F,B,Fail,0,0,0,Wales,Lower Than A Level,40-50%,0-35,N,1,60
BBB_2014B_633669,633669,BBB,2014B,F,B,Pass,1,1,0,East Midlands Region,A Level or Equivalent,0-10%,0-35,N,0,60
BBB_2013J_512977,512977,BBB,2013J,M,A,Pass,1,1,0,North Western Region,A Level or Equivalent,0-10%,0-35,N,0,60
BBB_2013J_2242290,2242290,BBB,2013J,F,B,Fail,0,0,0,North Western Region,HE Qualification,50-60%,35-55,N,1,60
BBB_2013J_586854,586854,BBB,2013J,F,B,Withdrawn,0,0,0,South East Region,A Level or Equivalent,20-30%,0-35,N,0,120
BBB_2013B_339946,339946,BBB,2013B,F,B,Withdrawn,0,0,0,Ireland,HE Qualification,0-10%,0-35,N,0,60
BBB_2013J_604982,604982,BBB,2013J,F,B,Pass,1,1,0,Ireland,Lower Than A Level,20-30%,0-35,N,0,60
BBB_2014J_286947,286947,BBB,2014J,F,B,Pass,1,1,0,East Midlands Region,A Level or Equivalent,30-40%,0-35,N,1,60
BBB_2014B_628970,628970,BBB,2014B,F,B,Withdrawn,0,0,0,London Region,Lower Than A Level,10-20,0-35,N,0,60
BBB_2014J_527742,527742,BBB,2014J,F,B,Fail,0,0,0,North Western Region,Lower Than A Level,80-90%,0-35,N,0,60
BBB_2014J_693899,693899,BBB,2014J,F,B,Fail,0,0,0,North Western Region,Lower Than A Level,50-60%,35-55,N,0,60
BBB_2013J_580684,580684,BBB,2013J,F,B,Fail,0,0,0,North Western Region,A Level or Equivalent,10-20,0-35,N,0,120
BBB_2013J_342678,342678,BBB,2013J,F,B,Withdrawn,0,0,0,London Region,A Level or Equivalent,50-60%,0-35,N,1,90
BBB_2014B_352009,352009,BBB,2014B,M,A,Fail,0,0,0,West Midlands Region,HE Qualification,0-10%,35-55,N,0,60
BBB_2014J_696152,696152,BBB,2014J,F,B,Pass,1,1,0,London Region,Lower Than A Level,20-30%,35-55,N,0,60
BBB_2014J_649824,649824,BBB,2014J,F,B,Distinction,1,1,0,South Region,A Level or Equivalent,40-50%,0-35,N,0,60
BBB_2013J_2072166,2072166,BBB,2013J,F,B,Withdrawn,0,0,0,South Region,Lower Than A Level,0-10%,0-35,Y,0,60
BBB_2013J_574549,574549,BBB,2013J,F,B,Pass,1,1,0,Scotland,Lower Than A Level,0-10%,0-35,N,0,60
BBB_2013B_560005,560005,BBB,2013B,F,B,Withdrawn,0,0,0,London Region,A Level or Equivalent,20-30%,0-35,N,0,60
BBB_2013J_507944,507944,BBB,2013J,M,A,Withdrawn,0,0,0,North Western Region,A Level or Equivalent,0-10%,35-55,N,0,60
BBB_2013J_614495,614495,BBB,2013J,F,B,Distinction,1,1,0,East Anglian Region,Post Graduate Qualification,90-100%,35-55,N,0,180
BBB_2014B_290914,290914,BBB,2014B,M,A,Distinction,1,1,0,North Region,A Level or Equivalent,0-10%,0-35,Y,2,120
BBB_2014B_552931,552931,BBB,2014B,F,B,Withdrawn,0,0,0,Ireland,Lower Than A Level,10-20,0-35,Y,2,120
BBB_2014J_680530,680530,BBB,2014J,F,B,Pass,1,1,0,Wales,Lower Than A Level,60-70%,0-35,N,0,120
BBB_2014B_447184,447184,BBB,2014B,F,B,Pass,1,1,0,South East Region,Lower Than A Level,50-60%,0-35,N,0,60
BBB_2013J_577099,577099,BBB,2013J,F,B,Pass,1,1,0,West Midlands Region,Lower Than A Level,20-30%,35-55,N,0,60
BBB_2014J_1891028,1891028,BBB,2014J,F,B,Fail,0,0,0,South Region,A Level or Equivalent,10-20,35-55,N,1,60
BBB_2013B_377905,377905,BBB,2013B,F,B,Fail,0,0,0,East Midlands Region,Lower Than A Level,30-40%,0-35,N,2,150
BBB_2013J_613191,613191,BBB,2013J,F,B,Withdrawn,0,0,0,Ireland,Lower Than A Level,20-30%,0-35,N,0,60
BBB_2013B_532034,532034,BBB,2013B,F,B,Fail,0,0,0,Scotland,Lower Than A Level,10-20,0-35,N,0,60
BBB_2014B_616914,616914,BBB,2014B,F,B,Pass,1,1,0,London Region,Lower Than A Level,30-40%,0-35,N,0,60
BBB_2014J_617811,617811,BBB,2014J,F,B,Withdrawn,0,0,0,Yorkshire Region,No Formal quals,0-10%,0-35,N,0,120
BBB_2014J_595892,595892,BBB,2014J,F,B,Pass,1,1,0,East Anglian Region,A Level or Equivalent,60-70%,35-55,N,0,60
BBB_2013J_599292,599292,BBB,2013J,F,B,Pass,1,1,0,East Midlands Region,A Level or Equivalent,30-40%,0-35,N,0,60
BBB_2013B_2693974,2693974,BBB,2013B,F,B,Withdrawn,0,0,0,South West Region,HE Qualification,60-70%,35-55,N,0,60
BBB_2013J_610700,610700,BBB,2013J,F,B,Fail,0,0,0,South West Region,Lower Than A Level,60-70%,0-35,N,0,120
BBB_2014J_654657,654657,BBB,2014J,F,B,Pass,1,1,0,Ireland,HE Qualification,60-70%,0-35,N,0,60
BBB_2013J_530487,530487,BBB,2013J,F,B,Pass,1,1,0,London Region,HE Qualification,40-50%,0-35,N,0,60
BBB_2013B_2641393,2641393,BBB,2013B,F,B,Pass,1,1,0,East Midlands Region,HE Qualification,40-50%,35-55,N,0,120
BBB_2013J_1170618,1170618,BBB,2013J,F,B,Distinction,1,1,0,South East Region,HE Qualification,70-80%,35-55,N,0,120
BBB_2014J_699488,699488,BBB,2014J,F,B,Distinction,1,1,0,Wales,A Level or Equivalent,20-30%,35-55,N,0,120
BBB_2013B_493515,493515,BBB,2013B,F,B,Fail,0,0,0,South West Region,Lower Than A Level,30-40%,0-35,Y,0,135
BBB_2013B_525683,525683,BBB,2013B,F,B,Pass,1,1,0,North Western Region,Lower Than A Level,30-40%,0-35,N,0,75
BBB_2014J_654005,654005,BBB,2014J,F,B,Pass,1,1,0,Wales,A Level or Equivalent,40-50%,0-35,N,0,120
BBB_2013J_1941248,1941248,BBB,2013J,F,B,Distinction,1,1,0,East Anglian Region,A Level or Equivalent,80-90%,35-55,N,0,60
BBB_2013B_226374,226374,BBB,2013B,M,A,Fail,0,0,0,Wales,A Level or Equivalent,70-80%,35-55,N,0,60
BBB_2014J_2609768,2609768,BBB,2014J,F,B,Withdrawn,0,0,0,London Region,HE Qualification,40-50%,0-35,N,0,60
BBB_2014J_608448,608448,BBB,2014J,F,B,Distinction,1,1,0,South East Region,A Level or Equivalent,80-90%,0-35,N,0,60
BBB_2014B_565344,565344,BBB,2014B,F,B,Fail,0,0,0,London Region,A Level or Equivalent,70-80%,35-55,N,0,60
BBB_2014J_358204,358204,BBB,2014J,F,B,Distinction,1,1,0,Scotland,Lower Than A Level,50-60%,0-35,N,0,120
BBB_2014J_1903095,1903095,BBB,2014J,F,B,Pass,1,1,0,East Anglian Region,Lower Than A Level,10-20,35-55,N,0,60
BBB_2014J_637586,637586,BBB,2014J,F,B,Distinction,1,1,0,West Midlands Region,A Level or Equivalent,10-20,0-35,N,0,60
BBB_2013J_259182,259182,BBB,2013J,M,A,Withdrawn,0,0,0,East Midlands Region,Lower Than A Level,40-50%,0-35,N,2,120
BBB_2014B_554766,554766,BBB,2014B,F,B,Withdrawn,0,0,0,Ireland,Lower Than A Level,30-40%,35-55,N,1,60
BBB_2013B_527313,527313,BBB,2013B,F,B,Fail,0,0,0,North Western Region,A Level or Equivalent,20-30%,0-35,N,0,120
BBB_2013J_570351,570351,BBB,2013J,M,A,Pass,1,1,0,South Region,A Level or Equivalent,0-10%,0-35,N,0,60
BBB_2014B_327003,327003,BBB,2014B,F,B,Distinction,1,1,0,South Region,HE Qualification,80-90%,0-35,N,0,90
BBB_2013B_553729,553729,BBB,2013B,F,B,Fail,0,0,0,West Midlands Region,Lower Than A Level,0-10%,0-35,N,0,60
BBB_2014J_602471,602471,BBB,2014J,M,A,Pass,1,1,0,London Region,Lower Than A Level,0-10%,35-55,N,0,60
BBB_2013B_536270,536270,BBB,2013B,F,B,Withdrawn,0,0,0,Scotland,Lower Than A Level,70-80%,0-35,N,0,60
BBB_2013B_400474,400474,BBB,2013B,F,B,Pass,1,1,0,East Anglian Region,A Level or Equivalent,80-90%,35-55,N,0,120
BBB_2014J_649119,649119,BBB,2014J,F,B,Pass,1,1,0,Yorkshire Region,A Level or Equivalent,70-80%,35-55,N,0,60
BBB_2013J_339494,339494,BBB,2013J,M,A,Pass,1,1,0,South East Region,A Level or Equivalent,0-10%,0-35,N,0,60
BBB_2014B_561061,561061,BBB,2014B,F,B,Pass,1,1,0,Yorkshire Region,A Level or Equivalent,40-50%,0-35,N,0,120
BBB_2014B_551515,551515,BBB,2014B,F,B,Pass,1,1,0,Scotland,Lower Than A Level,10-20,0-35,N,1,180
BBB_2013J_290089,290089,BBB,2013J,M,A,Distinction,1,1,0,London Region,Lower Than A Level,40-50%,0-35,N,0,120
BBB_2014J_682887,682887,BBB,2014J,F,B,Fail,0,0,0,East Midlands Region,A Level or Equivalent,70-80%,0-35,N,0,60
BBB_2014J_695070,695070,BBB,2014J,F,B,Pass,1,1,0,Ireland,Lower Than A Level,70-80%,0-35,N,0,60
BBB_2014J_694473,694473,BBB,2014J,F,B,Pass,1,1,0,Ireland,Lower Than A Level,80-90%,35-55,N,0,60
BBB_2013J_581672,581672,BBB,2013J,F,B,Withdrawn,0,0,0,South Region,Lower Than A Level,80-90%,35-55,N,0,60
BBB_2013B_555674,555674,BBB,2013B,M,A,Distinction,1,1,0,Yorkshire Region,A Level or Equivalent,80-90%,0-35,N,0,120
BBB_2013J_55026,55026,BBB,2013J,F,B,Pass,1,1,0,London Region,A Level or Equivalent,20-30%,35-55,Y,0,60
BBB_2013J_607808,607808,BBB,2013J,F,B,Fail,0,0,0,East Anglian Region,Lower Than A Level,50-60%,0-35,N,0,120
BBB_2014J_696316,696316,BBB,2014J,F,B,Withdrawn,0,0,0,North Region,A Level or Equivalent,10-20,0-35,N,0,120
BBB_2013B_70608,70608,BBB,2013B,F,B,Distinction,1,1,0,South East Region,HE Qualification,70-80%,35-55,N,0,240
BBB_2013B_540787,540787,BBB,2013B,F,B,Withdrawn,0,0,0,South Region,A Level or Equivalent,0-10%,0-35,N,0,120
BBB_2013B_536243,536243,BBB,2013B,F,B,Fail,0,0,0,East Midlands Region,Lower Than A Level,30-40%,0-35,N,0,60
BBB_2013J_56789,56789,BBB,2013J,F,B,Pass,1,1,0,South East Region,A Level or Equivalent,60-70%,35-55,N,1,60
BBB_2014B_526948,526948,BBB,2014B,F,B,Withdrawn,0,0,0,London Region,Lower Than A Level,20-30%,35-55,N,0,240
BBB_2013B_542115,542115,BBB,2013B,F,B,Fail,0,0,0,London Region,Lower Than A Level,30-40%,35-55,N,0,60
BBB_2014J_648640,648640,BBB,2014J,F,B,Withdrawn,0,0,0,West Midlands Region,A Level or Equivalent,60-70%,35-55,N,0,60
BBB_2014B_185021,185021,BBB,2014B,F,B,Pass,1,1,0,East Anglian Region,Lower Than A Level,80-90%,0-35,N,1,60
BBB_2014B_616919,616919,BBB,2014B,F,B,Distinction,1,1,0,East Anglian Region,A Level or Equivalent,80-90%,0-35,N,0,60
BBB_2014J_685228,685228,BBB,2014J,F,B,Pass,1,1,0,Ireland,Lower Than A Level,10-20,0-35,N,0,90
BBB_2013J_598865,598865,BBB,2013J,F,B,Pass,1,1,0,South Region,Lower Than A Level,50-60%,0-35,N,0,60
BBB_2013J_52797,52797,BBB,2013J,F,B,Pass,1,1,0,South West Region,Lower Than A Level,30-40%,35-55,N,1,60
BBB_2013J_525974,525974,BBB,2013J,F,B,Distinction,1,1,0,East Anglian Region,Lower Than A Level,50-60%,0-35,N,0,60
BBB_2014B_599769,599769,BBB,2014B,F,B,Fail,0,0,0,South Region,Lower Than A Level,60-70%,0-35,Y,0,150
BBB_2014B_628006,628006,BBB,2014B,F,B,Pass,1,1,0,North Region,A Level or Equivalent,,0-35,N,0,60
BBB_2014J_612337,612337,BBB,2014J,F,B,Withdrawn,0,0,0,North Western Region,A Level or Equivalent,30-40%,0-35,N,0,120
BBB_2013J_597033,597033,BBB,2013J,M,A,Fail,0,0,0,East Midlands Region,Lower Than A Level,20-30%,35-55,N,0,120
BBB_2014J_687378,687378,BBB,2014J,F,B,Pass,1,1,0,East Midlands Region,A Level or Equivalent,30-40%,35-55,N,0,60
BBB_2014J_689778,689778,BBB,2014J,F,B,Withdrawn,0,0,0,South Region,Lower Than A Level,20-30%,0-35,N,0,120
BBB_2013B_558602,558602,BBB,2013B,F,B,Fail,0,0,0,East Anglian Region,Lower Than A Level,30-40%,0-35,N,0,60
BBB_2014J_584283,584283,BBB,2014J,F,B,Withdrawn,0,0,0,London Region,A Level or Equivalent,30-40%,0-35,N,0,120
BBB_2013J_600844,600844,BBB,2013J,F,B,Withdrawn,0,0,0,North Western Region,A Level or Equivalent,0-10%,0-35,N,0,60
BBB_2014J_689097,689097,BBB,2014J,F,B,Pass,1,1,0,Ireland,A Level or Equivalent,50-60%,35-55,N,0,60
BBB_2014J_647740,647740,BBB,2014J,M,A,Withdrawn,0,0,0,London Region,A Level or Equivalent,10-20,0-35,N,0,60
BBB_2014B_612212,612212,BBB,2014B,F,B,Fail,0,0,0,East Anglian Region,A Level or Equivalent,50-60%,0-35,Y,0,120
BBB_2013J_580960,580960,BBB,2013J,F,B,Pass,1,1,0,South West Region,A Level or Equivalent,10-20,35-55,N,0,120
BBB_2014J_689157,689157,BBB,2014J,F,B,Pass,1,1,0,Ireland,A Level or Equivalent,10-20,0-35,N,0,60
BBB_2014B_627647,627647,BBB,2014B,F,B,Pass,1,1,0,South East Region,A Level or Equivalent,50-60%,0-35,N,0,120
BBB_2014J_641840,641840,BBB,2014J,M,A,Pass,1,1,0,Ireland,A Level or Equivalent,10-20,0-35,N,0,60
BBB_2014J_689107,689107,BBB,2014J,F,B,Fail,0,0,0,Ireland,Lower Than A Level,40-50%,35-55,N,0,60
BBB_2014J_694222,694222,BBB,2014J,F,B,Withdrawn,0,0,0,South East Region,Lower Than A Level,10-20,0-35,N,0,60
BBB_2014B_629060,629060,BBB,2014B,F,B,Pass,1,1,0,East Anglian Region,A Level or Equivalent,60-70%,0-35,N,0,60
BBB_2014B_570177,570177,BBB,2014B,F,B,Fail,0,0,0,Ireland,Lower Than A Level,70-80%,0-35,N,1,180
BBB_2014B_628341,628341,BBB,2014B,F,B,Withdrawn,0,0,0,West Midlands Region,A Level or Equivalent,80-90%,0-35,N,0,120
BBB_2014B_565008,565008,BBB,2014B,F,B,Withdrawn,0,0,0,West Midlands Region,A Level or Equivalent,0-10%,0-35,N,0,120
BBB_2014B_626897,626897,BBB,2014B,F,B,Fail,0,0,0,Wales,A Level or Equivalent,30-40%,0-35,N,0,60
BBB_2014B_620354,620354,BBB,2014B,F,B,Distinction,1,1,0,West Midlands Region,Lower Than A Level,50-60%,35-55,N,0,120
BBB_2014B_613512,613512,BBB,2014B,F,B,Withdrawn,0,0,0,North Western Region,Lower Than A Level,40-50%,0-35,N,0,60
BBB_2014B_2080885,2080885,BBB,2014B,F,B,Pass,1,1,0,Wales,A Level or Equivalent,50-60%,35-55,N,0,60
BBB_2014J_694380,694380,BBB,2014J,F,B,Withdrawn,0,0,0,Ireland,HE Qualification,60-70%,0-35,N,0,60
BBB_2014J_642731,642731,BBB,2014J,F,B,Withdrawn,0,0,0,South Region,A Level or Equivalent,60-70%,35-55,N,0,60
BBB_2014B_495958,495958,BBB,2014B,F,B,Withdrawn,0,0,0,South West Region,A Level or Equivalent,20-30%,0-35,N,0,60
BBB_2014J_601882,601882,BBB,2014J,F,B,Withdrawn,0,0,0,South West Region,A Level or Equivalent,20-30%,0-35,Y,0,120
BBB_2014B_606501,606501,BBB,2014B,F,B,Withdrawn,0,0,0,West Midlands Region,A Level or Equivalent,0-10%,0-35,N,1,120
BBB_2014B_475631,475631,BBB,2014B,F,B,Withdrawn,0,0,0,East Midlands Region,A Level or Equivalent,90-100%,35-55,N,0,60
BBB_2013J_529000,529000,BBB,2013J,F,B,Fail,0,0,0,East Anglian Region,Lower Than A Level,60-70%,0-35,Y,0,60
BBB_2014B_511901,511901,BBB,2014B,F,B,Pass,1,1,0,Yorkshire Region,A Level or Equivalent,20-30%,0-35,N,0,120
BBB_2014B_599161,599161,BBB,2014B,F,B,Fail,0,0,0,Scotland,Lower Than A Level,70-80%,35-55,N,1,120
BBB_2013B_559808,559808,BBB,2013B,F,B,Fail,0,0,0,Scotland,Lower Than A Level,40-50%,0-35,N,0,60
BBB_2013J_78255,78255,BBB,2013J,F,B,Withdrawn,0,0,0,North Region,Lower Than A Level,0-10%,0-35,N,1,120
BBB_2013J_586440,586440,BBB,2013J,F,B,Pass,1,1,0,London Region,Lower Than A Level,80-90%,0-35,N,0,60
BBB_2014B_624011,624011,BBB,2014B,F,B,Pass,1,1,0,South West Region,HE Qualification,10-20,0-35,N,0,120
BBB_2014B_635788,635788,BBB,2014B,F,B,Pass,1,1,0,Wales,A Level or Equivalent,20-30%,35-55,N,0,60
BBB_2014B_202394,202394,BBB,2014B,F,B,Distinction,1,1,0,Wales,A Level or Equivalent,40-50%,0-35,N,0,60
BBB_2014J_2634319,2634319,BBB,2014J,F,B,Distinction,1,1,0,East Anglian Region,HE Qualification,40-50%,35-55,N,0,60
BBB_2014J_694490,694490,BBB,2014J,F,B,Pass,1,1,0,Ireland,A Level or Equivalent,50-60%,35-55,N,0,60
BBB_2013B_556878,556878,BBB,2013B,F,B,Pass,1,1,0,South West Region,Lower Than A Level,20-30%,0-35,N,0,60
BBB_2013B_557865,557865,BBB,2013B,F,B,Fail,0,0,0,London Region,Lower Than A Level,0-10%,0-35,N,0,60
BBB_2013J_600211,600211,BBB,2013J,F,B,Fail,0,0,0,Yorkshire Region,Lower Than A Level,10-20,0-35,N,0,120
BBB_2013B_390220,390220,BBB,2013B,F,B,Pass,1,1,0,South East Region,Lower Than A Level,60-70%,0-35,N,3,120
BBB_2014J_556290,556290,BBB,2014J,F,B,Withdrawn,0,0,0,East Anglian Region,Lower Than A Level,70-80%,0-35,Y,0,120
BBB_2013J_595241,595241,BBB,2013J,M,A,Fail,0,0,0,South West Region,Lower Than A Level,30-40%,0-35,N,0,60
BBB_2014J_648549,648549,BBB,2014J,M,A,Pass,1,1,0,South East Region,HE Qualification,30-40%,0-35,N,0,60
BBB_2013B_341509,341509,BBB,2013B,F,B,Pass,1,1,0,South Region,A Level or Equivalent,40-50%,0-35,Y,0,180
BBB_2013J_593712,593712,BBB,2013J,F,B,Pass,1,1,0,Ireland,Lower Than A Level,30-40%,0-35,N,0,60
BBB_2013B_551762,551762,BBB,2013B,F,B,Withdrawn,0,0,0,East Anglian Region,Lower Than A Level,60-70%,0-35,N,0,60
BBB_2014J_655406,655406,BBB,2014J,F,B,Withdrawn,0,0,0,East Midlands Region,Lower Than A Level,0-10%,0-35,N,0,120
BBB_2013J_582591,582591,BBB,2013J,F,B,Fail,0,0,0,North Western Region,Lower Than A Level,0-10%,0-35,N,0,120
BBB_2013J_600740,600740,BBB,2013J,F,B,Pass,1,1,0,South West Region,A Level or Equivalent,60-70%,0-35,N,0,60
BBB_2014J_649962,649962,BBB,2014J,F,B,Pass,1,1,0,North Western Region,Lower Than A Level,80-90%,0-35,N,0,60
BBB_2014B_1759851,1759851,BBB,2014B,F,B,Pass,1,1,0,East Midlands Region,Lower Than A Level,10-20,35-55,N,1,120
BBB_2013J_597102,597102,BBB,2013J,F,B,Distinction,1,1,0,West Midlands Region,A Level or Equivalent,30-40%,0-35,N,0,60
BBB_2013J_495625,495625,BBB,2013J,M,A,Pass,1,1,0,East Anglian Region,A Level or Equivalent,60-70%,0-35,Y,0,120
BBB_2014J_645510,645510,BBB,2014J,F,B,Withdrawn,0,0,0,West Midlands Region,Lower Than A Level,30-40%,0-35,N,0,60
BBB_2013J_572067,572067,BBB,2013J,F,B,Pass,1,1,0,North Region,A Level or Equivalent,0-10%,0-35,N,0,60
BBB_2013J_597255,597255,BBB,2013J,F,B,Withdrawn,0,0,0,East Midlands Region,A Level or Equivalent,20-30%,0-35,Y,0,60
BBB_2013J_485439,485439,BBB,2013J,F,B,Withdrawn,0,0,0,Wales,Lower Than A Level,0-10%,35-55,Y,1,60
BBB_2013J_178963,178963,BBB,2013J,M,A,Pass,1,1,0,South West Region,A Level or Equivalent,70-80%,0-35,Y,0,120
BBB_2014B_2641682,2641682,BBB,2014B,F,B,Fail,0,0,0,South West Region,Lower Than A Level,70-80%,0-35,Y,1,60
BBB_2014B_78255,78255,BBB,2014B,F,B,Fail,0,0,0,North Region,Lower Than A Level,0-10%,0-35,N,2,120
BBB_2014J_687369,687369,BBB,2014J,F,B,Withdrawn,0,0,0,West Midlands Region,Lower Than A Level,30-40%,0-35,N,0,60
BBB_2014J_685009,685009,BBB,2014J,F,B,Pass,1,1,0,South Region,Lower Than A Level,60-70%,35-55,N,0,60
BBB_2013B_2620178,2620178,BBB,2013B,M,A,Distinction,1,1,0,South Region,Lower Than A Level,20-30%,0-35,N,0,60
BBB_2013J_568533,568533,BBB,2013J,F,B,Distinction,1,1,0,North Western Region,Lower Than A Level,40-50%,0-35,N,0,90
BBB_2013J_536992,536992,BBB,2013J,F,B,Pass,1,1,0,South Region,A Level or Equivalent,50-60%,0-35,N,0,60
BBB_2013J_584735,584735,BBB,2013J,M,A,Withdrawn,0,0,0,Wales,A Level or Equivalent,30-40%,0-35,N,0,60
BBB_2013J_583179,583179,BBB,2013J,F,B,Withdrawn,0,0,0,London Region,Lower Than A Level,0-10%,0-35,N,0,60
BBB_2013J_119898,119898,BBB,2013J,F,B,Pass,1,1,0,West Midlands Region,Lower Than A Level,30-40%,0-35,N,2,60
BBB_2014J_439677,439677,BBB,2014J,F,B,Pass,1,1,0,North Western Region,Lower Than A Level,10-20,0-35,N,0,60
BBB_2013J_580646,580646,BBB,2013J,F,B,Distinction,1,1,0,London Region,A Level or Equivalent,30-40%,0-35,N,0,60
BBB_2013J_523928,523928,BBB,2013J,F,B,Pass,1,1,0,London Region,A Level or Equivalent,10-20,35-55,N,0,60
BBB_2013J_596360,596360,BBB,2013J,M,A,Fail,0,0,0,London Region,HE Qualification,20-30%,0-35,N,0,60
BBB_2014B_2609574,2609574,BBB,2014B,M,A,Withdrawn,0,0,0,West Midlands Region,Lower Than A Level,20-30%,0-35,Y,0,60
BBB_2013J_570137,570137,BBB,2013J,F,B,Pass,1,1,0,Scotland,Lower Than A Level,70-80%,35-55,N,0,60
BBB_2014B_624196,624196,BBB,2014B,F,B,Pass,1,1,0,Scotland,Lower Than A Level,90-100%,0-35,N,0,60
BBB_2013J_585406,585406,BBB,2013J,F,B,Pass,1,1,0,Scotland,Lower Than A Level,40-50%,35-55,N,0,60
BBB_2014B_551252,551252,BBB,2014B,F,B,Distinction,1,1,0,South West Region,A Level or Equivalent,70-80%,0-35,N,1,120
BBB_2013J_2363875,2363875,BBB,2013J,F,B,Pass,1,1,0,Scotland,HE Qualification,50-60%,35-55,N,0,60
BBB_2013J_599456,599456,BBB,2013J,M,A,Withdrawn,0,0,0,North Western Region,Lower Than A Level,0-10%,0-35,N,0,60
BBB_2014J_191973,191973,BBB,2014J,F,B,Pass,1,1,0,Wales,HE Qualification,60-70%,35-55,N,0,60
BBB_2014B_2524295,2524295,BBB,2014B,F,B,Pass,1,1,0,London Region,HE Qualification,50-60%,35-55,N,0,60
BBB_2013B_551504,551504,BBB,2013B,M,A,Fail,0,0,0,Yorkshire Region,A Level or Equivalent,0-10%,0-35,N,0,60
BBB_2013J_585644,585644,BBB,2013J,M,A,Pass,1,1,0,East Anglian Region,Lower Than A Level,20-30%,35-55,N,0,120
BBB_2014J_698198,698198,BBB,2014J,F,B,Fail,0,0,0,Wales,Lower Than A Level,20-30%,35-55,N,0,60
BBB_2013J_425817,425817,BBB,2013J,M,A,Fail,0,0,0,East Midlands Region,Lower Than A Level,0-10%,35-55,N,1,90
BBB_2014B_355147,355147,BBB,2014B,F,B,Pass,1,1,0,South East Region,A Level or Equivalent,70-80%,35-55,N,1,120
BBB_2013J_523466,523466,BBB,2013J,F,B,Pass,1,1,0,Wales,A Level or Equivalent,0-10%,0-35,N,0,180
BBB_2013J_574276,574276,BBB,2013J,F,B,Withdrawn,0,0,0,North Western Region,Lower Than A Level,60-70%,0-35,N,0,120
BBB_2014J_674922,674922,BBB,2014J,F,B,Pass,1,1,0,North Region,Lower Than A Level,30-40%,35-55,N,0,60
BBB_2014B_560335,560335,BBB,2014B,F,B,Fail,0,0,0,Scotland,Lower Than A Level,90-100%,0-35,N,1,60
BBB_2013J_570168,570168,BBB,2013J,F,B,Pass,1,1,0,South West Region,No Formal quals,30-40%,0-35,N,0,90
BBB_2013J_443923,443923,BBB,2013J,F,B,Withdrawn,0,0,0,North Western Region,Lower Than A Level,20-30%,0-35,N,0,60
BBB_2014J_184234,184234,BBB,2014J,F,B,Fail,0,0,0,Ireland,Lower Than A Level,10-20,0-35,N,1,60
BBB_2014J_395822,395822,BBB,2014J,F,B,Pass,1,1,0,South West Region,A Level or Equivalent,40-50%,0-35,N,0,60
BBB_2013J_605882,605882,BBB,2013J,F,B,Withdrawn,0,0,0,Ireland,A Level or Equivalent,0-10%,0-35,N,0,60
BBB_2014B_629462,629462,BBB,2014B,F,B,Withdrawn,0,0,0,South East Region,Lower Than A Level,20-30%,0-35,N,0,60
BBB_2013B_379405,379405,BBB,2013B,F,B,Withdrawn,0,0,0,North Western Region,A Level or Equivalent,30-40%,35-55,N,0,120
BBB_2013B_557338,557338,BBB,2013B,F,B,Withdrawn,0,0,0,North Western Region,Lower Than A Level,10-20,0-35,N,0,60
BBB_2013J_589810,589810,BBB,2013J,F,B,Withdrawn,0,0,0,South Region,A Level or Equivalent,80-90%,0-35,N,0,120
BBB_2014B_621894,621894,BBB,2014B,M,A,Pass,1,1,0,London Region,A Level or Equivalent,40-50%,35-55,N,0,60
BBB_2013J_593510,593510,BBB,2013J,F,B,Pass,1,1,0,Yorkshire Region,Lower Than A Level,60-70%,0-35,N,0,60
BBB_2014B_591309,591309,BBB,2014B,F,B,Withdrawn,0,0,0,North Western Region,Lower Than A Level,0-10%,0-35,N,0,180
BBB_2013B_529118,529118,BBB,2013B,F,B,Withdrawn,0,0,0,East Midlands Region,A Level or Equivalent,90-100%,0-35,Y,1,120
BBB_2013B_498065,498065,BBB,2013B,F,B,Pass,1,1,0,West Midlands Region,HE Qualification,0-10%,35-55,N,0,60
BBB_2013J_570271,570271,BBB,2013J,F,B,Pass,1,1,0,South Region,A Level or Equivalent,90-100%,0-35,N,0,120
BBB_2013B_563877,563877,BBB,2013B,F,B,Pass,1,1,0,East Midlands Region,A Level or Equivalent,20-30%,0-35,N,0,60
BBB_2014B_628411,628411,BBB,2014B,F,B,Fail,0,0,0,West Midlands Region,HE Qualification,10-20,0-35,N,0,120
BBB_2013J_146165,146165,BBB,2013J,F,B,Pass,1,1,0,Wales,A Level or Equivalent,40-50%,35-55,N,0,60
BBB_2013J_582650,582650,BBB,2013J,F,B,Pass,1,1,0,London Region,A Level or Equivalent,40-50%,35-55,N,0,60
BBB_2014J_693230,693230,BBB,2014J,F,B,Pass,1,1,0,Ireland,Lower Than A Level,60-70%,0-35,N,0,60
BBB_2013J_292537,292537,BBB,2013J,F,B,Pass,1,1,0,South Region,Lower Than A Level,50-60%,0-35,N,0,60
BBB_2014J_493443,493443,BBB,2014J,F,B,Pass,1,1,0,London Region,No Formal quals,50-60%,35-55,N,1,60
BBB_2014J_648553,648553,BBB,2014J,F,B,Pass,1,1,0,East Anglian Region,A Level or Equivalent,50-60%,0-35,N,0,60
BBB_2014J_674349,674349,BBB,2014J,F,B,Distinction,1,1,0,South Region,A Level or Equivalent,30-40%,0-35,N,0,60
BBB_2013B_556292,556292,BBB,2013B,F,B,Distinction,1,1,0,South Region,Lower Than A Level,80-90%,0-35,N,0,120
BBB_2013B_535145,535145,BBB,2013B,F,B,Fail,0,0,0,Scotland,Lower Than A Level,70-80%,0-35,N,0,60
BBB_2013B_2442685,2442685,BBB,2013B,M,A,Pass,1,1,0,East Anglian Region,Lower Than A Level,40-50%,0-35,N,1,120
BBB_2013B_542602,542602,BBB,2013B,F,B,Withdrawn,0,0,0,North Western Region,Lower Than A Level,0-10%,0-35,N,0,120
BBB_2013B_558965,558965,BBB,2013B,F,B,Pass,1,1,0,North Western Region,Lower Than A Level,80-90%,35-55,N,0,60
BBB_2013J_562456,562456,BBB,2013J,F,B,Fail,0,0,0,South West Region,Lower Than A Level,20-30%,0-35,N,0,60
BBB_2013J_594253,594253,BBB,2013J,F,B,Withdrawn,0,0,0,West Midlands Region,A Level or Equivalent,20-30%,0-35,N,0,60
BBB_2013J_2690077,2690077,BBB,2013J,M,A,Withdrawn,0,0,0,Yorkshire Region,A Level or Equivalent,50-60%,35-55,N,2,75
BBB_2013J_611096,611096,BBB,2013J,M,A,Fail,0,0,0,Wales,No Formal quals,10-20,0-35,N,0,60
BBB_2013B_507685,507685,BBB,2013B,F,B,Withdrawn,0,0,0,North Region,A Level or Equivalent,0-10%,0-35,N,0,120
BBB_2013J_536632,536632,BBB,2013J,F,B,Pass,1,1,0,Ireland,HE Qualification,70-80%,0-35,N,0,60
BBB_2014J_563027,563027,BBB,2014J,F,B,Pass,1,1,0,South East Region,A Level or Equivalent,50-60%,0-35,N,0,60
BBB_2013J_1411627,1411627,BBB,2013J,F,B,Pass,1,1,0,West Midlands Region,Lower Than A Level,0-10%,35-55,Y,1,180
BBB_2013B_2399361,2399361,BBB,2013B,F,B,Withdrawn,0,0,0,Scotland,A Level or Equivalent,20-30%,0-35,N,1,120
BBB_2014J_694857,694857,BBB,2014J,F,B,Fail,0,0,0,South Region,Lower Than A Level,50-60%,0-35,N,0,60
BBB_2013J_2550290,2550290,BBB,2013J,F,B,Fail,0,0,0,Wales,A Level or Equivalent,10-20,0-35,N,0,120
BBB_2014J_679726,679726,BBB,2014J,F,B,Withdrawn,0,0,0,West Midlands Region,Lower Than A Level,90-100%,0-35,N,0,60
BBB_2013B_534713,534713,BBB,2013B,F,B,Withdrawn,0,0,0,Scotland,HE Qualification,80-90%,0-35,N,0,120
BBB_2013B_549907,549907,BBB,2013B,F,B,Fail,0,0,0,South West Region,Lower Than A Level,30-40%,0-35,N,0,60
BBB_2013J_592815,592815,BBB,2013J,F,B,Withdrawn,0,0,0,West Midlands Region,No Formal quals,0-10%,0-35,N,0,60
BBB_2013B_519800,519800,BBB,2013B,F,B,Pass,1,1,0,Wales,Lower Than A Level,70-80%,35-55,N,1,120
BBB_2014B_627252,627252,BBB,2014B,F,B,Withdrawn,0,0,0,North Western Region,Lower Than A Level,30-40%,0-35,Y,0,60
BBB_2014B_383241,383241,BBB,2014B,F,B,Pass,1,1,0,Scotland,HE Qualification,60-70%,0-35,N,0,75
BBB_2013J_586145,586145,BBB,2013J,F,B,Fail,0,0,0,East Midlands Region,A Level or Equivalent,30-40%,0-35,N,0,60
BBB_2013B_185240,185240,BBB,2013B,F,B,Withdrawn,0,0,0,West Midlands Region,Lower Than A Level,40-50%,35-55,N,1,120
BBB_2013J_266331,266331,BBB,2013J,F,B,Distinction,1,1,0,Scotland,A Level or Equivalent,90-100%,0-35,N,0,90
BBB_2014J_691815,691815,BBB,2014J,F,B,Withdrawn,0,0,0,East Anglian Region,A Level or Equivalent,20-30%,35-55,N,0,90
BBB_2014J_2698588,2698588,BBB,2014J,F,B,Distinction,1,1,0,Yorkshire Region,HE Qualification,30-40%,0-35,N,0,120
BBB_2014B_631082,631082,BBB,2014B,F,B,Withdrawn,0,0,0,North Western Region,A Level or Equivalent,10-20,0-35,N,0,60
BBB_2014B_1332999,1332999,BBB,2014B,F,B,Distinction,1,1,0,Wales,Lower Than A Level,30-40%,35-55,N,0,60
BBB_2014J_646004,646004,BBB,2014J,F,B,Withdrawn,0,0,0,North Western Region,Lower Than A Level,20-30%,0-35,N,0,60
BBB_2013B_120994,120994,BBB,2013B,F,B,Fail,0,0,0,London Region,Lower Than A Level,30-40%,35-55,Y,0,70
BBB_2014B_634483,634483,BBB,2014B,F,B,Pass,1,1,0,East Anglian Region,Lower Than A Level,10-20,35-55,N,0,60
BBB_2013J_2132966,2132966,BBB,2013J,F,B,Pass,1,1,0,Ireland,Lower Than A Level,50-60%,35-55,N,0,60
BBB_2013J_447086,447086,BBB,2013J,M,A,Pass,1,1,0,East Midlands Region,A Level or Equivalent,30-40%,0-35,N,1,60
BBB_2013J_607889,607889,BBB,2013J,F,B,Pass,1,1,0,Wales,A Level or Equivalent,60-70%,35-55,N,0,60
BBB_2013B_378462,378462,BBB,2013B,F,B,Pass,1,1,0,South West Region,A Level or Equivalent,80-90%,35-55,N,0,120
BBB_2014B_575990,575990,BBB,2014B,F,B,Withdrawn,0,0,0,South West Region,Lower Than A Level,10-20,0-35,N,0,60
BBB_2014J_647395,647395,BBB,2014J,F,B,Distinction,1,1,0,East Midlands Region,A Level or Equivalent,40-50%,35-55,N,0,60
BBB_2014J_694476,694476,BBB,2014J,M,A,Withdrawn,0,0,0,Ireland,A Level or Equivalent,30-40%,0-35,N,0,60
BBB_2013B_2254619,2254619,BBB,2013B,F,B,Pass,1,1,0,East Anglian Region,A Level or Equivalent,80-90%,35-55,N,0,60
BBB_2014J_98452,98452,BBB,2014J,M,A,Withdrawn,0,0,0,South West Region,A Level or Equivalent,30-40%,0-35,Y,0,120
BBB_2013J_589411,589411,BBB,2013J,F,B,Distinction,1,1,0,Yorkshire Region,A Level or Equivalent,40-50%,0-35,N,0,60
BBB_2013B_561437,561437,BBB,2013B,F,B,Pass,1,1,0,South West Region,A Level or Equivalent,50-60%,35-55,N,0,120
BBB_2014B_318876,318876,BBB,2014B,F,B,Pass,1,1,0,London Region,A Level or Equivalent,40-50%,35-55,N,0,150
BBB_2013J_592669,592669,BBB,2013J,F,B,Withdrawn,0,0,0,London Region,Lower Than A Level,10-20,0-35,N,0,60
BBB_2014B_497872,497872,BBB,2014B,F,B,Withdrawn,0,0,0,Yorkshire Region,A Level or Equivalent,40-50%,35-55,N,0,60
BBB_2014J_682364,682364,BBB,2014J,M,A,Withdrawn,0,0,0,Scotland,Lower Than A Level,50-60%,0-35,N,0,60
BBB_2014J_238144,238144,BBB,2014J,F,B,Fail,0,0,0,Wales,A Level or Equivalent,40-50%,35-55,N,3,60
BBB_2013J_591589,591589,BBB,2013J,F,B,Pass,1,1,0,Yorkshire Region,A Level or Equivalent,0-10%,35-55,N,0,60
BBB_2013J_422479,422479,BBB,2013J,F,B,Pass,1,1,0,South East Region,Lower Than A Level,90-100%,0-35,N,1,120
BBB_2013B_541822,541822,BBB,2013B,F,B,Distinction,1,1,0,Yorkshire Region,A Level or Equivalent,0-10%,0-35,N,0,120
BBB_2013B_376617,376617,BBB,2013B,M,A,Pass,1,1,0,West Midlands Region,Lower Than A Level,30-40%,35-55,N,0,60
BBB_2013J_612355,612355,BBB,2013J,F,B,Pass,1,1,0,South East Region,A Level or Equivalent,30-40%,0-35,N,0,60
BBB_2013B_426650,426650,BBB,2013B,F,B,Pass,1,1,0,North Region,A Level or Equivalent,80-90%,0-35,N,1,60
BBB_2014J_647126,647126,BBB,2014J,F,B,Withdrawn,0,0,0,North Region,Lower Than A Level,10-20,0-35,N,0,60
BBB_2014J_612473,612473,BBB,2014J,F,B,Withdrawn,0,0,0,East Anglian Region,A Level or Equivalent,50-60%,35-55,N,1,60
BBB_2014B_632302,632302,BBB,2014B,F,B,Pass,1,1,0,London Region,A Level or Equivalent,10-20,35-55,Y,0,60
BBB_2014J_603746,603746,BBB,2014J,F,B,Pass,1,1,0,London Region,A Level or Equivalent,60-70%,0-35,N,0,60
BBB_2013J_2557885,2557885,BBB,2013J,F,B,Withdrawn,0,0,0,West Midlands Region,HE Qualification,60-70%,0-35,N,0,60
BBB_2014J_245784,245784,BBB,2014J,F,B,Fail,0,0,0,East Anglian Region,HE Qualification,30-40%,35-55,N,1,60
BBB_2013B_262741,262741,BBB,2013B,F,B,Pass,1,1,0,North Region,A Level or Equivalent,40-50%,0-35,N,0,60
BBB_2014J_73874,73874,BBB,2014J,F,B,Withdrawn,0,0,0,Wales,Lower Than A Level,90-100%,35-55,N,2,60
BBB_2014J_630716,630716,BBB,2014J,F,B,Fail,0,0,0,Yorkshire Region,No Formal quals,0-10%,0-35,N,0,90
BBB_2013J_522622,522622,BBB,2013J,F,B,Pass,1,1,0,Wales,Lower Than A Level,10-20,0-35,N,1,120
BBB_2014B_563986,563986,BBB,2014B,F,B,Fail,0,0,0,North Western Region,Lower Than A Level,10-20,0-35,N,0,75
BBB_2013J_601505,601505,BBB,2013J,F,B,Fail,0,0,0,Scotland,HE Qualification,70-80%,0-35,N,0,120
BBB_2013B_481580,481580,BBB,2013B,F,B,Distinction,1,1,0,East Anglian Region,A Level or Equivalent,30-40%,0-35,N,0,60
BBB_2014J_611268,611268,BBB,2014J,F,B,Distinction,1,1,0,North Western Region,A Level or Equivalent,20-30%,35-55,N,1,60
BBB_2013J_178738,178738,BBB,2013J,F,B,Fail,0,0,0,East Anglian Region,HE Qualification,70-80%,0-35,N,1,60
BBB_2013J_1399285,1399285,BBB,2013J,F,B,Pass,1,1,0,Wales,Lower Than A Level,70-80%,35-55,N,0,60
BBB_2014J_412343,412343,BBB,2014J,F,B,Fail,0,0,0,Scotland,Lower Than A Level,10-20,0-35,Y,0,60
BBB_2014J_678278,678278,BBB,2014J,F,B,Withdrawn,0,0,0,North Western Region,A Level or Equivalent,20-30%,0-35,N,0,60
BBB_2014B_565988,565988,BBB,2014B,F,B,Fail,0,0,0,North Region,Lower Than A Level,10-20,0-35,N,0,120
BBB_2013B_553490,553490,BBB,2013B,F,B,Fail,0,0,0,North Western Region,Lower Than A Level,30-40%,0-35,N,0,60
BBB_2014J_644822,644822,BBB,2014J,F,B,Pass,1,1,0,East Anglian Region,A Level or Equivalent,40-50%,0-35,N,0,120
BBB_2013J_553893,553893,BBB,2013J,F,B,Fail,0,0,0,South Region,Lower Than A Level,70-80%,0-35,N,0,180
BBB_2013J_372658,372658,BBB,2013J,F,B,Pass,1,1,0,East Anglian Region,Lower Than A Level,90-100%,0-35,N,1,90
BBB_2014B_573806,573806,BBB,2014B,F,B,Distinction,1,1,0,South East Region,A Level or Equivalent,20-30%,35-55,N,0,120
BBB_2014B_627094,627094,BBB,2014B,F,B,Fail,0,0,0,North Western Region,No Formal quals,0-10%,35-55,N,0,60
BBB_2013J_585816,585816,BBB,2013J,F,B,Fail,0,0,0,South East Region,Lower Than A Level,0-10%,0-35,N,0,120
BBB_2014B_617950,617950,BBB,2014B,F,B,Withdrawn,0,0,0,East Anglian Region,A Level or Equivalent,10-20,0-35,N,0,60
BBB_2014B_491114,491114,BBB,2014B,F,B,Withdrawn,0,0,0,South Region,A Level or Equivalent,60-70%,0-35,N,1,120
BBB_2013B_537162,537162,BBB,2013B,F,B,Pass,1,1,0,Wales,Lower Than A Level,50-60%,0-35,N,0,120
BBB_2014J_581672,581672,BBB,2014J,F,B,Withdrawn,0,0,0,South Region,Lower Than A Level,80-90%,35-55,N,1,60
BBB_2014J_385405,385405,BBB,2014J,M,A,Pass,1,1,0,Ireland,A Level or Equivalent,0-10%,35-55,N,1,60
BBB_2013B_34353,34353,BBB,2013B,M,A,Fail,0,0,0,Scotland,A Level or Equivalent,70-80%,35-55,Y,0,120
BBB_2013B_544017,544017,BBB,2013B,F,B,Fail,0,0,0,Ireland,A Level or Equivalent,60-70%,0-35,N,0,60
BBB_2014B_536629,536629,BBB,2014B,F,B,Pass,1,1,0,South Region,A Level or Equivalent,70-80%,0-35,N,0,180
BBB_2013J_471711,471711,BBB,2013J,F,B,Pass,1,1,0,East Midlands Region,A Level or Equivalent,0-10%,35-55,N,1,60
BBB_2013J_575423,575423,BBB,2013J,F,B,Withdrawn,0,0,0,West Midlands Region,A Level or Equivalent,80-90%,0-35,N,0,180
BBB_2014J_684329,684329,BBB,2014J,F,B,Pass,1,1,0,Yorkshire Region,A Level or Equivalent,70-80%,35-55,N,0,60
BBB_2013B_495674,495674,BBB,2013B,F,B,Fail,0,0,0,Wales,Lower Than A Level,0-10%,35-55,Y,1,120
BBB_2013B_486099,486099,BBB,2013B,F,B,Pass,1,1,0,South Region,A Level or Equivalent,60-70%,0-35,N,1,180
BBB_2014B_382877,382877,BBB,2014B,F,B,Withdrawn,0,0,0,North Region,Lower Than A Level,10-20,0-35,N,0,60
BBB_2013J_521590,521590,BBB,2013J,F,B,Pass,1,1,0,North Western Region,Lower Than A Level,0-10%,0-35,N,0,60
BBB_2013J_572495,572495,BBB,2013J,F,B,Withdrawn,0,0,0,Yorkshire Region,A Level or Equivalent,10-20,0-35,N,0,120
BBB_2013J_584238,584238,BBB,2013J,F,B,Fail,0,0,0,West Midlands Region,Lower Than A Level,10-20,0-35,N,0,60
BBB_2014J_531753,531753,BBB,2014J,M,A,Pass,1,1,0,Scotland,Lower Than A Level,50-60%,35-55,N,1,60
BBB_2014J_686530,686530,BBB,2014J,F,B,Withdrawn,0,0,0,South West Region,Lower Than A Level,40-50%,0-35,N,0,60
BBB_2013B_553800,553800,BBB,2013B,F,B,Fail,0,0,0,London Region,Lower Than A Level,60-70%,0-35,N,0,90
BBB_2014J_679798,679798,BBB,2014J,M,A,Pass,1,1,0,London Region,Lower Than A Level,10-20,35-55,N,0,120
BBB_2014B_620304,620304,BBB,2014B,M,A,Fail,0,0,0,West Midlands Region,Lower Than A Level,40-50%,35-55,N,0,60
BBB_2013B_2394212,2394212,BBB,2013B,F,B,Withdrawn,0,0,0,Ireland,HE Qualification,,35-55,N,0,90
BBB_2014B_569199,569199,BBB,2014B,F,B,Withdrawn,0,0,0,West Midlands Region,Lower Than A Level,20-30%,0-35,N,0,120
BBB_2014J_601930,601930,BBB,2014J,F,B,Withdrawn,0,0,0,West Midlands Region,Lower Than A Level,0-10%,0-35,N,0,60
BBB_2013B_559603,559603,BBB,2013B,F,B,Pass,1,1,0,East Midlands Region,A Level or Equivalent,40-50%,35-55,N,0,60
BBB_2013B_555667,555667,BBB,2013B,F,B,Distinction,1,1,0,West Midlands Region,HE Qualification,70-80%,0-35,N,0,120
BBB_2014J_688710,688710,BBB,2014J,F,B,Withdrawn,0,0,0,East Anglian Region,A Level or Equivalent,70-80%,0-35,N,0,120
BBB_2014J_1757561,1757561,BBB,2014J,F,B,Fail,0,0,0,Scotland,Lower Than A Level,40-50%,35-55,N,1,60
BBB_2014J_682627,682627,BBB,2014J,F,B,Pass,1,1,0,Wales,HE Qualification,30-40%,0-35,N,0,60
BBB_2013J_593871,593871,BBB,2013J,F,B,Pass,1,1,0,East Midlands Region,A Level or Equivalent,10-20,0-35,Y,0,90
BBB_2014J_573873,573873,BBB,2014J,F,B,Fail,0,0,0,London Region,A Level or Equivalent,20-30%,0-35,N,0,60
BBB_2013B_2216178,2216178,BBB,2013B,F,B,Fail,0,0,0,East Anglian Region,HE Qualification,70-80%,35-55,N,0,60
BBB_2013J_608047,608047,BBB,2013J,M,A,Pass,1,1,0,Scotland,Lower Than A Level,70-80%,35-55,N,0,60
BBB_2014J_600415,600415,BBB,2014J,F,B,Pass,1,1,0,South West Region,A Level or Equivalent,50-60%,0-35,N,0,60
BBB_2014B_606529,606529,BBB,2014B,M,A,Fail,0,0,0,West Midlands Region,A Level or Equivalent,90-100%,0-35,N,0,120
BBB_2014J_645359,645359,BBB,2014J,F,B,Pass,1,1,0,Yorkshire Region,A Level or Equivalent,20-30%,0-35,N,0,120
BBB_2014B_541769,541769,BBB,2014B,F,B,Pass,1,1,0,East Anglian Region,Lower Than A Level,30-40%,35-55,N,0,60
BBB_2014B_334981,334981,BBB,2014B,F,B,Distinction,1,1,0,South Region,A Level or Equivalent,70-80%,35-55,N,6,120
BBB_2013J_541274,541274,BBB,2013J,M,A,Distinction,1,1,0,Yorkshire Region,Lower Than A Level,50-60%,35-55,N,1,60
BBB_2014B_628423,628423,BBB,2014B,F,B,Distinction,1,1,0,Wales,A Level or Equivalent,70-80%,0-35,N,0,60
BBB_2014J_587054,587054,BBB,2014J,F,B,Pass,1,1,0,Wales,HE Qualification,80-90%,35-55,N,0,60
BBB_2013J_2425156,2425156,BBB,2013J,F,B,Pass,1,1,0,East Anglian Region,HE Qualification,30-40%,35-55,N,0,180
BBB_2014B_614741,614741,BBB,2014B,F,B,Pass,1,1,0,South Region,Lower Than A Level,60-70%,0-35,N,0,60
BBB_2013B_483109,483109,BBB,2013B,F,B,Pass,1,1,0,London Region,HE Qualification,50-60%,0-35,N,0,60
BBB_2013J_433864,433864,BBB,2013J,M,A,Pass,1,1,0,Scotland,HE Qualification,60-70%,0-35,N,0,60
BBB_2013B_506650,506650,BBB,2013B,F,B,Withdrawn,0,0,0,South West Region,A Level or Equivalent,80-90%,35-55,N,0,150
BBB_2013J_603601,603601,BBB,2013J,F,B,Pass,1,1,0,South West Region,Lower Than A Level,20-30%,35-55,N,0,60
BBB_2014J_684184,684184,BBB,2014J,F,B,Distinction,1,1,0,Scotland,A Level or Equivalent,50-60%,0-35,N,0,60
BBB_2013J_589234,589234,BBB,2013J,F,B,Withdrawn,0,0,0,South East Region,A Level or Equivalent,70-80%,0-35,N,0,120
BBB_2014J_486516,486516,BBB,2014J,F,B,Fail,0,0,0,East Midlands Region,A Level or Equivalent,90-100%,0-35,N,0,60
BBB_2014J_1526770,1526770,BBB,2014J,F,B,Distinction,1,1,0,Ireland,Lower Than A Level,50-60%,35-55,N,0,90
BBB_2013J_592618,592618,BBB,2013J,F,B,Pass,1,1,0,North Western Region,A Level or Equivalent,20-30%,35-55,N,0,60
BBB_2014B_548578,548578,BBB,2014B,F,B,Withdrawn,0,0,0,South West Region,No Formal quals,30-40%,0-35,N,0,90
BBB_2014J_654043,654043,BBB,2014J,F,B,Pass,1,1,0,Yorkshire Region,A Level or Equivalent,50-60%,0-35,N,0,180
BBB_2013B_338056,338056,BBB,2013B,F,B,Pass,1,1,0,Scotland,Lower Than A Level,40-50%,0-35,N,1,120
BBB_2013J_583098,583098,BBB,2013J,F,B,Fail,0,0,0,East Midlands Region,Lower Than A Level,30-40%,35-55,N,0,60
BBB_2014J_426624,426624,BBB,2014J,F,B,Distinction,1,1,0,West Midlands Region,Lower Than A Level,90-100%,0-35,N,0,60
BBB_2014J_602943,602943,BBB,2014J,M,A,Distinction,1,1,0,East Anglian Region,Lower Than A Level,50-60%,0-35,N,1,60
BBB_2014B_614561,614561,BBB,2014B,F,B,Withdrawn,0,0,0,South West Region,Lower Than A Level,40-50%,0-35,N,0,60
BBB_2014J_683802,683802,BBB,2014J,F,B,Withdrawn,0,0,0,London Region,Lower Than A Level,0-10%,35-55,N,0,120
BBB_2013J_588117,588117,BBB,2013J,F,B,Distinction,1,1,0,South East Region,A Level or Equivalent,80-90%,0-35,N,0,60
BBB_2013J_572733,572733,BBB,2013J,F,B,Pass,1,1,0,North Western Region,A Level or Equivalent,60-70%,0-35,N,0,120
BBB_2014J_424586,424586,BBB,2014J,F,B,Withdrawn,0,0,0,South East Region,A Level or Equivalent,20-30%,0-35,N,0,120
BBB_2014J_685052,685052,BBB,2014J,M,A,Fail,0,0,0,East Midlands Region,Lower Than A Level,10-20,0-35,N,0,120
BBB_2013J_586720,586720,BBB,2013J,M,A,Fail,0,0,0,London Region,Lower Than A Level,40-50%,0-35,N,0,120
BBB_2013B_530493,530493,BBB,2013B,F,B,Fail,0,0,0,London Region,Lower Than A Level,0-10%,35-55,N,1,180
BBB_2014J_65807,65807,BBB,2014J,F,B,Withdrawn,0,0,0,North Western Region,HE Qualification,10-20,0-35,N,2,180
BBB_2014J_2687739,2687739,BBB,2014J,F,B,Withdrawn,0,0,0,West Midlands Region,A Level or Equivalent,20-30%,35-55,N,0,120
BBB_2013J_522443,522443,BBB,2013J,F,B,Fail,0,0,0,Scotland,A Level or Equivalent,40-50%,35-55,N,0,120
BBB_2014B_358956,358956,BBB,2014B,F,B,Pass,1,1,0,East Anglian Region,Lower Than A Level,30-40%,0-35,N,1,120
BBB_2014B_320363,320363,BBB,2014B,F,B,Fail,0,0,0,South Region,Lower Than A Level,20-30%,35-55,N,0,60
BBB_2014B_630833,630833,BBB,2014B,F,B,Fail,0,0,0,West Midlands Region,Lower Than A Level,50-60%,0-35,N,0,60
BBB_2013J_507279,507279,BBB,2013J,F,B,Fail,0,0,0,West Midlands Region,Lower Than A Level,10-20,0-35,Y,0,60
BBB_2013J_2078479,2078479,BBB,2013J,F,B,Distinction,1,1,0,Scotland,HE Qualification,20-30%,35-55,N,0,60
BBB_2014J_476769,476769,BBB,2014J,F,B,Pass,1,1,0,South East Region,A Level or Equivalent,70-80%,0-35,N,0,60
BBB_2013J_1866742,1866742,BBB,2013J,F,B,Withdrawn,0,0,0,South West Region,Lower Than A Level,40-50%,0-35,N,0,120
BBB_2013J_561312,561312,BBB,2013J,F,B,Distinction,1,1,0,Yorkshire Region,A Level or Equivalent,10-20,0-35,N,0,60
BBB_2014B_307386,307386,BBB,2014B,F,B,Pass,1,1,0,Ireland,HE Qualification,50-60%,0-35,N,2,180
BBB_2013J_419375,419375,BBB,2013J,F,B,Pass,1,1,0,Wales,Lower Than A Level,40-50%,0-35,N,0,120
BBB_2013J_591440,591440,BBB,2013J,F,B,Fail,0,0,0,Yorkshire Region,Lower Than A Level,60-70%,0-35,N,0,60
BBB_2014J_684459,684459,BBB,2014J,M,A,Withdrawn,0,0,0,Ireland,A Level or Equivalent,30-40%,0-35,N,0,60
BBB_2013B_480507,480507,BBB,2013B,F,B,Pass,1,1,0,Scotland,Lower Than A Level,60-70%,35-55,N,0,60
BBB_2014B_1341507,1341507,BBB,2014B,F,B,Distinction,1,1,0,Scotland,HE Qualification,50-60%,35-55,Y,0,60
BBB_2013J_593281,593281,BBB,2013J,M,A,Withdrawn,0,0,0,Wales,A Level or Equivalent,50-60%,0-35,N,0,60
BBB_2013J_1778145,1778145,BBB,2013J,F,B,Pass,1,1,0,South East Region,Lower Than A Level,60-70%,35-55,Y,0,60
BBB_2013J_577680,577680,BBB,2013J,F,B,Pass,1,1,0,Scotland,Lower Than A Level,80-90%,0-35,N,0,60
BBB_2013J_2239140,2239140,BBB,2013J,F,B,Fail,0,0,0,South Region,A Level or Equivalent,30-40%,35-55,N,2,60
BBB_2014B_2034455,2034455,BBB,2014B,F,B,Withdrawn,0,0,0,East Midlands Region,A Level or Equivalent,40-50%,35-55,N,0,60
BBB_2013B_2303034,2303034,BBB,2013B,F,B,Fail,0,0,0,South West Region,A Level or Equivalent,20-30%,35-55,Y,1,60
BBB_2014B_532274,532274,BBB,2014B,F,B,Fail,0,0,0,West Midlands Region,A Level or Equivalent,20-30%,35-55,N,0,150
BBB_2013B_2481765,2481765,BBB,2013B,F,B,Pass,1,1,0,South East Region,A Level or Equivalent,90-100%,35-55,N,0,60
BBB_2014B_601356,601356,BBB,2014B,F,B,Distinction,1,1,0,East Anglian Region,Lower Than A Level,60-70%,0-35,N,0,120
BBB_2014J_698369,698369,BBB,2014J,F,B,Distinction,1,1,0,Yorkshire Region,A Level or Equivalent,10-20,0-35,N,0,120
BBB_2013J_591937,591937,BBB,2013J,F,B,Withdrawn,0,0,0,East Midlands Region,Lower Than A Level,20-30%,0-35,N,0,60
BBB_2013J_472262,472262,BBB,2013J,F,B,Fail,0,0,0,London Region,Lower Than A Level,60-70%,35-55,N,0,60
BBB_2014B_579448,579448,BBB,2014B,F,B,Withdrawn,0,0,0,Scotland,Lower Than A Level,10-20,0-35,N,1,120
BBB_2013B_485630,485630,BBB,2013B,F,B,Pass,1,1,0,East Anglian Region,A Level or Equivalent,30-40%,0-35,N,1,120
BBB_2014B_610759,610759,BBB,2014B,F,B,Pass,1,1,0,South East Region,HE Qualification,60-70%,35-55,N,1,120
BBB_2013J_566415,566415,BBB,2013J,F,B,Pass,1,1,0,East Midlands Region,Lower Than A Level,90-100%,0-35,N,0,60
BBB_2014J_559344,559344,BBB,2014J,M,A,Pass,1,1,0,South Region,A Level or Equivalent,70-80%,0-35,N,1,120
BBB_2013J_590308,590308,BBB,2013J,F,B,Fail,0,0,0,East Midlands Region,A Level or Equivalent,60-70%,0-35,N,0,120
BBB_2014J_633902,633902,BBB,2014J,F,B,Pass,1,1,0,Yorkshire Region,HE Qualification,0-10%,0-35,N,0,60
BBB_2014B_628180,628180,BBB,2014B,F,B,Pass,1,1,0,Scotland,A Level or Equivalent,20-30%,35-55,N,0,60
BBB_2014J_683338,683338,BBB,2014J,F,B,Withdrawn,0,0,0,London Region,No Formal quals,0-10%,0-35,N,0,60
BBB_2013B_385034,385034,BBB,2013B,F,B,Withdrawn,0,0,0,East Midlands Region,A Level or Equivalent,50-60%,0-35,N,0,120
BBB_2013B_153704,153704,BBB,2013B,F,B,Withdrawn,0,0,0,West Midlands Region,Lower Than A Level,0-10%,0-35,N,1,120
BBB_2013J_414350,414350,BBB,2013J,F,B,Distinction,1,1,0,East Anglian Region,Lower Than A Level,50-60%,35-55,Y,1,330
BBB_2014J_674960,674960,BBB,2014J,F,B,Pass,1,1,0,South West Region,A Level or Equivalent,50-60%,35-55,N,0,60
BBB_2014J_447324,447324,BBB,2014J,F,B,Fail,0,0,0,Scotland,Lower Than A Level,30-40%,35-55,N,0,60
BBB_2014B_511238,511238,BBB,2014B,M,A,Withdrawn,0,0,0,East Anglian Region,HE Qualification,50-60%,35-55,N,0,120
BBB_2014J_692537,692537,BBB,2014J,F,B,Withdrawn,0,0,0,Wales,A Level or Equivalent,30-40%,0-35,N,0,60
BBB_2013J_2452289,2452289,BBB,2013J,F,B,Pass,1,1,0,South East Region,Lower Than A Level,70-80%,35-55,N,0,60
BBB_2014J_695035,695035,BBB,2014J,M,A,Withdrawn,0,0,0,Ireland,A Level or Equivalent,70-80%,0-35,N,0,60
BBB_2013J_592496,592496,BBB,2013J,F,B,Pass,1,1,0,South Region,A Level or Equivalent,60-70%,0-35,N,0,60
BBB_2014B_2523989,2523989,BBB,2014B,F,B,Pass,1,1,0,East Anglian Region,Lower Than A Level,50-60%,0-35,N,0,120
BBB_2013B_2470672,2470672,BBB,2013B,F,B,Fail,0,0,0,West Midlands Region,A Level or Equivalent,30-40%,35-55,N,1,60
BBB_2013B_466959,466959,BBB,2013B,M,A,Fail,0,0,0,North Western Region,A Level or Equivalent,50-60%,0-35,N,0,60
BBB_2013J_592624,592624,BBB,2013J,F,B,Pass,1,1,0,East Anglian Region,Lower Than A Level,20-30%,0-35,Y,0,120
BBB_2014J_594083,594083,BBB,2014J,M,A,Pass,1,1,0,Yorkshire Region,Lower Than A Level,0-10%,0-35,N,0,240
BBB_2014J_265466,265466,BBB,2014J,F,B,Pass,1,1,0,Ireland,A Level or Equivalent,30-40%,35-55,N,1,60
BBB_2013J_564930,564930,BBB,2013J,F,B,Withdrawn,0,0,0,Ireland,Lower Than A Level,0-10%,0-35,N,0,60
BBB_2013B_284076,284076,BBB,2013B,F,B,Pass,1,1,0,South Region,A Level or Equivalent,70-80%,0-35,N,0,120
BBB_2013J_595925,595925,BBB,2013J,F,B,Pass,1,1,0,South West Region,A Level or Equivalent,80-90%,35-55,N,0,60
BBB_2014B_613874,613874,BBB,2014B,F,B,Pass,1,1,0,East Anglian Region,HE Qualification,30-40%,0-35,N,0,60
BBB_2014B_609282,609282,BBB,2014B,F,B,Withdrawn,0,0,0,West Midlands Region,Lower Than A Level,10-20,35-55,N,1,120
BBB_2014B_626485,626485,BBB,2014B,F,B,Withdrawn,0,0,0,South Region,Lower Than A Level,20-30%,0-35,N,0,60
BBB_2013J_597532,597532,BBB,2013J,F,B,Withdrawn,0,0,0,South West Region,Lower Than A Level,60-70%,0-35,N,0,120
BBB_2014J_649692,649692,BBB,2014J,F,B,Fail,0,0,0,Scotland,Lower Than A Level,60-70%,0-35,N,0,60
BBB_2014J_692196,692196,BBB,2014J,F,B,Distinction,1,1,0,Wales,HE Qualification,40-50%,0-35,N,0,120
BBB_2013J_434397,434397,BBB,2013J,F,B,Pass,1,1,0,West Midlands Region,A Level or Equivalent,30-40%,0-35,N,0,120
BBB_2013J_573654,573654,BBB,2013J,F,B,Pass,1,1,0,West Midlands Region,A Level or Equivalent,80-90%,0-35,N,0,60
BBB_2013J_519945,519945,BBB,2013J,F,B,Withdrawn,0,0,0,London Region,Lower Than A Level,60-70%,35-55,N,0,60
BBB_2014J_687256,687256,BBB,2014J,M,A,Withdrawn,0,0,0,East Midlands Region,A Level or Equivalent,70-80%,35-55,N,0,120
BBB_2013J_479853,479853,BBB,2013J,F,B,Distinction,1,1,0,London Region,A Level or Equivalent,0-10%,35-55,N,0,60
BBB_2013J_563063,563063,BBB,2013J,F,B,Withdrawn,0,0,0,North Western Region,A Level or Equivalent,80-90%,35-55,N,0,60
BBB_2013J_271346,271346,BBB,2013J,F,B,Withdrawn,0,0,0,East Anglian Region,A Level or Equivalent,90-100%,0-35,N,1,150
BBB_2013J_611060,611060,BBB,2013J,F,B,Pass,1,1,0,Wales,HE Qualification,70-80%,35-55,N,0,60
BBB_2013J_593441,593441,BBB,2013J,F,B,Withdrawn,0,0,0,Ireland,Lower Than A Level,50-60%,0-35,N,0,60
BBB_2014J_646781,646781,BBB,2014J,M,A,Pass,1,1,0,Ireland,A Level or Equivalent,0-10%,0-35,N,0,60
BBB_2014J_684833,684833,BBB,2014J,F,B,Distinction,1,1,0,London Region,HE Qualification,30-40%,0-35,N,0,120
BBB_2013J_86291,86291,BBB,2013J,F,B,Fail,0,0,0,Wales,HE Qualification,50-60%,35-55,N,1,60
BBB_2013J_580592,580592,BBB,2013J,F,B,Withdrawn,0,0,0,West Midlands Region,Lower Than A Level,30-40%,0-35,N,0,60
BBB_2014B_628525,628525,BBB,2014B,F,B,Fail,0,0,0,London Region,Lower Than A Level,20-30%,0-35,N,0,60
BBB_2014J_690554,690554,BBB,2014J,F,B,Withdrawn,0,0,0,North Region,Lower Than A Level,20-30%,0-35,N,0,60
BBB_2014J_688376,688376,BBB,2014J,F,B,Pass,1,1,0,Scotland,A Level or Equivalent,0-10%,35-55,N,0,60
BBB_2013J_2680344,2680344,BBB,2013J,F,B,Pass,1,1,0,Scotland,HE Qualification,80-90%,35-55,N,0,60
BBB_2013J_582084,582084,BBB,2013J,F,B,Withdrawn,0,0,0,London Region,A Level or Equivalent,20-30%,0-35,N,0,120
BBB_2014J_584274,584274,BBB,2014J,F,B,Withdrawn,0,0,0,Yorkshire Region,A Level or Equivalent,80-90%,35-55,N,0,120
BBB_2014B_285567,285567,BBB,2014B,F,B,Pass,1,1,0,South West Region,Lower Than A Level,40-50%,35-55,N,0,90
BBB_2014J_642439,642439,BBB,2014J,F,B,Withdrawn,0,0,0,Ireland,Lower Than A Level,,0-35,N,0,120
BBB_2013B_555707,555707,BBB,2013B,F,B,Withdrawn,0,0,0,East Anglian Region,A Level or Equivalent,50-60%,0-35,N,0,60
BBB_2014B_603112,603112,BBB,2014B,F,B,Pass,1,1,0,South Region,Lower Than A Level,50-60%,0-35,N,0,120
BBB_2014J_298303,298303,BBB,2014J,F,B,Distinction,1,1,0,Ireland,A Level or Equivalent,10-20,0-35,N,0,60
BBB_2014J_690003,690003,BBB,2014J,M,A,Pass,1,1,0,Ireland,Lower Than A Level,60-70%,0-35,N,0,60
BBB_2013J_596275,596275,BBB,2013J,F,B,Withdrawn,0,0,0,Wales,A Level or Equivalent,20-30%,0-35,N,0,60
BBB_2013J_549873,549873,BBB,2013J,F,B,Fail,0,0,0,North Western Region,A Level or Equivalent,50-60%,0-35,N,1,60
BBB_2014J_698204,698204,BBB,2014J,F,B,Pass,1,1,0,Wales,Lower Than A Level,10-20,35-55,N,0,60
BBB_2013J_583191,583191,BBB,2013J,F,B,Pass,1,1,0,London Region,A Level or Equivalent,0-10%,0-35,N,0,60
BBB_2013J_438068,438068,BBB,2013J,F,B,Distinction,1,1,0,Yorkshire Region,Lower Than A Level,50-60%,35-55,N,0,60
BBB_2014B_626555,626555,BBB,2014B,M,A,Pass,1,1,0,West Midlands Region,Lower Than A Level,10-20,0-35,N,0,60
BBB_2013J_600006,600006,BBB,2013J,F,B,Withdrawn,0,0,0,East Anglian Region,Lower Than A Level,40-50%,0-35,N,0,60
BBB_2014J_678955,678955,BBB,2014J,M,A,Fail,0,0,0,East Anglian Region,A Level or Equivalent,40-50%,0-35,N,0,60
BBB_2013J_598202,598202,BBB,2013J,F,B,Fail,0,0,0,Wales,Lower Than A Level,20-30%,35-55,Y,0,60
BBB_2014B_626773,626773,BBB,2014B,F,B,Withdrawn,0,0,0,Scotland,Lower Than A Level,10-20,0-35,N,0,60
BBB_2013B_276717,276717,BBB,2013B,F,B,Distinction,1,1,0,West Midlands Region,A Level or Equivalent,60-70%,0-35,N,0,120
BBB_2013B_1521540,1521540,BBB,2013B,F,B,Distinction,1,1,0,South Region,A Level or Equivalent,90-100%,35-55,N,2,60
BBB_2014J_314252,314252,BBB,2014J,M,A,Pass,1,1,0,West Midlands Region,A Level or Equivalent,20-30%,35-55,N,0,60
BBB_2013B_530215,530215,BBB,2013B,F,B,Withdrawn,0,0,0,West Midlands Region,A Level or Equivalent,0-10%,0-35,N,1,120
BBB_2014J_691717,691717,BBB,2014J,F,B,Pass,1,1,0,East Anglian Region,A Level or Equivalent,50-60%,0-35,N,0,60
BBB_2013J_2544448,2544448,BBB,2013J,F,B,Fail,0,0,0,Wales,Lower Than A Level,0-10%,0-35,N,0,60
BBB_2013B_473095,473095,BBB,2013B,F,B,Fail,0,0,0,East Midlands Region,A Level or Equivalent,40-50%,0-35,N,1,120
BBB_2013J_575681,575681,BBB,2013J,F,B,Pass,1,1,0,North Western Region,Lower Than A Level,70-80%,35-55,N,0,60
BBB_2014J_695015,695015,BBB,2014J,F,B,Fail,0,0,0,Ireland,A Level or Equivalent,0-10%,0-35,N,0,60
BBB_2014J_640289,640289,BBB,2014J,F,B,Withdrawn,0,0,0,Yorkshire Region,A Level or Equivalent,70-80%,0-35,N,0,60
BBB_2014J_592135,592135,BBB,2014J,F,B,Pass,1,1,0,North Western Region,Lower Than A Level,0-10%,35-55,N,0,180
BBB_2013J_608942,608942,BBB,2013J,F,B,Withdrawn,0,0,0,London Region,A Level or Equivalent,20-30%,0-35,N,0,120
BBB_2014J_680559,680559,BBB,2014J,F,B,Fail,0,0,0,North Western Region,HE Qualification,10-20,0-35,N,0,60
BBB_2013J_594043,594043,BBB,2013J,F,B,Withdrawn,0,0,0,East Midlands Region,Lower Than A Level,30-40%,35-55,N,0,120
BBB_2014J_657290,657290,BBB,2014J,F,B,Pass,1,1,0,Yorkshire Region,Lower Than A Level,20-30%,0-35,N,0,60
BBB_2013B_557935,557935,BBB,2013B,F,B,Fail,0,0,0,Yorkshire Region,Lower Than A Level,0-10%,0-35,Y,0,60
BBB_2014J_509466,509466,BBB,2014J,F,B,Fail,0,0,0,Ireland,HE Qualification,0-10%,0-35,N,1,60
BBB_2013B_499931,499931,BBB,2013B,F,B,Fail,0,0,0,North Western Region,A Level or Equivalent,30-40%,0-35,N,1,240
BBB_2014B_619901,619901,BBB,2014B,F,B,Withdrawn,0,0,0,London Region,HE Qualification,10-20,0-35,N,0,60
BBB_2014B_579255,579255,BBB,2014B,F,B,Withdrawn,0,0,0,Wales,Lower Than A Level,50-60%,0-35,N,1,120
BBB_2014B_412156,412156,BBB,2014B,M,A,Withdrawn,0,0,0,West Midlands Region,A Level or Equivalent,10-20,0-35,N,0,60
BBB_2013J_578362,578362,BBB,2013J,F,B,Fail,0,0,0,East Anglian Region,A Level or Equivalent,40-50%,35-55,N,0,120
BBB_2014B_584762,584762,BBB,2014B,F,B,Withdrawn,0,0,0,East Anglian Region,Lower Than A Level,10-20,0-35,N,1,120
BBB_2013J_552116,552116,BBB,2013J,F,B,Pass,1,1,0,West Midlands Region,Lower Than A Level,20-30%,0-35,N,0,60
BBB_2014J_698205,698205,BBB,2014J,F,B,Withdrawn,0,0,0,Wales,Lower Than A Level,30-40%,35-55,N,0,60
BBB_2014J_404121,404121,BBB,2014J,F,B,Pass,1,1,0,Wales,Lower Than A Level,40-50%,0-35,N,0,60
BBB_2014J_520972,520972,BBB,2014J,F,B,Pass,1,1,0,Scotland,HE Qualification,60-70%,0-35,N,1,60
BBB_2014B_408469,408469,BBB,2014B,F,B,Withdrawn,0,0,0,West Midlands Region,A Level or Equivalent,50-60%,35-55,N,1,210
BBB_2014J_2241250,2241250,BBB,2014J,F,B,Fail,0,0,0,Scotland,Lower Than A Level,90-100%,35-55,N,0,60
BBB_2013J_606333,606333,BBB,2013J,F,B,Withdrawn,0,0,0,East Anglian Region,No Formal quals,30-40%,0-35,N,0,60
BBB_2013J_552622,552622,BBB,2013J,F,B,Pass,1,1,0,West Midlands Region,Lower Than A Level,20-30%,35-55,N,1,60
BBB_2014J_424220,424220,BBB,2014J,M,A,Pass,1,1,0,South East Region,A Level or Equivalent,90-100%,0-35,N,0,120
BBB_2013B_335421,335421,BBB,2013B,F,B,Fail,0,0,0,South West Region,A Level or Equivalent,40-50%,0-35,N,0,240
BBB_2013J_608264,608264,BBB,2013J,F,B,Pass,1,1,0,South West Region,A Level or Equivalent,50-60%,0-35,N,0,120
BBB_2014B_618399,618399,BBB,2014B,F,B,Pass,1,1,0,London Region,A Level or Equivalent,10-20,0-35,N,0,60
BBB_2013B_425747,425747,BBB,2013B,F,B,Fail,0,0,0,London Region,A Level or Equivalent,30-40%,0-35,N,1,120
BBB_2014J_691835,691835,BBB,2014J,M,A,Distinction,1,1,0,North Western Region,HE Qualification,80-90%,0-35,N,0,120
BBB_2014J_679967,679967,BBB,2014J,F,B,Pass,1,1,0,Ireland,A Level or Equivalent,90-100%,0-35,N,0,60
BBB_2013J_589296,589296,BBB,2013J,M,A,Pass,1,1,0,North Western Region,Lower Than A Level,80-90%,35-55,N,0,90
BBB_2013B_562489,562489,BBB,2013B,F,B,Distinction,1,1,0,North Western Region,HE Qualification,10-20,0-35,N,0,60
BBB_2014J_613135,613135,BBB,2014J,M,A,Fail,0,0,0,South West Region,A Level or Equivalent,90-100%,35-55,N,0,60
BBB_2013J_468187,468187,BBB,2013J,M,A,Fail,0,0,0,East Anglian Region,No Formal quals,20-30%,0-35,N,1,120
BBB_2014J_676176,676176,BBB,2014J,F,B,Pass,1,1,0,East Anglian Region,A Level or Equivalent,70-80%,0-35,N,0,120
BBB_2014J_656194,656194,BBB,2014J,F,B,Pass,1,1,0,Ireland,Lower Than A Level,70-80%,35-55,N,0,120
BBB_2013B_543853,543853,BBB,2013B,F,B,Pass,1,1,0,West Midlands Region,Lower Than A Level,0-10%,0-35,N,0,120
BBB_2013J_370307,370307,BBB,2013J,F,B,Withdrawn,0,0,0,North Western Region,A Level or Equivalent,20-30%,0-35,Y,0,150
BBB_2013J_338741,338741,BBB,2013J,F,B,Pass,1,1,0,East Anglian Region,A Level or Equivalent,50-60%,0-35,N,0,120
BBB_2013B_197595,197595,BBB,2013B,F,B,Pass,1,1,0,London Region,HE Qualification,30-40%,35-55,N,0,60
BBB_2013J_530514,530514,BBB,2013J,F,B,Pass,1,1,0,East Midlands Region,Lower Than A Level,10-20,0-35,Y,0,60
BBB_2014B_531755,531755,BBB,2014B,F,B,Pass,1,1,0,Scotland,HE Qualification,80-90%,0-35,N,1,120
BBB_2014B_627277,627277,BBB,2014B,F,B,Withdrawn,0,0,0,East Midlands Region,Lower Than A Level,70-80%,35-55,N,0,160
BBB_2014J_517112,517112,BBB,2014J,M,A,Withdrawn,0,0,0,Yorkshire Region,HE Qualification,0-10%,0-35,N,1,120
BBB_2013J_602803,602803,BBB,2013J,F,B,Withdrawn,0,0,0,West Midlands Region,HE Qualification,40-50%,0-35,N,0,60
BBB_2013B_551906,551906,BBB,2013B,F,B,Withdrawn,0,0,0,East Anglian Region,A Level or Equivalent,70-80%,0-35,N,0,60
BBB_2013B_528261,528261,BBB,2013B,F,B,Distinction,1,1,0,East Midlands Region,A Level or Equivalent,40-50%,0-35,N,1,120
BBB_2013J_573217,573217,BBB,2013J,F,B,Fail,0,0,0,South Region,Lower Than A Level,90-100%,0-35,N,0,120
BBB_2014J_2292824,2292824,BBB,2014J,M,A,Withdrawn,0,0,0,South Region,Lower Than A Level,60-70%,0-35,N,0,60
BBB_2014J_636660,636660,BBB,2014J,F,B,Withdrawn,0,0,0,North Western Region,Lower Than A Level,0-10%,0-35,N,0,60
BBB_2014B_628586,628586,BBB,2014B,F,B,Fail,0,0,0,London Region,No Formal quals,50-60%,35-55,N,0,120
BBB_2013B_521394,521394,BBB,2013B,F,B,Pass,1,1,0,Ireland,Lower Than A Level,0-10%,0-35,N,1,120
BBB_2013J_532750,532750,BBB,2013J,F,B,Distinction,1,1,0,London Region,A Level or Equivalent,30-40%,0-35,N,0,60
BBB_2014J_2407594,2407594,BBB,2014J,F,B,Pass,1,1,0,London Region,A Level or Equivalent,50-60%,35-55,N,0,120
BBB_2014B_590520,590520,BBB,2014B,F,B,Fail,0,0,0,South West Region,No Formal quals,30-40%,0-35,N,0,120
BBB_2013J_471196,471196,BBB,2013J,F,B,Pass,1,1,0,East Anglian Region,A Level or Equivalent,90-100%,35-55,N,0,120
BBB_2013J_609804,609804,BBB,2013J,M,A,Fail,0,0,0,Scotland,HE Qualification,30-40%,35-55,N,0,60
BBB_2013B_524598,524598,BBB,2013B,M,A,Fail,0,0,0,Wales,Lower Than A Level,0-10%,0-35,N,0,60
BBB_2013J_594928,594928,BBB,2013J,F,B,Pass,1,1,0,South West Region,A Level or Equivalent,20-30%,0-35,N,0,120
BBB_2014J_72349,72349,BBB,2014J,F,B,Withdrawn,0,0,0,Scotland,A Level or Equivalent,0-10%,0-35,N,0,60
BBB_2013J_597451,597451,BBB,2013J,F,B,Withdrawn,0,0,0,South East Region,A Level or Equivalent,40-50%,0-35,Y,0,120
BBB_2014B_601238,601238,BBB,2014B,F,B,Pass,1,1,0,East Midlands Region,Lower Than A Level,30-40%,35-55,N,1,120
BBB_2013B_418065,418065,BBB,2013B,M,A,Withdrawn,0,0,0,North Region,A Level or Equivalent,10-20,35-55,N,0,60
BBB_2013J_2313615,2313615,BBB,2013J,F,B,Withdrawn,0,0,0,South East Region,Lower Than A Level,0-10%,0-35,N,0,60
BBB_2014J_99088,99088,BBB,2014J,F,B,Withdrawn,0,0,0,Yorkshire Region,Lower Than A Level,20-30%,0-35,N,2,60
BBB_2013B_500659,500659,BBB,2013B,F,B,Withdrawn,0,0,0,North Western Region,A Level or Equivalent,0-10%,0-35,Y,0,120
BBB_2013J_595420,595420,BBB,2013J,F,B,Withdrawn,0,0,0,Wales,Lower Than A Level,30-40%,0-35,N,0,120
BBB_2013J_2539817,2539817,BBB,2013J,M,A,Withdrawn,0,0,0,North Western Region,Lower Than A Level,0-10%,35-55,N,1,60
BBB_2013B_228235,228235,BBB,2013B,F,B,Withdrawn,0,0,0,Yorkshire Region,A Level or Equivalent,30-40%,35-55,N,1,120
BBB_2014J_683202,683202,BBB,2014J,F,B,Pass,1,1,0,Scotland,HE Qualification,50-60%,35-55,N,0,60
BBB_2013B_551985,551985,BBB,2013B,F,B,Fail,0,0,0,London Region,Lower Than A Level,50-60%,0-35,N,0,60
BBB_2013J_610744,610744,BBB,2013J,F,B,Fail,0,0,0,Wales,Lower Than A Level,80-90%,0-35,N,0,60
BBB_2013B_554454,554454,BBB,2013B,M,A,Withdrawn,0,0,0,London Region,A Level or Equivalent,30-40%,35-55,N,0,120
BBB_2013J_554540,554540,BBB,2013J,M,A,Pass,1,1,0,North Western Region,A Level or Equivalent,10-20,0-35,N,0,120
BBB_2013J_138920,138920,BBB,2013J,F,B,Fail,0,0,0,Wales,Lower Than A Level,0-10%,0-35,N,1,60
BBB_2014B_348771,348771,BBB,2014B,F,B,Fail,0,0,0,South West Region,Lower Than A Level,50-60%,0-35,N,0,120
BBB_2014J_2486159,2486159,BBB,2014J,F,B,Pass,1,1,0,Wales,A Level or Equivalent,20-30%,35-55,N,1,60
BBB_2014J_612566,612566,BBB,2014J,F,B,Pass,1,1,0,South East Region,Lower Than A Level,10-20,0-35,N,0,60
BBB_2013J_381669,381669,BBB,2013J,F,B,Pass,1,1,0,Scotland,HE Qualification,60-70%,0-35,N,0,60
BBB_2013B_542172,542172,BBB,2013B,F,B,Withdrawn,0,0,0,London Region,A Level or Equivalent,0-10%,0-35,N,0,60
BBB_2013B_548520,548520,BBB,2013B,M,A,Fail,0,0,0,Wales,Lower Than A Level,10-20,35-55,N,0,60
BBB_2013J_274247,274247,BBB,2013J,F,B,Fail,0,0,0,South Region,Lower Than A Level,0-10%,0-35,Y,1,60
BBB_2014J_686987,686987,BBB,2014J,F,B,Pass,1,1,0,East Midlands Region,Lower Than A Level,50-60%,0-35,N,0,60
BBB_2013J_598883,598883,BBB,2013J,F,B,Distinction,1,1,0,East Anglian Region,A Level or Equivalent,40-50%,0-35,N,0,120
BBB_2014B_566669,566669,BBB,2014B,F,B,Pass,1,1,0,South East Region,A Level or Equivalent,30-40%,0-35,N,0,60
BBB_2014B_594061,594061,BBB,2014B,F,B,Distinction,1,1,0,East Anglian Region,A Level or Equivalent,40-50%,0-35,N,0,60
BBB_2013B_438210,438210,BBB,2013B,F,B,Withdrawn,0,0,0,South East Region,HE Qualification,80-90%,35-55,N,0,90
BBB_2013J_472327,472327,BBB,2013J,M,A,Pass,1,1,0,East Anglian Region,Lower Than A Level,70-80%,0-35,N,0,120
BBB_2014J_607923,607923,BBB,2014J,F,B,Distinction,1,1,0,Wales,HE Qualification,0-10%,0-35,N,0,120
BBB_2013J_572765,572765,BBB,2013J,F,B,Pass,1,1,0,North Region,Lower Than A Level,20-30%,0-35,N,0,60
BBB_2014J_693643,693643,BBB,2014J,F,B,Withdrawn,0,0,0,London Region,No Formal quals,20-30%,0-35,N,0,60
BBB_2014B_1393589,1393589,BBB,2014B,F,B,Pass,1,1,0,South Region,A Level or Equivalent,90-100%,35-55,N,0,60
BBB_2013J_483703,483703,BBB,2013J,F,B,Withdrawn,0,0,0,North Western Region,A Level or Equivalent,40-50%,0-35,N,0,60
BBB_2013B_560455,560455,BBB,2013B,F,B,Pass,1,1,0,North Region,A Level or Equivalent,0-10%,0-35,N,0,120
BBB_2013B_322745,322745,BBB,2013B,F,B,Fail,0,0,0,Scotland,A Level or Equivalent,90-100%,0-35,N,0,60
BBB_2014B_573488,573488,BBB,2014B,F,B,Pass,1,1,0,East Anglian Region,Lower Than A Level,70-80%,35-55,N,1,120
BBB_2013B_442466,442466,BBB,2013B,F,B,Pass,1,1,0,South East Region,A Level or Equivalent,20-30%,0-35,Y,2,240
BBB_2013B_489251,489251,BBB,2013B,F,B,Pass,1,1,0,South Region,Lower Than A Level,90-100%,0-35,N,0,60
BBB_2013J_585790,585790,BBB,2013J,F,B,Fail,0,0,0,South East Region,HE Qualification,50-60%,35-55,N,0,120
BBB_2013J_599709,599709,BBB,2013J,F,B,Fail,0,0,0,Wales,A Level or Equivalent,50-60%,0-35,N,0,120
BBB_2014J_691122,691122,BBB,2014J,M,A,Pass,1,1,0,East Anglian Region,A Level or Equivalent,60-70%,0-35,N,0,60
BBB_2013J_577965,577965,BBB,2013J,F,B,Withdrawn,0,0,0,Yorkshire Region,A Level or Equivalent,40-50%,0-35,N,0,120
BBB_2013B_550707,550707,BBB,2013B,M,A,Pass,1,1,0,Wales,A Level or Equivalent,50-60%,35-55,N,0,120
BBB_2014J_694349,694349,BBB,2014J,F,B,Pass,1,1,0,Scotland,A Level or Equivalent,20-30%,0-35,N,0,60
BBB_2014B_92274,92274,BBB,2014B,F,B,Withdrawn,0,0,0,East Anglian Region,Lower Than A Level,60-70%,0-35,N,2,120
BBB_2013J_572103,572103,BBB,2013J,F,B,Pass,1,1,0,West Midlands Region,A Level or Equivalent,20-30%,0-35,N,0,60
BBB_2014J_2660510,2660510,BBB,2014J,F,B,Pass,1,1,0,Yorkshire Region,Lower Than A Level,0-10%,0-35,Y,0,60
BBB_2014B_55968,55968,BBB,2014B,F,B,Fail,0,0,0,Wales,Lower Than A Level,10-20,0-35,N,0,120
BBB_2013B_2293443,2293443,BBB,2013B,F,B,Distinction,1,1,0,South East Region,Lower Than A Level,30-40%,35-55,Y,1,120
BBB_2013B_147876,147876,BBB,2013B,M,A,Fail,0,0,0,South West Region,A Level or Equivalent,30-40%,0-35,N,0,60
BBB_2014J_480988,480988,BBB,2014J,F,B,Withdrawn,0,0,0,South Region,HE Qualification,50-60%,0-35,N,2,60
BBB_2013B_421205,421205,BBB,2013B,F,B,Fail,0,0,0,Wales,Lower Than A Level,70-80%,0-35,N,0,180
BBB_2013J_593727,593727,BBB,2013J,F,B,Pass,1,1,0,Ireland,Lower Than A Level,60-70%,35-55,N,0,75
BBB_2014B_547487,547487,BBB,2014B,F,B,Distinction,1,1,0,South Region,Lower Than A Level,80-90%,0-35,N,0,120
BBB_2014B_612396,612396,BBB,2014B,F,B,Fail,0,0,0,East Anglian Region,A Level or Equivalent,30-40%,0-35,N,0,60
BBB_2013B_2445949,2445949,BBB,2013B,M,A,Fail,0,0,0,East Anglian Region,Lower Than A Level,0-10%,35-55,N,2,60
BBB_2013J_548197,548197,BBB,2013J,F,B,Pass,1,1,0,Scotland,Lower Than A Level,10-20,0-35,N,0,60
BBB_2014B_617556,617556,BBB,2014B,F,B,Withdrawn,0,0,0,North Region,A Level or Equivalent,0-10%,0-35,N,0,60
BBB_2014J_284246,284246,BBB,2014J,F,B,Fail,0,0,0,Ireland,A Level or Equivalent,30-40%,35-55,N,0,60
BBB_2013B_39655,39655,BBB,2013B,F,B,Distinction,1,1,0,Scotland,Lower Than A Level,50-60%,0-35,N,0,120
BBB_2013B_400049,400049,BBB,2013B,F,B,Fail,0,0,0,London Region,A Level or Equivalent,40-50%,0-35,N,1,60
BBB_2014J_649795,649795,BBB,2014J,F,B,Pass,1,1,0,London Region,Lower Than A Level,10-20,0-35,N,0,60
BBB_2013J_274577,274577,BBB,2013J,F,B,Withdrawn,0,0,0,South West Region,Lower Than A Level,60-70%,0-35,N,1,60
BBB_2014B_555015,555015,BBB,2014B,F,B,Distinction,1,1,0,Scotland,A Level or Equivalent,40-50%,0-35,Y,0,180
BBB_2014J_624709,624709,BBB,2014J,F,B,Fail,0,0,0,North Western Region,Lower Than A Level,20-30%,0-35,N,1,60
BBB_2014J_305909,305909,BBB,2014J,F,B,Pass,1,1,0,South Region,A Level or Equivalent,60-70%,35-55,N,0,60
BBB_2014J_294134,294134,BBB,2014J,F,B,Pass,1,1,0,East Anglian Region,A Level or Equivalent,40-50%,0-35,N,0,60
BBB_2014J_226839,226839,BBB,2014J,F,B,Pass,1,1,0,South Region,A Level or Equivalent,90-100%,0-35,N,0,60
BBB_2013J_560567,560567,BBB,2013J,F,B,Pass,1,1,0,West Midlands Region,Lower Than A Level,20-30%,0-35,N,0,120
BBB_2013J_2415414,2415414,BBB,2013J,F,B,Distinction,1,1,0,Scotland,HE Qualification,20-30%,0-35,N,0,120
BBB_2014J_648585,648585,BBB,2014J,F,B,Pass,1,1,0,South Region,A Level or Equivalent,20-30%,0-35,N,0,120
BBB_2013J_611383,611383,BBB,2013J,F,B,Distinction,1,1,0,East Midlands Region,A Level or Equivalent,40-50%,35-55,N,0,120
BBB_2013B_447759,447759,BBB,2013B,F,B,Pass,1,1,0,South Region,HE Qualification,90-100%,35-55,Y,1,60
BBB_2013B_558092,558092,BBB,2013B,F,B,Fail,0,0,0,Yorkshire Region,A Level or Equivalent,0-10%,0-35,Y,0,60
BBB_2013J_615148,615148,BBB,2013J,F,B,Withdrawn,0,0,0,West Midlands Region,HE Qualification,60-70%,0-35,N,0,120
BBB_2014J_698180,698180,BBB,2014J,F,B,Pass,1,1,0,East Midlands Region,A Level or Equivalent,60-70%,0-35,N,0,60
BBB_2013J_409930,409930,BBB,2013J,F,B,Pass,1,1,0,East Anglian Region,A Level or Equivalent,50-60%,0-35,N,0,120
BBB_2014J_2614271,2614271,BBB,2014J,F,B,Withdrawn,0,0,0,West Midlands Region,A Level or Equivalent,0-10%,35-55,N,1,120
BBB_2013J_571885,571885,BBB,2013J,F,B,Pass,1,1,0,Scotland,Lower Than A Level,40-50%,0-35,N,0,60
BBB_2014J_350312,350312,BBB,2014J,F,B,Fail,0,0,0,Wales,A Level or Equivalent,30-40%,0-35,N,1,90
BBB_2014B_579720,579720,BBB,2014B,F,B,Fail,0,0,0,West Midlands Region,A Level or Equivalent,0-10%,0-35,N,0,60
BBB_2013J_547755,547755,BBB,2013J,F,B,Withdrawn,0,0,0,Wales,Lower Than A Level,90-100%,35-55,N,1,120
BBB_2013J_69843,69843,BBB,2013J,F,B,Withdrawn,0,0,0,South West Region,A Level or Equivalent,10-20,35-55,N,1,60
BBB_2013B_560160,560160,BBB,2013B,F,B,Fail,0,0,0,Scotland,Lower Than A Level,20-30%,0-35,N,0,60
BBB_2013B_508662,508662,BBB,2013B,F,B,Pass,1,1,0,South Region,Lower Than A Level,30-40%,0-35,N,0,60
BBB_2014J_2594368,2594368,BBB,2014J,F,B,Pass,1,1,0,Ireland,A Level or Equivalent,0-10%,0-35,Y,0,60
BBB_2013B_543351,543351,BBB,2013B,F,B,Pass,1,1,0,London Region,No Formal quals,20-30%,0-35,N,0,60
BBB_2013J_482556,482556,BBB,2013J,F,B,Withdrawn,0,0,0,East Anglian Region,A Level or Equivalent,90-100%,35-55,N,0,60
BBB_2014J_264281,264281,BBB,2014J,M,A,Withdrawn,0,0,0,North Western Region,A Level or Equivalent,20-30%,55<=,N,0,180
BBB_2014J_228909,228909,BBB,2014J,M,A,Withdrawn,0,0,0,North Region,Lower Than A Level,,35-55,Y,0,60
BBB_2013J_479020,479020,BBB,2013J,F,B,Pass,1,1,0,South Region,Lower Than A Level,20-30%,35-55,N,0,210
BBB_2014B_325308,325308,BBB,2014B,F,B,Distinction,1,1,0,East Anglian Region,A Level or Equivalent,50-60%,0-35,N,0,60
BBB_2013J_581826,581826,BBB,2013J,M,A,Withdrawn,0,0,0,Wales,A Level or Equivalent,20-30%,0-35,Y,0,60
BBB_2014B_534163,534163,BBB,2014B,F,B,Fail,0,0,0,South West Region,Lower Than A Level,70-80%,35-55,N,0,120
BBB_2013B_556863,556863,BBB,2013B,F,B,Withdrawn,0,0,0,South West Region,A Level or Equivalent,20-30%,35-55,N,0,60
BBB_2013J_2411595,2411595,BBB,2013J,F,B,Pass,1,1,0,East Anglian Region,Lower Than A Level,50-60%,35-55,Y,0,60
BBB_2014J_618994,618994,BBB,2014J,F,B,Pass,1,1,0,Wales,A Level or Equivalent,70-80%,0-35,N,0,60
BBB_2013J_583142,583142,BBB,2013J,F,B,Withdrawn,0,0,0,East Anglian Region,Lower Than A Level,0-10%,0-35,N,0,60
BBB_2013J_410842,410842,BBB,2013J,F,B,Pass,1,1,0,Scotland,A Level or Equivalent,60-70%,0-35,N,0,60
BBB_2013J_565919,565919,BBB,2013J,F,B,Pass,1,1,0,Scotland,Lower Than A Level,60-70%,0-35,N,0,60
BBB_2014J_340216,340216,BBB,2014J,F,B,Pass,1,1,0,South Region,A Level or Equivalent,50-60%,0-35,N,0,90
BBB_2014B_529705,529705,BBB,2014B,F,B,Withdrawn,0,0,0,West Midlands Region,Lower Than A Level,0-10%,0-35,N,1,120
BBB_2014B_1934118,1934118,BBB,2014B,F,B,Fail,0,0,0,South West Region,Lower Than A Level,20-30%,35-55,N,0,120
BBB_2013J_392281,392281,BBB,2013J,F,B,Fail,0,0,0,North Region,A Level or Equivalent,10-20,0-35,N,1,60
BBB_2014B_630260,630260,BBB,2014B,M,A,Fail,0,0,0,South East Region,Lower Than A Level,70-80%,0-35,N,0,60
BBB_2014J_630697,630697,BBB,2014J,F,B,Pass,1,1,0,East Anglian Region,A Level or Equivalent,20-30%,0-35,N,0,60
BBB_2014J_684641,684641,BBB,2014J,F,B,Withdrawn,0,0,0,Wales,Lower Than A Level,40-50%,0-35,N,0,120
BBB_2013B_494673,494673,BBB,2013B,F,B,Fail,0,0,0,East Midlands Region,Lower Than A Level,50-60%,0-35,N,0,60
BBB_2013J_595816,595816,BBB,2013J,F,B,Fail,0,0,0,Wales,Lower Than A Level,10-20,35-55,N,0,120
BBB_2013B_551715,551715,BBB,2013B,F,B,Pass,1,1,0,Scotland,HE Qualification,80-90%,0-35,N,0,60
BBB_2013B_549196,549196,BBB,2013B,F,B,Distinction,1,1,0,South Region,A Level or Equivalent,0-10%,0-35,N,0,120
BBB_2014B_628402,628402,BBB,2014B,F,B,Withdrawn,0,0,0,South East Region,A Level or Equivalent,30-40%,0-35,N,0,60
BBB_2013J_604116,604116,BBB,2013J,F,B,Distinction,1,1,0,East Anglian Region,A Level or Equivalent,60-70%,35-55,N,0,60
BBB_2013B_488185,488185,BBB,2013B,F,B,Fail,0,0,0,North Western Region,Lower Than A Level,0-10%,0-35,N,0,120
BBB_2014J_680174,680174,BBB,2014J,F,B,Fail,0,0,0,East Anglian Region,A Level or Equivalent,30-40%,0-35,N,0,60
BBB_2013B_2654411,2654411,BBB,2013B,M,A,Fail,0,0,0,East Anglian Region,Lower Than A Level,90-100%,0-35,N,0,120
BBB_2014B_469177,469177,BBB,2014B,M,A,Pass,1,1,0,West Midlands Region,HE Qualification,80-90%,0-35,N,0,120
BBB_2014J_516434,516434,BBB,2014J,F,B,Pass,1,1,0,East Anglian Region,A Level or Equivalent,90-100%,35-55,N,0,60
BBB_2013B_405471,405471,BBB,2013B,M,A,Pass,1,1,0,South East Region,Lower Than A Level,70-80%,0-35,N,1,120
BBB_2014B_632605,632605,BBB,2014B,F,B,Withdrawn,0,0,0,South Region,A Level or Equivalent,20-30%,0-35,N,0,120
BBB_2014J_195221,195221,BBB,2014J,F,B,Fail,0,0,0,Wales,A Level or Equivalent,50-60%,0-35,N,1,60
BBB_2013B_504014,504014,BBB,2013B,F,B,Fail,0,0,0,Wales,Lower Than A Level,50-60%,35-55,N,0,120
BBB_2014J_601983,601983,BBB,2014J,F,B,Withdrawn,0,0,0,South West Region,A Level or Equivalent,90-100%,35-55,N,0,60
BBB_2013J_569862,569862,BBB,2013J,M,A,Pass,1,1,0,South East Region,HE Qualification,60-70%,0-35,N,0,60
BBB_2013B_2680770,2680770,BBB,2013B,F,B,Withdrawn,0,0,0,West Midlands Region,No Formal quals,10-20,0-35,N,0,60
BBB_2014B_630561,630561,BBB,2014B,F,B,Pass,1,1,0,South West Region,A Level or Equivalent,90-100%,0-35,N,0,60
BBB_2014B_194073,194073,BBB,2014B,F,B,Withdrawn,0,0,0,North Western Region,A Level or Equivalent,0-10%,0-35,N,0,120
BBB_2014J_610437,610437,BBB,2014J,F,B,Withdrawn,0,0,0,North Western Region,Lower Than A Level,60-70%,0-35,N,0,120
BBB_2013B_506360,506360,BBB,2013B,F,B,Fail,0,0,0,Ireland,A Level or Equivalent,80-90%,0-35,N,0,60
BBB_2014B_238519,238519,BBB,2014B,M,A,Withdrawn,0,0,0,South Region,Lower Than A Level,40-50%,0-35,N,0,120
BBB_2013J_588504,588504,BBB,2013J,F,B,Withdrawn,0,0,0,North Western Region,Lower Than A Level,0-10%,0-35,Y,0,120
BBB_2013B_263531,263531,BBB,2013B,F,B,Withdrawn,0,0,0,South West Region,Lower Than A Level,30-40%,0-35,N,1,120
BBB_2013J_607398,607398,BBB,2013J,F,B,Fail,0,0,0,South East Region,A Level or Equivalent,10-20,35-55,N,0,60
BBB_2014J_647864,647864,BBB,2014J,M,A,Withdrawn,0,0,0,South West Region,Lower Than A Level,10-20,35-55,N,0,120
BBB_2013B_515130,515130,BBB,2013B,F,B,Fail,0,0,0,Wales,Lower Than A Level,90-100%,0-35,N,1,120
BBB_2013B_476859,476859,BBB,2013B,F,B,Fail,0,0,0,Yorkshire Region,A Level or Equivalent,0-10%,0-35,N,1,120
BBB_2014B_506622,506622,BBB,2014B,F,B,Distinction,1,1,0,Yorkshire Region,A Level or Equivalent,30-40%,0-35,N,0,120
BBB_2014B_2418877,2418877,BBB,2014B,F,B,Fail,0,0,0,Ireland,Lower Than A Level,0-10%,0-35,Y,2,120
BBB_2013B_480382,480382,BBB,2013B,M,A,Pass,1,1,0,South East Region,A Level or Equivalent,50-60%,35-55,N,0,120
BBB_2013J_608419,608419,BBB,2013J,F,B,Pass,1,1,0,Wales,A Level or Equivalent,30-40%,0-35,N,0,60
BBB_2013B_497468,497468,BBB,2013B,F,B,Pass,1,1,0,Yorkshire Region,A Level or Equivalent,0-10%,0-35,N,0,90
BBB_2014B_595047,595047,BBB,2014B,F,B,Pass,1,1,0,East Midlands Region,Lower Than A Level,80-90%,0-35,N,1,180
BBB_2013J_586078,586078,BBB,2013J,F,B,Pass,1,1,0,South West Region,A Level or Equivalent,70-80%,0-35,N,0,60
BBB_2014J_640291,640291,BBB,2014J,F,B,Withdrawn,0,0,0,North Region,Lower Than A Level,10-20,0-35,N,0,120
BBB_2013B_560012,560012,BBB,2013B,F,B,Fail,0,0,0,East Midlands Region,Lower Than A Level,0-10%,0-35,N,0,120
BBB_2014B_313246,313246,BBB,2014B,F,B,Pass,1,1,0,South West Region,A Level or Equivalent,70-80%,0-35,N,0,60
BBB_2013B_351290,351290,BBB,2013B,F,B,Pass,1,1,0,East Midlands Region,Lower Than A Level,40-50%,0-35,N,2,60
BBB_2014J_626597,626597,BBB,2014J,F,B,Withdrawn,0,0,0,West Midlands Region,A Level or Equivalent,20-30%,0-35,N,1,60
BBB_2014J_682051,682051,BBB,2014J,F,B,Pass,1,1,0,Yorkshire Region,Lower Than A Level,70-80%,0-35,N,0,60
BBB_2014J_695356,695356,BBB,2014J,F,B,Withdrawn,0,0,0,South Region,Lower Than A Level,40-50%,0-35,Y,0,60
BBB_2014B_614734,614734,BBB,2014B,F,B,Fail,0,0,0,South Region,A Level or Equivalent,30-40%,0-35,N,0,60
BBB_2014J_650676,650676,BBB,2014J,F,B,Withdrawn,0,0,0,South Region,Lower Than A Level,40-50%,0-35,N,0,60
BBB_2014J_679057,679057,BBB,2014J,M,A,Withdrawn,0,0,0,London Region,HE Qualification,10-20,35-55,N,0,120
BBB_2013J_602324,602324,BBB,2013J,F,B,Fail,0,0,0,Scotland,HE Qualification,30-40%,0-35,N,0,60
BBB_2014J_677922,677922,BBB,2014J,F,B,Pass,1,1,0,London Region,A Level or Equivalent,30-40%,0-35,Y,0,60
BBB_2014B_626876,626876,BBB,2014B,F,B,Withdrawn,0,0,0,London Region,Lower Than A Level,20-30%,0-35,N,0,60
BBB_2014J_653958,653958,BBB,2014J,F,B,Pass,1,1,0,London Region,A Level or Equivalent,20-30%,0-35,N,0,120
BBB_2013B_545803,545803,BBB,2013B,F,B,Fail,0,0,0,Ireland,HE Qualification,0-10%,0-35,N,0,120
BBB_2014J_651883,651883,BBB,2014J,F,B,Pass,1,1,0,Scotland,Lower Than A Level,20-30%,35-55,N,0,60
BBB_2013B_531569,531569,BBB,2013B,F,B,Fail,0,0,0,South Region,A Level or Equivalent,20-30%,0-35,N,1,120
BBB_2013B_523966,523966,BBB,2013B,F,B,Pass,1,1,0,Wales,A Level or Equivalent,20-30%,0-35,N,0,150
BBB_2014J_2681940,2681940,BBB,2014J,F,B,Pass,1,1,0,Scotland,A Level or Equivalent,30-40%,35-55,N,5,60
BBB_2013J_590478,590478,BBB,2013J,F,B,Withdrawn,0,0,0,East Midlands Region,Lower Than A Level,30-40%,0-35,N,0,60
BBB_2014J_653465,653465,BBB,2014J,F,B,Fail,0,0,0,Yorkshire Region,Lower Than A Level,30-40%,0-35,N,0,60
BBB_2013J_276925,276925,BBB,2013J,F,B,Withdrawn,0,0,0,Wales,A Level or Equivalent,70-80%,35-55,N,0,60
BBB_2013J_590244,590244,BBB,2013J,F,B,Withdrawn,0,0,0,Scotland,HE Qualification,30-40%,0-35,N,0,60
BBB_2013J_600370,600370,BBB,2013J,F,B,Pass,1,1,0,South West Region,HE Qualification,70-80%,0-35,N,0,120
BBB_2014J_678661,678661,BBB,2014J,F,B,Pass,1,1,0,South Region,Lower Than A Level,40-50%,0-35,N,0,60
BBB_2013B_2480865,2480865,BBB,2013B,F,B,Withdrawn,0,0,0,South Region,A Level or Equivalent,90-100%,0-35,N,0,120
BBB_2014B_624046,624046,BBB,2014B,F,B,Pass,1,1,0,Yorkshire Region,A Level or Equivalent,80-90%,0-35,N,0,60
BBB_2014B_633650,633650,BBB,2014B,F,B,Pass,1,1,0,South West Region,A Level or Equivalent,80-90%,0-35,Y,0,60
BBB_2013B_544519,544519,BBB,2013B,F,B,Fail,0,0,0,North Region,Lower Than A Level,0-10%,0-35,N,0,60
BBB_2013B_550381,550381,BBB,2013B,F,B,Pass,1,1,0,East Anglian Region,A Level or Equivalent,70-80%,0-35,Y,0,60
BBB_2013J_593692,593692,BBB,2013J,F,B,Pass,1,1,0,Ireland,Lower Than A Level,40-50%,0-35,N,0,60
BBB_2013B_550400,550400,BBB,2013B,F,B,Fail,0,0,0,East Anglian Region,A Level or Equivalent,50-60%,0-35,Y,0,60
BBB_2014B_625167,625167,BBB,2014B,F,B,Pass,1,1,0,Wales,Lower Than A Level,10-20,0-35,N,0,60
BBB_2013J_352112,352112,BBB,2013J,F,B,Pass,1,1,0,South East Region,A Level or Equivalent,20-30%,0-35,N,0,60
BBB_2013J_571794,571794,BBB,2013J,F,B,Withdrawn,0,0,0,East Midlands Region,A Level or Equivalent,60-70%,0-35,N,0,60
BBB_2014J_692855,692855,BBB,2014J,F,B,Withdrawn,0,0,0,Scotland,A Level or Equivalent,30-40%,0-35,N,0,120
BBB_2014B_546202,546202,BBB,2014B,F,B,Pass,1,1,0,South Region,Lower Than A Level,70-80%,0-35,N,1,60
BBB_2014J_648537,648537,BBB,2014J,M,A,Pass,1,1,0,East Anglian Region,HE Qualification,60-70%,0-35,N,0,60
BBB_2013J_601885,601885,BBB,2013J,F,B,Pass,1,1,0,West Midlands Region,A Level or Equivalent,0-10%,0-35,N,0,60
BBB_2014B_311599,311599,BBB,2014B,F,B,Pass,1,1,0,London Region,A Level or Equivalent,90-100%,0-35,N,0,120
BBB_2014J_640225,640225,BBB,2014J,F,B,Pass,1,1,0,Wales,Lower Than A Level,20-30%,0-35,N,0,60
BBB_2013B_476783,476783,BBB,2013B,F,B,Distinction,1,1,0,South Region,A Level or Equivalent,70-80%,0-35,N,0,90
BBB_2014B_621394,621394,BBB,2014B,F,B,Pass,1,1,0,Scotland,HE Qualification,0-10%,0-35,N,0,60
BBB_2014B_99799,99799,BBB,2014B,F,B,Pass,1,1,0,East Midlands Region,A Level or Equivalent,10-20,0-35,N,1,120
BBB_2014J_624342,624342,BBB,2014J,F,B,Pass,1,1,0,East Anglian Region,A Level or Equivalent,70-80%,0-35,N,0,90
BBB_2013B_503353,503353,BBB,2013B,F,B,Withdrawn,0,0,0,North Western Region,A Level or Equivalent,30-40%,0-35,N,0,210
BBB_2013J_573831,573831,BBB,2013J,F,B,Pass,1,1,0,East Midlands Region,Lower Than A Level,0-10%,0-35,Y,0,60
BBB_2014J_622313,622313,BBB,2014J,F,B,Pass,1,1,0,Yorkshire Region,Lower Than A Level,30-40%,0-35,N,0,60
BBB_2013B_549568,549568,BBB,2013B,F,B,Pass,1,1,0,South East Region,A Level or Equivalent,10-20,0-35,N,0,60
BBB_2014B_104238,104238,BBB,2014B,F,B,Withdrawn,0,0,0,East Midlands Region,Lower Than A Level,10-20,0-35,N,0,120
BBB_2013J_139549,139549,BBB,2013J,F,B,Pass,1,1,0,Scotland,Lower Than A Level,40-50%,0-35,Y,1,60
BBB_2013J_592889,592889,BBB,2013J,F,B,Withdrawn,0,0,0,East Anglian Region,No Formal quals,60-70%,0-35,N,0,60
BBB_2013B_508103,508103,BBB,2013B,F,B,Withdrawn,0,0,0,West Midlands Region,Lower Than A Level,10-20,0-35,N,1,240
BBB_2013J_575421,575421,BBB,2013J,F,B,Withdrawn,0,0,0,London Region,A Level or Equivalent,0-10%,0-35,N,0,60
BBB_2013B_296408,296408,BBB,2013B,F,B,Withdrawn,0,0,0,East Midlands Region,A Level or Equivalent,20-30%,35-55,Y,3,180
BBB_2013J_380240,380240,BBB,2013J,F,B,Fail,0,0,0,Wales,A Level or Equivalent,0-10%,0-35,N,0,180
BBB_2013J_2272630,2272630,BBB,2013J,F,B,Withdrawn,0,0,0,Yorkshire Region,A Level or Equivalent,40-50%,35-55,N,0,60
BBB_2014B_634928,634928,BBB,2014B,F,B,Pass,1,1,0,Wales,HE Qualification,10-20,0-35,N,0,60
BBB_2014J_644793,644793,BBB,2014J,F,B,Distinction,1,1,0,Wales,Lower Than A Level,10-20,35-55,N,0,60
BBB_2014B_611348,611348,BBB,2014B,F,B,Pass,1,1,0,London Region,HE Qualification,20-30%,0-35,N,0,90
BBB_2014B_637864,637864,BBB,2014B,F,B,Fail,0,0,0,Wales,HE Qualification,80-90%,35-55,N,0,60
BBB_2014J_575892,575892,BBB,2014J,F,B,Withdrawn,0,0,0,London Region,HE Qualification,20-30%,0-35,Y,1,60
BBB_2014J_656276,656276,BBB,2014J,F,B,Fail,0,0,0,West Midlands Region,A Level or Equivalent,10-20,0-35,N,0,60
BBB_2013B_468021,468021,BBB,2013B,F,B,Fail,0,0,0,East Midlands Region,A Level or Equivalent,50-60%,0-35,N,2,120
BBB_2013J_615127,615127,BBB,2013J,F,B,Distinction,1,1,0,East Midlands Region,HE Qualification,20-30%,35-55,N,0,120
BBB_2014J_110911,110911,BBB,2014J,F,B,Pass,1,1,0,Scotland,Lower Than A Level,80-90%,0-35,N,0,60
BBB_2014J_634636,634636,BBB,2014J,M,A,Pass,1,1,0,London Region,A Level or Equivalent,30-40%,0-35,N,0,60
BBB_2013B_498967,498967,BBB,2013B,F,B,Pass,1,1,0,East Midlands Region,Lower Than A Level,0-10%,0-35,N,0,60
BBB_2014B_614270,614270,BBB,2014B,F,B,Withdrawn,0,0,0,South East Region,A Level or Equivalent,50-60%,0-35,N,0,120
BBB_2013B_532317,532317,BBB,2013B,F,B,Fail,0,0,0,Yorkshire Region,Lower Than A Level,0-10%,0-35,N,0,60
BBB_2013B_333129,333129,BBB,2013B,F,B,Fail,0,0,0,East Anglian Region,Lower Than A Level,10-20,0-35,N,2,240
BBB_2013B_334794,334794,BBB,2013B,F,B,Withdrawn,0,0,0,South West Region,Lower Than A Level,20-30%,0-35,N,0,60
BBB_2013B_554294,554294,BBB,2013B,F,B,Fail,0,0,0,Scotland,A Level or Equivalent,80-90%,0-35,N,0,60
BBB_2014J_689228,689228,BBB,2014J,F,B,Fail,0,0,0,Ireland,Lower Than A Level,80-90%,35-55,N,0,60
BBB_2014B_1406920,1406920,BBB,2014B,F,B,Pass,1,1,0,East Anglian Region,A Level or Equivalent,80-90%,35-55,N,0,60
BBB_2014B_155631,155631,BBB,2014B,F,B,Pass,1,1,0,South Region,Lower Than A Level,80-90%,0-35,N,0,60
BBB_2013J_587297,587297,BBB,2013J,F,B,Pass,1,1,0,North Region,A Level or Equivalent,70-80%,0-35,N,0,120
BBB_2013J_552399,552399,BBB,2013J,F,B,Distinction,1,1,0,London Region,A Level or Equivalent,30-40%,0-35,Y,0,60
BBB_2014J_678444,678444,BBB,2014J,F,B,Fail,0,0,0,Ireland,Lower Than A Level,40-50%,35-55,N,0,60
BBB_2014B_1540042,1540042,BBB,2014B,F,B,Distinction,1,1,0,South Region,Lower Than A Level,,35-55,N,0,60
BBB_2014J_694706,694706,BBB,2014J,F,B,Pass,1,1,0,North Region,A Level or Equivalent,80-90%,0-35,N,0,60
BBB_2014B_352953,352953,BBB,2014B,F,B,Withdrawn,0,0,0,Scotland,HE Qualification,50-60%,0-35,N,2,120
BBB_2014J_297806,297806,BBB,2014J,F,B,Fail,0,0,0,East Midlands Region,Lower Than A Level,40-50%,35-55,N,0,60
BBB_2013J_589580,589580,BBB,2013J,F,B,Withdrawn,0,0,0,Scotland,HE Qualification,30-40%,0-35,N,0,60
BBB_2013J_596390,596390,BBB,2013J,F,B,Pass,1,1,0,Yorkshire Region,A Level or Equivalent,10-20,0-35,N,0,60
BBB_2013B_355998,355998,BBB,2013B,F,B,Fail,0,0,0,Wales,A Level or Equivalent,40-50%,0-35,N,0,180
BBB_2014J_692897,692897,BBB,2014J,F,B,Withdrawn,0,0,0,East Anglian Region,Lower Than A Level,40-50%,0-35,N,0,60
BBB_2014J_679724,679724,BBB,2014J,F,B,Withdrawn,0,0,0,East Anglian Region,Lower Than A Level,50-60%,0-35,N,0,60
BBB_2013B_331354,331354,BBB,2013B,F,B,Pass,1,1,0,North Western Region,A Level or Equivalent,20-30%,0-35,N,0,60
BBB_2013J_2662716,2662716,BBB,2013J,F,B,Fail,0,0,0,East Anglian Region,Lower Than A Level,50-60%,0-35,N,0,60
BBB_2013J_105883,105883,BBB,2013J,F,B,Pass,1,1,0,North Western Region,A Level or Equivalent,0-10%,35-55,N,0,60
BBB_2013B_481010,481010,BBB,2013B,F,B,Distinction,1,1,0,South Region,A Level or Equivalent,50-60%,0-35,N,0,60
BBB_2013B_548504,548504,BBB,2013B,M,A,Distinction,1,1,0,North Western Region,A Level or Equivalent,30-40%,0-35,N,0,120
BBB_2014J_677879,677879,BBB,2014J,F,B,Fail,0,0,0,East Anglian Region,A Level or Equivalent,40-50%,0-35,Y,0,60
BBB_2013B_34229,34229,BBB,2013B,F,B,Pass,1,1,0,Ireland,A Level or Equivalent,0-10%,35-55,N,2,120
BBB_2013B_133531,133531,BBB,2013B,F,B,Fail,0,0,0,Wales,Lower Than A Level,30-40%,0-35,N,0,60
BBB_2013J_574319,574319,BBB,2013J,F,B,Withdrawn,0,0,0,North Region,Lower Than A Level,30-40%,0-35,N,0,120
BBB_2013B_483064,483064,BBB,2013B,F,B,Pass,1,1,0,North Region,A Level or Equivalent,40-50%,0-35,N,0,60
BBB_2014B_617296,617296,BBB,2014B,F,B,Fail,0,0,0,South Region,Lower Than A Level,70-80%,0-35,N,0,60
BBB_2013B_325879,325879,BBB,2013B,F,B,Pass,1,1,0,Yorkshire Region,Lower Than A Level,0-10%,0-35,N,0,60
BBB_2014J_695051,695051,BBB,2014J,F,B,Withdrawn,0,0,0,Ireland,A Level or Equivalent,10-20,0-35,N,0,120
BBB_2013B_548935,548935,BBB,2013B,F,B,Pass,1,1,0,Ireland,A Level or Equivalent,20-30%,35-55,N,0,60
BBB_2014J_379212,379212,BBB,2014J,F,B,Withdrawn,0,0,0,North Western Region,Lower Than A Level,30-40%,35-55,N,0,180
BBB_2013B_487646,487646,BBB,2013B,F,B,Fail,0,0,0,East Anglian Region,Lower Than A Level,70-80%,0-35,N,1,120
BBB_2013J_514445,514445,BBB,2013J,F,B,Pass,1,1,0,Wales,A Level or Equivalent,20-30%,0-35,N,0,120
BBB_2013J_604200,604200,BBB,2013J,F,B,Pass,1,1,0,South West Region,Lower Than A Level,20-30%,0-35,N,0,60
BBB_2014J_684072,684072,BBB,2014J,F,B,Pass,1,1,0,Yorkshire Region,A Level or Equivalent,10-20,35-55,N,0,60
BBB_2013B_536203,536203,BBB,2013B,F,B,Withdrawn,0,0,0,West Midlands Region,Lower Than A Level,10-20,35-55,N,0,60
BBB_2013J_340965,340965,BBB,2013J,F,B,Pass,1,1,0,South East Region,HE Qualification,30-40%,0-35,N,0,60
BBB_2013J_574053,574053,BBB,2013J,M,A,Withdrawn,0,0,0,North Western Region,Lower Than A Level,20-30%,35-55,N,0,60
BBB_2013B_126322,126322,BBB,2013B,F,B,Pass,1,1,0,Scotland,A Level or Equivalent,10-20,35-55,N,1,60
BBB_2014J_644599,644599,BBB,2014J,F,B,Pass,1,1,0,South East Region,HE Qualification,10-20,0-35,N,0,60
BBB_2013B_556882,556882,BBB,2013B,F,B,Withdrawn,0,0,0,South West Region,Lower Than A Level,30-40%,35-55,N,0,60
BBB_2014J_649221,649221,BBB,2014J,F,B,Pass,1,1,0,South Region,Lower Than A Level,40-50%,35-55,N,0,60
BBB_2013B_405746,405746,BBB,2013B,F,B,Withdrawn,0,0,0,Ireland,Lower Than A Level,20-30%,0-35,N,0,90
BBB_2013J_248653,248653,BBB,2013J,M,A,Distinction,1,1,0,London Region,A Level or Equivalent,40-50%,0-35,N,0,120
BBB_2013J_478967,478967,BBB,2013J,F,B,Fail,0,0,0,Ireland,A Level or Equivalent,40-50%,35-55,N,1,60
BBB_2014J_677338,677338,BBB,2014J,F,B,Withdrawn,0,0,0,East Midlands Region,A Level or Equivalent,50-60%,0-35,Y,0,120
BBB_2013J_162646,162646,BBB,2013J,F,B,Fail,0,0,0,Scotland,Lower Than A Level,0-10%,0-35,N,1,60
BBB_2014J_683993,683993,BBB,2014J,F,B,Withdrawn,0,0,0,South East Region,A Level or Equivalent,80-90%,0-35,N,0,120
BBB_2013B_512070,512070,BBB,2013B,F,B,Fail,0,0,0,London Region,A Level or Equivalent,20-30%,0-35,N,0,120
BBB_2014B_1780949,1780949,BBB,2014B,F,B,Pass,1,1,0,South East Region,A Level or Equivalent,40-50%,35-55,N,1,120
BBB_2014J_2216778,2216778,BBB,2014J,F,B,Pass,1,1,0,East Anglian Region,A Level or Equivalent,80-90%,35-55,N,0,60
BBB_2014B_50069,50069,BBB,2014B,F,B,Fail,0,0,0,Scotland,A Level or Equivalent,30-40%,0-35,N,0,90
BBB_2014J_678770,678770,BBB,2014J,F,B,Fail,0,0,0,Wales,Lower Than A Level,50-60%,0-35,N,0,60
BBB_2013J_580975,580975,BBB,2013J,F,B,Fail,0,0,0,Ireland,HE Qualification,50-60%,0-35,N,0,60
BBB_2014B_268301,268301,BBB,2014B,M,A,Distinction,1,1,0,Scotland,HE Qualification,60-70%,35-55,N,0,75
BBB_2013J_568474,568474,BBB,2013J,F,B,Pass,1,1,0,South Region,A Level or Equivalent,60-70%,35-55,N,0,120
BBB_2013B_535152,535152,BBB,2013B,F,B,Withdrawn,0,0,0,East Midlands Region,Lower Than A Level,60-70%,0-35,N,0,60
BBB_2013J_577347,577347,BBB,2013J,F,B,Fail,0,0,0,Ireland,Lower Than A Level,20-30%,35-55,N,0,60
BBB_2014B_495876,495876,BBB,2014B,F,B,Fail,0,0,0,South East Region,Lower Than A Level,90-100%,0-35,N,0,60
BBB_2013J_523398,523398,BBB,2013J,F,B,Fail,0,0,0,South Region,A Level or Equivalent,60-70%,0-35,N,1,60
BBB_2014J_2278390,2278390,BBB,2014J,M,A,Fail,0,0,0,West Midlands Region,A Level or Equivalent,60-70%,35-55,N,0,60
BBB_2013B_2654302,2654302,BBB,2013B,M,A,Pass,1,1,0,West Midlands Region,A Level or Equivalent,70-80%,35-55,N,1,120
BBB_2014B_632823,632823,BBB,2014B,F,B,Pass,1,1,0,East Anglian Region,A Level or Equivalent,70-80%,35-55,N,0,60
BBB_2014J_649578,649578,BBB,2014J,F,B,Fail,0,0,0,Scotland,Lower Than A Level,30-40%,0-35,N,0,120
BBB_2013J_613196,613196,BBB,2013J,F,B,Pass,1,1,0,Ireland,Lower Than A Level,20-30%,35-55,N,0,60
BBB_2014B_470331,470331,BBB,2014B,F,B,Withdrawn,0,0,0,Wales,A Level or Equivalent,0-10%,35-55,N,0,60
BBB_2014B_602898,602898,BBB,2014B,F,B,Withdrawn,0,0,0,London Region,Lower Than A Level,50-60%,0-35,N,0,60
BBB_2014B_625214,625214,BBB,2014B,F,B,Withdrawn,0,0,0,East Midlands Region,Lower Than A Level,50-60%,0-35,N,0,60
BBB_2014B_322509,322509,BBB,2014B,F,B,Pass,1,1,0,South Region,A Level or Equivalent,40-50%,0-35,N,0,60
BBB_2014B_2476144,2476144,BBB,2014B,F,B,Pass,1,1,0,West Midlands Region,Lower Than A Level,0-10%,35-55,Y,1,120
BBB_2013B_548241,548241,BBB,2013B,M,A,Pass,1,1,0,South Region,HE Qualification,80-90%,0-35,N,0,120
BBB_2013J_1886295,1886295,BBB,2013J,F,B,Distinction,1,1,0,South Region,A Level or Equivalent,60-70%,35-55,N,1,60
BBB_2014B_513077,513077,BBB,2014B,F,B,Fail,0,0,0,Wales,Lower Than A Level,20-30%,35-55,Y,0,120
BBB_2013J_609422,609422,BBB,2013J,F,B,Withdrawn,0,0,0,Yorkshire Region,Lower Than A Level,80-90%,0-35,N,0,120
BBB_2014B_607380,607380,BBB,2014B,F,B,Fail,0,0,0,South East Region,A Level or Equivalent,10-20,0-35,N,1,120
BBB_2014J_623097,623097,BBB,2014J,F,B,Pass,1,1,0,North Western Region,A Level or Equivalent,70-80%,0-35,N,0,60
BBB_2014B_571897,571897,BBB,2014B,F,B,Pass,1,1,0,East Midlands Region,A Level or Equivalent,80-90%,0-35,Y,0,120
BBB_2013J_572770,572770,BBB,2013J,F,B,Withdrawn,0,0,0,East Midlands Region,Lower Than A Level,60-70%,0-35,N,0,120
BBB_2013B_335600,335600,BBB,2013B,F,B,Fail,0,0,0,Wales,Lower Than A Level,50-60%,0-35,N,3,150
BBB_2014B_625511,625511,BBB,2014B,M,A,Withdrawn,0,0,0,East Anglian Region,Lower Than A Level,90-100%,0-35,N,0,60
BBB_2014J_417971,417971,BBB,2014J,F,B,Withdrawn,0,0,0,Scotland,HE Qualification,60-70%,35-55,Y,0,120
BBB_2014B_283978,283978,BBB,2014B,F,B,Fail,0,0,0,South West Region,A Level or Equivalent,20-30%,35-55,Y,5,150
BBB_2013B_555838,555838,BBB,2013B,F,B,Pass,1,1,0,Wales,HE Qualification,60-70%,0-35,N,0,120
BBB_2014B_633245,633245,BBB,2014B,F,B,Fail,0,0,0,North Western Region,Lower Than A Level,0-10%,0-35,N,0,60
BBB_2013J_612658,612658,BBB,2013J,F,B,Distinction,1,1,0,South East Region,HE Qualification,30-40%,0-35,N,0,120
BBB_2013B_338861,338861,BBB,2013B,F,B,Fail,0,0,0,South West Region,A Level or Equivalent,10-20,0-35,N,0,60
BBB_2014J_654678,654678,BBB,2014J,M,A,Withdrawn,0,0,0,South East Region,A Level or Equivalent,60-70%,0-35,N,0,60
BBB_2013B_74734,74734,BBB,2013B,F,B,Pass,1,1,0,North Western Region,Lower Than A Level,0-10%,0-35,N,0,180
BBB_2014B_625249,625249,BBB,2014B,F,B,Pass,1,1,0,East Anglian Region,Lower Than A Level,40-50%,0-35,N,0,60
BBB_2014J_684319,684319,BBB,2014J,M,A,Pass,1,1,0,Scotland,Post Graduate Qualification,20-30%,35-55,N,0,60
BBB_2013J_606562,606562,BBB,2013J,F,B,Distinction,1,1,0,South Region,HE Qualification,40-50%,0-35,N,0,120
BBB_2013J_591273,591273,BBB,2013J,M,A,Pass,1,1,0,Wales,A Level or Equivalent,80-90%,35-55,N,0,60
BBB_2013J_559344,559344,BBB,2013J,M,A,Withdrawn,0,0,0,South Region,A Level or Equivalent,70-80%,0-35,N,0,120
BBB_2014B_630876,630876,BBB,2014B,F,B,Pass,1,1,0,Scotland,Lower Than A Level,70-80%,35-55,N,0,60
BBB_2014B_2420725,2420725,BBB,2014B,F,B,Fail,0,0,0,East Midlands Region,Lower Than A Level,20-30%,35-55,N,0,120
BBB_2013J_565513,565513,BBB,2013J,F,B,Distinction,1,1,0,Wales,A Level or Equivalent,60-70%,0-35,N,0,120
BBB_2013J_590994,590994,BBB,2013J,F,B,Distinction,1,1,0,Scotland,Lower Than A Level,60-70%,0-35,N,0,60
BBB_2014B_632503,632503,BBB,2014B,F,B,Distinction,1,1,0,South East Region,Lower Than A Level,50-60%,0-35,N,0,60
BBB_2013B_2597027,2597027,BBB,2013B,F,B,Withdrawn,0,0,0,South West Region,A Level or Equivalent,40-50%,35-55,N,0,60
BBB_2014B_384636,384636,BBB,2014B,F,B,Fail,0,0,0,Wales,Lower Than A Level,20-30%,0-35,N,0,120
BBB_2013B_412407,412407,BBB,2013B,M,A,Pass,1,1,0,South East Region,A Level or Equivalent,30-40%,0-35,N,1,60
BBB_2013J_533091,533091,BBB,2013J,M,A,Distinction,1,1,0,North Western Region,Lower Than A Level,80-90%,35-55,N,0,60
BBB_2013J_522529,522529,BBB,2013J,F,B,Pass,1,1,0,Scotland,A Level or Equivalent,0-10%,35-55,N,0,60
BBB_2013B_502088,502088,BBB,2013B,F,B,Fail,0,0,0,South West Region,A Level or Equivalent,40-50%,0-35,Y,0,120
BBB_2014J_699493,699493,BBB,2014J,F,B,Withdrawn,0,0,0,West Midlands Region,Lower Than A Level,90-100%,35-55,N,0,120
BBB_2014B_626123,626123,BBB,2014B,F,B,Distinction,1,1,0,South West Region,Lower Than A Level,50-60%,0-35,Y,0,60
BBB_2014B_617959,617959,BBB,2014B,F,B,Fail,0,0,0,Yorkshire Region,HE Qualification,0-10%,0-35,N,0,60
BBB_2013J_583459,583459,BBB,2013J,F,B,Pass,1,1,0,South East Region,Lower Than A Level,40-50%,0-35,N,0,120
BBB_2014B_619054,619054,BBB,2014B,F,B,Withdrawn,0,0,0,Scotland,HE Qualification,60-70%,0-35,N,0,120
BBB_2013J_588713,588713,BBB,2013J,F,B,Fail,0,0,0,Scotland,Lower Than A Level,0-10%,0-35,N,0,60
BBB_2014B_539894,539894,BBB,2014B,F,B,Pass,1,1,0,Yorkshire Region,HE Qualification,80-90%,0-35,N,0,120
BBB_2014J_142324,142324,BBB,2014J,F,B,Pass,1,1,0,East Anglian Region,Lower Than A Level,30-40%,35-55,N,1,120
BBB_2013B_58089,58089,BBB,2013B,F,B,Fail,0,0,0,West Midlands Region,A Level or Equivalent,40-50%,0-35,N,2,90
BBB_2014J_646352,646352,BBB,2014J,F,B,Fail,0,0,0,London Region,Lower Than A Level,20-30%,35-55,N,0,60
BBB_2014B_2512349,2512349,BBB,2014B,F,B,Withdrawn,0,0,0,Yorkshire Region,Lower Than A Level,40-50%,35-55,N,0,60
BBB_2014J_694458,694458,BBB,2014J,F,B,Withdrawn,0,0,0,London Region,A Level or Equivalent,10-20,0-35,N,0,60
BBB_2014J_476253,476253,BBB,2014J,F,B,Withdrawn,0,0,0,South East Region,Lower Than A Level,40-50%,0-35,N,0,180
BBB_2013B_536520,536520,BBB,2013B,F,B,Withdrawn,0,0,0,Yorkshire Region,Lower Than A Level,10-20,0-35,N,0,60
BBB_2013B_512180,512180,BBB,2013B,F,B,Fail,0,0,0,Wales,Lower Than A Level,0-10%,0-35,Y,0,120
BBB_2013B_498175,498175,BBB,2013B,F,B,Pass,1,1,0,South West Region,Lower Than A Level,60-70%,0-35,N,1,120
BBB_2013B_550867,550867,BBB,2013B,F,B,Withdrawn,0,0,0,East Anglian Region,Lower Than A Level,80-90%,0-35,N,0,60
BBB_2013J_599739,599739,BBB,2013J,F,B,Pass,1,1,0,Yorkshire Region,Lower Than A Level,30-40%,35-55,N,0,60
BBB_2013J_577992,577992,BBB,2013J,M,A,Withdrawn,0,0,0,South Region,HE Qualification,80-90%,0-35,N,0,120
BBB_2013J_583235,583235,BBB,2013J,F,B,Withdrawn,0,0,0,East Anglian Region,Lower Than A Level,30-40%,0-35,N,0,60
BBB_2014J_193310,193310,BBB,2014J,F,B,Pass,1,1,0,South West Region,HE Qualification,0-10%,0-35,N,0,120
BBB_2013B_496674,496674,BBB,2013B,F,B,Fail,0,0,0,East Midlands Region,A Level or Equivalent,60-70%,0-35,N,1,180
BBB_2014B_625514,625514,BBB,2014B,M,A,Pass,1,1,0,East Anglian Region,HE Qualification,50-60%,0-35,N,0,120
BBB_2014J_535963,535963,BBB,2014J,F,B,Distinction,1,1,0,Yorkshire Region,HE Qualification,70-80%,35-55,N,0,60
BBB_2013J_305547,305547,BBB,2013J,F,B,Withdrawn,0,0,0,Yorkshire Region,Lower Than A Level,30-40%,35-55,N,2,120
BBB_2014B_89092,89092,BBB,2014B,F,B,Pass,1,1,0,Wales,Lower Than A Level,50-60%,0-35,N,2,60
BBB_2014B_534428,534428,BBB,2014B,F,B,Withdrawn,0,0,0,North Region,Lower Than A Level,20-30%,0-35,N,0,120
BBB_2014J_564278,564278,BBB,2014J,F,B,Pass,1,1,0,London Region,Lower Than A Level,10-20,35-55,N,0,120
BBB_2013J_580654,580654,BBB,2013J,F,B,Withdrawn,0,0,0,West Midlands Region,HE Qualification,60-70%,0-35,N,0,120
BBB_2013B_443108,443108,BBB,2013B,F,B,Withdrawn,0,0,0,East Midlands Region,A Level or Equivalent,20-30%,0-35,N,0,60
BBB_2014B_2108614,2108614,BBB,2014B,F,B,Distinction,1,1,0,Wales,A Level or Equivalent,50-60%,35-55,N,0,60
BBB_2013B_550429,550429,BBB,2013B,F,B,Fail,0,0,0,East Midlands Region,A Level or Equivalent,40-50%,35-55,N,0,60
BBB_2013B_496041,496041,BBB,2013B,F,B,Pass,1,1,0,West Midlands Region,Lower Than A Level,60-70%,0-35,N,1,120
BBB_2013J_584223,584223,BBB,2013J,F,B,Withdrawn,0,0,0,South Region,A Level or Equivalent,90-100%,0-35,N,0,60
BBB_2014J_586516,586516,BBB,2014J,F,B,Distinction,1,1,0,South East Region,A Level or Equivalent,40-50%,35-55,N,1,60
BBB_2014B_388168,388168,BBB,2014B,F,B,Withdrawn,0,0,0,West Midlands Region,A Level or Equivalent,10-20,0-35,N,2,60
BBB_2014J_537194,537194,BBB,2014J,F,B,Pass,1,1,0,North Western Region,A Level or Equivalent,0-10%,35-55,N,0,60
BBB_2014J_676093,676093,BBB,2014J,F,B,Withdrawn,0,0,0,East Midlands Region,Lower Than A Level,60-70%,0-35,N,0,60
BBB_2014J_652969,652969,BBB,2014J,F,B,Pass,1,1,0,Wales,A Level or Equivalent,0-10%,35-55,N,0,60
BBB_2013B_557528,557528,BBB,2013B,F,B,Pass,1,1,0,Yorkshire Region,Lower Than A Level,90-100%,0-35,N,0,60
BBB_2014J_689173,689173,BBB,2014J,F,B,Withdrawn,0,0,0,Ireland,Lower Than A Level,50-60%,35-55,N,0,60
BBB_2014J_648416,648416,BBB,2014J,F,B,Pass,1,1,0,North Region,A Level or Equivalent,80-90%,35-55,N,0,60
BBB_2014B_636271,636271,BBB,2014B,M,A,Fail,0,0,0,Wales,HE Qualification,80-90%,0-35,N,0,60
BBB_2013B_499387,499387,BBB,2013B,F,B,Pass,1,1,0,South West Region,A Level or Equivalent,0-10%,0-35,N,0,60
BBB_2014B_635241,635241,BBB,2014B,F,B,Pass,1,1,0,Wales,A Level or Equivalent,60-70%,35-55,N,0,60
BBB_2014J_394314,394314,BBB,2014J,F,B,Withdrawn,0,0,0,Yorkshire Region,Lower Than A Level,0-10%,0-35,N,0,60
BBB_2014J_646618,646618,BBB,2014J,F,B,Distinction,1,1,0,South Region,A Level or Equivalent,70-80%,0-35,N,0,120
BBB_2013J_549129,549129,BBB,2013J,F,B,Pass,1,1,0,Yorkshire Region,HE Qualification,30-40%,0-35,N,1,60
BBB_2013B_267853,267853,BBB,2013B,F,B,Fail,0,0,0,Ireland,Lower Than A Level,20-30%,35-55,N,0,120
BBB_2013J_607607,607607,BBB,2013J,F,B,Withdrawn,0,0,0,North Western Region,A Level or Equivalent,30-40%,0-35,N,0,120
BBB_2013J_604939,604939,BBB,2013J,F,B,Fail,0,0,0,North Western Region,Lower Than A Level,30-40%,0-35,Y,0,60
BBB_2013B_341235,341235,BBB,2013B,M,A,Withdrawn,0,0,0,South Region,Lower Than A Level,50-60%,0-35,N,0,60
BBB_2014B_631941,631941,BBB,2014B,F,B,Withdrawn,0,0,0,London Region,Lower Than A Level,0-10%,0-35,N,0,60
BBB_2013J_522792,522792,BBB,2013J,F,B,Pass,1,1,0,Yorkshire Region,Lower Than A Level,60-70%,0-35,N,0,60
BBB_2013J_535379,535379,BBB,2013J,F,B,Pass,1,1,0,East Anglian Region,A Level or Equivalent,60-70%,0-35,N,0,60
BBB_2014B_535077,535077,BBB,2014B,F,B,Pass,1,1,0,Yorkshire Region,HE Qualification,20-30%,0-35,N,0,60
BBB_2013B_2425726,2425726,BBB,2013B,F,B,Withdrawn,0,0,0,East Anglian Region,Lower Than A Level,20-30%,35-55,N,0,60
BBB_2014B_617012,617012,BBB,2014B,M,A,Pass,1,1,0,Scotland,Lower Than A Level,40-50%,0-35,N,0,60
BBB_2013B_357030,357030,BBB,2013B,F,B,Withdrawn,0,0,0,South West Region,Lower Than A Level,50-60%,35-55,N,0,60
BBB_2014B_388041,388041,BBB,2014B,F,B,Withdrawn,0,0,0,North Western Region,A Level or Equivalent,60-70%,0-35,N,2,120
BBB_2014J_275180,275180,BBB,2014J,F,B,Pass,1,1,0,East Midlands Region,Lower Than A Level,20-30%,35-55,N,0,60
BBB_2014B_607953,607953,BBB,2014B,F,B,Fail,0,0,0,Yorkshire Region,Lower Than A Level,0-10%,35-55,N,0,60
BBB_2013J_495449,495449,BBB,2013J,F,B,Pass,1,1,0,South Region,Lower Than A Level,90-100%,0-35,N,0,120
BBB_2013B_501550,501550,BBB,2013B,F,B,Pass,1,1,0,West Midlands Region,A Level or Equivalent,70-80%,0-35,N,1,120
BBB_2013J_609860,609860,BBB,2013J,F,B,Withdrawn,0,0,0,Scotland,Lower Than A Level,80-90%,35-55,N,0,60
BBB_2014B_556877,556877,BBB,2014B,F,B,Pass,1,1,0,South West Region,A Level or Equivalent,30-40%,35-55,N,2,120
BBB_2014B_606069,606069,BBB,2014B,F,B,Pass,1,1,0,Wales,Lower Than A Level,30-40%,0-35,N,1,120
BBB_2013J_305935,305935,BBB,2013J,F,B,Fail,0,0,0,South East Region,HE Qualification,80-90%,0-35,N,1,180
BBB_2013J_439684,439684,BBB,2013J,F,B,Withdrawn,0,0,0,London Region,A Level or Equivalent,0-10%,0-35,N,1,60
BBB_2013B_427536,427536,BBB,2013B,F,B,Pass,1,1,0,London Region,HE Qualification,20-30%,35-55,N,0,120
BBB_2014J_698463,698463,BBB,2014J,F,B,Distinction,1,1,0,East Midlands Region,HE Qualification,30-40%,0-35,N,0,120
BBB_2014B_616361,616361,BBB,2014B,F,B,Withdrawn,0,0,0,East Midlands Region,Lower Than A Level,10-20,0-35,N,0,60
BBB_2014B_627680,627680,BBB,2014B,F,B,Withdrawn,0,0,0,East Anglian Region,Lower Than A Level,70-80%,35-55,Y,0,60
BBB_2013B_400894,400894,BBB,2013B,F,B,Pass,1,1,0,Scotland,A Level or Equivalent,30-40%,0-35,N,1,120
BBB_2013J_609388,609388,BBB,2013J,F,B,Withdrawn,0,0,0,South West Region,Lower Than A Level,20-30%,0-35,N,0,60
BBB_2014B_610239,610239,BBB,2014B,F,B,Fail,0,0,0,East Midlands Region,A Level or Equivalent,80-90%,0-35,N,0,120
BBB_2014J_648928,648928,BBB,2014J,F,B,Withdrawn,0,0,0,North Region,Lower Than A Level,80-90%,0-35,N,0,60
BBB_2013J_2296908,2296908,BBB,2013J,F,B,Withdrawn,0,0,0,South Region,Lower Than A Level,90-100%,0-35,N,0,60
BBB_2014J_579486,579486,BBB,2014J,M,A,Fail,0,0,0,East Anglian Region,Lower Than A Level,20-30%,35-55,N,1,60
BBB_2014J_678283,678283,BBB,2014J,F,B,Fail,0,0,0,Wales,Lower Than A Level,50-60%,0-35,N,0,120
BBB_2013B_552273,552273,BBB,2013B,M,A,Pass,1,1,0,East Midlands Region,Lower Than A Level,40-50%,0-35,N,0,60
BBB_2013B_553716,553716,BBB,2013B,F,B,Pass,1,1,0,West Midlands Region,A Level or Equivalent,0-10%,0-35,N,0,60
BBB_2014J_677950,677950,BBB,2014J,F,B,Withdrawn,0,0,0,East Midlands Region,Lower Than A Level,40-50%,0-35,N,0,60
BBB_2013B_2692381,2692381,BBB,2013B,F,B,Withdrawn,0,0,0,North Western Region,Lower Than A Level,50-60%,0-35,N,3,180
BBB_2013J_572514,572514,BBB,2013J,F,B,Fail,0,0,0,Wales,A Level or Equivalent,40-50%,0-35,N,0,60
BBB_2014B_625724,625724,BBB,2014B,M,A,Pass,1,1,0,Scotland,HE Qualification,10-20,0-35,N,0,60
BBB_2013B_545381,545381,BBB,2013B,F,B,Fail,0,0,0,West Midlands Region,Lower Than A Level,20-30%,0-35,N,0,60
BBB_2013B_527382,527382,BBB,2013B,F,B,Withdrawn,0,0,0,Wales,Lower Than A Level,0-10%,0-35,Y,0,60
BBB_2014B_537171,537171,BBB,2014B,F,B,Pass,1,1,0,North Region,No Formal quals,,0-35,N,0,90
BBB_2014J_626210,626210,BBB,2014J,F,B,Fail,0,0,0,South East Region,Lower Than A Level,50-60%,35-55,N,0,135
BBB_2013J_571907,571907,BBB,2013J,F,B,Pass,1,1,0,Scotland,A Level or Equivalent,0-10%,0-35,N,0,60
BBB_2014J_695125,695125,BBB,2014J,F,B,Withdrawn,0,0,0,Ireland,Lower Than A Level,30-40%,35-55,N,0,60
BBB_2014J_686402,686402,BBB,2014J,F,B,Fail,0,0,0,East Midlands Region,A Level or Equivalent,70-80%,35-55,N,0,120
BBB_2014J_601247,601247,BBB,2014J,M,A,Pass,1,1,0,Scotland,HE Qualification,40-50%,35-55,N,0,60
BBB_2014J_675807,675807,BBB,2014J,F,B,Pass,1,1,0,Scotland,HE Qualification,20-30%,35-55,N,0,60
BBB_2014B_634486,634486,BBB,2014B,F,B,Withdrawn,0,0,0,East Anglian Region,HE Qualification,40-50%,35-55,N,0,60
BBB_2014B_626872,626872,BBB,2014B,F,B,Withdrawn,0,0,0,East Anglian Region,A Level or Equivalent,80-90%,35-55,N,0,60
BBB_2013J_365288,365288,BBB,2013J,F,B,Fail,0,0,0,South Region,A Level or Equivalent,70-80%,0-35,N,0,60
BBB_2014B_629461,629461,BBB,2014B,F,B,Fail,0,0,0,Scotland,A Level or Equivalent,0-10%,35-55,N,0,60
BBB_2013J_578578,578578,BBB,2013J,F,B,Pass,1,1,0,East Midlands Region,A Level or Equivalent,80-90%,35-55,N,0,120
BBB_2013B_319209,319209,BBB,2013B,F,B,Distinction,1,1,0,South Region,Post Graduate Qualification,90-100%,35-55,N,0,120
BBB_2014B_547268,547268,BBB,2014B,F,B,Withdrawn,0,0,0,East Anglian Region,Lower Than A Level,80-90%,0-35,Y,0,60
BBB_2014J_576923,576923,BBB,2014J,F,B,Pass,1,1,0,Yorkshire Region,Lower Than A Level,0-10%,0-35,N,0,60
BBB_2013B_533697,533697,BBB,2013B,F,B,Withdrawn,0,0,0,East Anglian Region,A Level or Equivalent,40-50%,0-35,N,0,60
BBB_2013B_365707,365707,BBB,2013B,F,B,Distinction,1,1,0,South East Region,A Level or Equivalent,90-100%,0-35,N,0,60
BBB_2013J_2564744,2564744,BBB,2013J,F,B,Pass,1,1,0,South West Region,Lower Than A Level,50-60%,35-55,N,0,60
BBB_2013B_552826,552826,BBB,2013B,F,B,Pass,1,1,0,South Region,HE Qualification,90-100%,35-55,N,0,60
BBB_2013J_563769,563769,BBB,2013J,F,B,Fail,0,0,0,Yorkshire Region,A Level or Equivalent,0-10%,0-35,N,0,60
BBB_2013J_2620279,2620279,BBB,2013J,F,B,Withdrawn,0,0,0,Scotland,Lower Than A Level,40-50%,35-55,N,0,60
BBB_2013J_522889,522889,BBB,2013J,F,B,Fail,0,0,0,Scotland,Lower Than A Level,50-60%,0-35,N,0,60
BBB_2013B_443288,443288,BBB,2013B,F,B,Distinction,1,1,0,Scotland,HE Qualification,30-40%,0-35,N,0,60
BBB_2013B_544859,544859,BBB,2013B,F,B,Fail,0,0,0,North Western Region,A Level or Equivalent,20-30%,35-55,N,0,60
BBB_2014B_626841,626841,BBB,2014B,F,B,Distinction,1,1,0,South East Region,A Level or Equivalent,80-90%,35-55,N,0,60
BBB_2014J_677039,677039,BBB,2014J,F,B,Withdrawn,0,0,0,South West Region,Lower Than A Level,80-90%,0-35,N,0,60
BBB_2014J_648543,648543,BBB,2014J,F,B,Pass,1,1,0,North Region,Lower Than A Level,20-30%,0-35,N,0,60
BBB_2014J_228235,228235,BBB,2014J,F,B,Withdrawn,0,0,0,Yorkshire Region,A Level or Equivalent,30-40%,35-55,N,2,60
BBB_2014J_445774,445774,BBB,2014J,M,A,Distinction,1,1,0,South East Region,HE Qualification,80-90%,0-35,N,0,60
BBB_2014B_621731,621731,BBB,2014B,F,B,Withdrawn,0,0,0,West Midlands Region,A Level or Equivalent,0-10%,0-35,N,0,60
BBB_2013B_432870,432870,BBB,2013B,M,A,Pass,1,1,0,North Western Region,A Level or Equivalent,0-10%,0-35,N,1,240
BBB_2014B_635793,635793,BBB,2014B,F,B,Withdrawn,0,0,0,Wales,Lower Than A Level,0-10%,35-55,Y,0,60
BBB_2013J_551234,551234,BBB,2013J,F,B,Pass,1,1,0,London Region,Lower Than A Level,10-20,35-55,N,0,60
BBB_2014B_465369,465369,BBB,2014B,F,B,Pass,1,1,0,East Anglian Region,A Level or Equivalent,70-80%,0-35,N,0,120
BBB_2013B_1930367,1930367,BBB,2013B,F,B,Distinction,1,1,0,East Midlands Region,A Level or Equivalent,90-100%,35-55,N,0,90
BBB_2014B_628751,628751,BBB,2014B,F,B,Pass,1,1,0,West Midlands Region,A Level or Equivalent,20-30%,0-35,N,0,60
BBB_2013J_587285,587285,BBB,2013J,F,B,Withdrawn,0,0,0,London Region,Lower Than A Level,20-30%,0-35,N,0,120
BBB_2013J_545298,545298,BBB,2013J,F,B,Pass,1,1,0,North Western Region,Lower Than A Level,0-10%,0-35,N,0,60
BBB_2014B_587181,587181,BBB,2014B,F,B,Pass,1,1,0,South Region,A Level or Equivalent,80-90%,35-55,N,0,60
BBB_2013B_548344,548344,BBB,2013B,M,A,Fail,0,0,0,South Region,Lower Than A Level,50-60%,35-55,N,0,60
BBB_2014J_651775,651775,BBB,2014J,M,A,Pass,1,1,0,Wales,Lower Than A Level,40-50%,0-35,N,0,120
BBB_2013J_548899,548899,BBB,2013J,F,B,Pass,1,1,0,East Anglian Region,A Level or Equivalent,40-50%,0-35,N,0,60
BBB_2013J_577659,577659,BBB,2013J,F,B,Withdrawn,0,0,0,Ireland,Lower Than A Level,,0-35,N,0,60
BBB_2013J_487214,487214,BBB,2013J,F,B,Fail,0,0,0,Ireland,Lower Than A Level,40-50%,0-35,N,0,60
BBB_2014J_642075,642075,BBB,2014J,M,A,Fail,0,0,0,Wales,Lower Than A Level,0-10%,0-35,N,0,60
BBB_2013J_65807,65807,BBB,2013J,F,B,Withdrawn,0,0,0,North Western Region,HE Qualification,10-20,0-35,N,1,120
BBB_2013J_584042,584042,BBB,2013J,F,B,Pass,1,1,0,South West Region,Lower Than A Level,0-10%,35-55,N,0,120
BBB_2014B_187601,187601,BBB,2014B,F,B,Pass,1,1,0,South West Region,A Level or Equivalent,80-90%,35-55,N,0,135
BBB_2014B_612919,612919,BBB,2014B,F,B,Pass,1,1,0,Scotland,A Level or Equivalent,20-30%,35-55,N,0,75
BBB_2014B_625295,625295,BBB,2014B,M,A,Fail,0,0,0,North Western Region,A Level or Equivalent,0-10%,0-35,N,0,60
BBB_2013B_193822,193822,BBB,2013B,F,B,Pass,1,1,0,Wales,Lower Than A Level,10-20,35-55,Y,0,60
BBB_2014J_650565,650565,BBB,2014J,F,B,Fail,0,0,0,Ireland,Lower Than A Level,50-60%,0-35,N,0,60
BBB_2014B_621303,621303,BBB,2014B,F,B,Fail,0,0,0,South West Region,A Level or Equivalent,70-80%,35-55,Y,0,60
BBB_2013J_613159,613159,BBB,2013J,F,B,Withdrawn,0,0,0,Ireland,A Level or Equivalent,10-20,35-55,N,0,60
BBB_2013J_90243,90243,BBB,2013J,F,B,Pass,1,1,0,Wales,HE Qualification,70-80%,35-55,N,0,60
BBB_2013B_2617999,2617999,BBB,2013B,F,B,Pass,1,1,0,North Western Region,Lower Than A Level,10-20,35-55,N,0,180
BBB_2014J_655547,655547,BBB,2014J,F,B,Pass,1,1,0,Ireland,A Level or Equivalent,10-20,35-55,N,0,60
BBB_2013B_493377,493377,BBB,2013B,F,B,Withdrawn,0,0,0,East Anglian Region,A Level or Equivalent,90-100%,0-35,Y,0,60
BBB_2013J_536318,536318,BBB,2013J,F,B,Pass,1,1,0,East Anglian Region,A Level or Equivalent,30-40%,35-55,N,0,120
BBB_2013B_537905,537905,BBB,2013B,F,B,Distinction,1,1,0,East Anglian Region,A Level or Equivalent,60-70%,0-35,N,0,60
BBB_2014J_2375759,2375759,BBB,2014J,F,B,Distinction,1,1,0,North Western Region,Lower Than A Level,,0-35,N,1,60
BBB_2014J_376117,376117,BBB,2014J,F,B,Withdrawn,0,0,0,South Region,A Level or Equivalent,90-100%,0-35,N,0,60
BBB_2014J_369234,369234,BBB,2014J,F,B,Fail,0,0,0,Wales,Lower Than A Level,30-40%,0-35,Y,2,60
BBB_2013J_470869,470869,BBB,2013J,F,B,Pass,1,1,0,South East Region,A Level or Equivalent,30-40%,35-55,N,1,60
BBB_2014J_2614777,2614777,BBB,2014J,F,B,Pass,1,1,0,Scotland,HE Qualification,50-60%,35-55,N,0,60
BBB_2014J_685861,685861,BBB,2014J,F,B,Withdrawn,0,0,0,North Western Region,Lower Than A Level,10-20,0-35,N,0,60
BBB_2014J_656181,656181,BBB,2014J,F,B,Fail,0,0,0,Ireland,Lower Than A Level,40-50%,35-55,N,0,60
BBB_2013B_510556,510556,BBB,2013B,F,B,Pass,1,1,0,South East Region,Lower Than A Level,50-60%,35-55,N,0,60
BBB_2014B_634715,634715,BBB,2014B,F,B,Distinction,1,1,0,Wales,HE Qualification,40-50%,0-35,N,0,60
BBB_2013J_591895,591895,BBB,2013J,F,B,Withdrawn,0,0,0,Wales,Lower Than A Level,0-10%,0-35,Y,0,120
BBB_2014B_589300,589300,BBB,2014B,F,B,Withdrawn,0,0,0,North Western Region,Lower Than A Level,60-70%,0-35,N,0,120
BBB_2013J_602971,602971,BBB,2013J,F,B,Withdrawn,0,0,0,East Midlands Region,A Level or Equivalent,0-10%,0-35,N,0,60
BBB_2014J_412081,412081,BBB,2014J,F,B,Pass,1,1,0,Ireland,A Level or Equivalent,30-40%,35-55,N,1,60
BBB_2014J_235371,235371,BBB,2014J,M,A,Pass,1,1,0,East Anglian Region,A Level or Equivalent,80-90%,0-35,N,0,60
BBB_2014J_651415,651415,BBB,2014J,F,B,Pass,1,1,0,Yorkshire Region,A Level or Equivalent,60-70%,0-35,N,0,120
BBB_2014B_549892,549892,BBB,2014B,F,B,Withdrawn,0,0,0,East Midlands Region,Lower Than A Level,30-40%,35-55,N,0,60
BBB_2014B_533077,533077,BBB,2014B,F,B,Fail,0,0,0,North Region,Lower Than A Level,20-30%,0-35,N,0,90
BBB_2014J_686201,686201,BBB,2014J,F,B,Withdrawn,0,0,0,South East Region,A Level or Equivalent,10-20,35-55,N,0,60
BBB_2014J_495786,495786,BBB,2014J,M,A,Fail,0,0,0,Scotland,HE Qualification,0-10%,0-35,Y,1,60
BBB_2014B_308345,308345,BBB,2014B,F,B,Fail,0,0,0,Yorkshire Region,A Level or Equivalent,90-100%,0-35,N,0,60
BBB_2014J_695695,695695,BBB,2014J,F,B,Withdrawn,0,0,0,North Western Region,HE Qualification,70-80%,35-55,N,0,60
BBB_2013B_550163,550163,BBB,2013B,F,B,Fail,0,0,0,East Anglian Region,Lower Than A Level,50-60%,0-35,N,0,60
BBB_2014J_695027,695027,BBB,2014J,F,B,Pass,1,1,0,Ireland,A Level or Equivalent,30-40%,35-55,N,0,60
BBB_2013B_336165,336165,BBB,2013B,F,B,Fail,0,0,0,East Midlands Region,Lower Than A Level,20-30%,0-35,N,1,120
BBB_2013J_577914,577914,BBB,2013J,F,B,Distinction,1,1,0,South East Region,A Level or Equivalent,50-60%,0-35,N,0,120
BBB_2014B_263098,263098,BBB,2014B,M,A,Withdrawn,0,0,0,South West Region,A Level or Equivalent,20-30%,0-35,N,0,90
BBB_2014B_621885,621885,BBB,2014B,F,B,Withdrawn,0,0,0,East Midlands Region,Lower Than A Level,70-80%,0-35,N,0,60
BBB_2014B_573323,573323,BBB,2014B,F,B,Distinction,1,1,0,South West Region,A Level or Equivalent,70-80%,0-35,N,0,120
BBB_2014J_298961,298961,BBB,2014J,F,B,Pass,1,1,0,South Region,Lower Than A Level,30-40%,35-55,N,1,60
BBB_2014J_579409,579409,BBB,2014J,F,B,Pass,1,1,0,East Anglian Region,Lower Than A Level,40-50%,0-35,N,0,60
BBB_2014J_677230,677230,BBB,2014J,F,B,Withdrawn,0,0,0,East Anglian Region,A Level or Equivalent,80-90%,0-35,Y,0,60
BBB_2014B_1955634,1955634,BBB,2014B,F,B,Pass,1,1,0,East Anglian Region,HE Qualification,80-90%,35-55,N,0,60
BBB_2013J_595287,595287,BBB,2013J,F,B,Withdrawn,0,0,0,Scotland,HE Qualification,80-90%,35-55,N,0,120
BBB_2013B_539426,539426,BBB,2013B,F,B,Withdrawn,0,0,0,London Region,No Formal quals,20-30%,35-55,N,0,60
BBB_2014J_692175,692175,BBB,2014J,F,B,Fail,0,0,0,Scotland,Lower Than A Level,60-70%,0-35,N,0,60
BBB_2014B_2308026,2308026,BBB,2014B,F,B,Pass,1,1,0,Wales,No Formal quals,0-10%,35-55,N,0,60
BBB_2013B_554894,554894,BBB,2013B,F,B,Pass,1,1,0,East Anglian Region,Lower Than A Level,70-80%,0-35,N,0,60
BBB_2014J_599323,599323,BBB,2014J,F,B,Fail,0,0,0,East Midlands Region,A Level or Equivalent,40-50%,0-35,Y,0,60
BBB_2014J_686837,686837,BBB,2014J,F,B,Pass,1,1,0,North Western Region,HE Qualification,0-10%,0-35,N,0,120
BBB_2014B_589862,589862,BBB,2014B,F,B,Pass,1,1,0,North Western Region,Lower Than A Level,40-50%,0-35,N,0,120
BBB_2014J_630597,630597,BBB,2014J,F,B,Pass,1,1,0,West Midlands Region,Lower Than A Level,0-10%,0-35,N,0,60
BBB_2013J_134563,134563,BBB,2013J,F,B,Pass,1,1,0,Scotland,Lower Than A Level,20-30%,0-35,N,2,60
BBB_2014B_611816,611816,BBB,2014B,M,A,Withdrawn,0,0,0,London Region,Lower Than A Level,20-30%,35-55,N,0,120
BBB_2014B_59725,59725,BBB,2014B,F,B,Distinction,1,1,0,Wales,HE Qualification,40-50%,35-55,N,0,120
BBB_2013J_588252,588252,BBB,2013J,F,B,Withdrawn,0,0,0,West Midlands Region,Lower Than A Level,10-20,0-35,N,0,60
BBB_2014B_359438,359438,BBB,2014B,F,B,Distinction,1,1,0,Wales,A Level or Equivalent,20-30%,0-35,N,2,60
BBB_2014J_678398,678398,BBB,2014J,F,B,Withdrawn,0,0,0,Yorkshire Region,A Level or Equivalent,30-40%,35-55,N,0,60
BBB_2014B_492928,492928,BBB,2014B,F,B,Fail,0,0,0,Scotland,A Level or Equivalent,0-10%,0-35,N,0,60
BBB_2014J_687566,687566,BBB,2014J,M,A,Distinction,1,1,0,South West Region,HE Qualification,30-40%,35-55,N,0,120
BBB_2013J_493999,493999,BBB,2013J,F,B,Fail,0,0,0,South East Region,Lower Than A Level,30-40%,35-55,N,0,60
BBB_2013B_313810,313810,BBB,2013B,F,B,Distinction,1,1,0,South Region,A Level or Equivalent,40-50%,0-35,N,0,60
BBB_2014J_526844,526844,BBB,2014J,F,B,Withdrawn,0,0,0,North Western Region,A Level or Equivalent,60-70%,0-35,N,2,60
BBB_2014B_630333,630333,BBB,2014B,F,B,Pass,1,1,0,East Anglian Region,A Level or Equivalent,30-40%,0-35,N,0,60
BBB_2013B_551053,551053,BBB,2013B,F,B,Withdrawn,0,0,0,Wales,Lower Than A Level,10-20,35-55,Y,0,60
BBB_2013J_1588208,1588208,BBB,2013J,F,B,Withdrawn,0,0,0,North Western Region,Lower Than A Level,70-80%,35-55,N,0,120
BBB_2013B_545337,545337,BBB,2013B,M,A,Withdrawn,0,0,0,South West Region,A Level or Equivalent,30-40%,0-35,N,0,90
BBB_2014J_626740,626740,BBB,2014J,F,B,Pass,1,1,0,Wales,HE Qualification,80-90%,0-35,N,1,120
BBB_2014B_621905,621905,BBB,2014B,F,B,Pass,1,1,0,East Anglian Region,A Level or Equivalent,30-40%,0-35,N,0,90
BBB_2013B_522512,522512,BBB,2013B,F,B,Fail,0,0,0,Wales,Lower Than A Level,30-40%,0-35,N,1,120
BBB_2014B_586712,586712,BBB,2014B,F,B,Pass,1,1,0,East Midlands Region,A Level or Equivalent,50-60%,35-55,N,0,120
BBB_2014B_519078,519078,BBB,2014B,M,A,Pass,1,1,0,East Anglian Region,Lower Than A Level,70-80%,0-35,N,0,60
BBB_2013J_430352,430352,BBB,2013J,F,B,Withdrawn,0,0,0,Scotland,Lower Than A Level,0-10%,0-35,N,0,120
BBB_2014B_615090,615090,BBB,2014B,F,B,Pass,1,1,0,Yorkshire Region,Lower Than A Level,50-60%,0-35,N,0,60
BBB_2013B_517701,517701,BBB,2013B,F,B,Withdrawn,0,0,0,Wales,Lower Than A Level,80-90%,0-35,N,1,120
BBB_2013J_599230,599230,BBB,2013J,F,B,Distinction,1,1,0,South West Region,HE Qualification,60-70%,35-55,N,0,60
BBB_2013J_496442,496442,BBB,2013J,F,B,Pass,1,1,0,West Midlands Region,Lower Than A Level,70-80%,0-35,N,0,60
BBB_2013J_338878,338878,BBB,2013J,F,B,Withdrawn,0,0,0,West Midlands Region,A Level or Equivalent,80-90%,35-55,N,2,60
BBB_2014B_148427,148427,BBB,2014B,F,B,Pass,1,1,0,South East Region,A Level or Equivalent,20-30%,0-35,N,0,120
BBB_2013J_278794,278794,BBB,2013J,F,B,Pass,1,1,0,South West Region,A Level or Equivalent,20-30%,0-35,Y,1,60
BBB_2013J_510776,510776,BBB,2013J,F,B,Fail,0,0,0,London Region,Lower Than A Level,20-30%,0-35,N,1,60
BBB_2013J_597109,597109,BBB,2013J,F,B,Withdrawn,0,0,0,North Region,A Level or Equivalent,,0-35,N,0,120
BBB_2014B_634058,634058,BBB,2014B,F,B,Pass,1,1,0,South Region,HE Qualification,90-100%,0-35,N,0,120
BBB_2013B_558212,558212,BBB,2013B,F,B,Withdrawn,0,0,0,East Anglian Region,A Level or Equivalent,90-100%,0-35,N,0,60
BBB_2013B_486214,486214,BBB,2013B,F,B,Withdrawn,0,0,0,London Region,Lower Than A Level,30-40%,35-55,N,1,120
BBB_2014B_633024,633024,BBB,2014B,F,B,Pass,1,1,0,London Region,A Level or Equivalent,40-50%,35-55,N,0,60
BBB_2014J_571395,571395,BBB,2014J,F,B,Fail,0,0,0,East Midlands Region,A Level or Equivalent,40-50%,0-35,Y,0,60
BBB_2014B_2605113,2605113,BBB,2014B,F,B,Withdrawn,0,0,0,North Region,No Formal quals,10-20,0-35,N,1,60
BBB_2014J_648820,648820,BBB,2014J,F,B,Withdrawn,0,0,0,East Anglian Region,Lower Than A Level,70-80%,0-35,N,0,180
BBB_2014J_98842,98842,BBB,2014J,F,B,Pass,1,1,0,South Region,Lower Than A Level,10-20,0-35,N,0,60
BBB_2014B_296232,296232,BBB,2014B,F,B,Pass,1,1,0,South West Region,A Level or Equivalent,80-90%,0-35,N,0,60
BBB_2013B_96291,96291,BBB,2013B,F,B,Withdrawn,0,0,0,South Region,Lower Than A Level,70-80%,0-35,N,0,60
BBB_2014J_622573,622573,BBB,2014J,F,B,Pass,1,1,0,Wales,Lower Than A Level,70-80%,0-35,Y,0,120
BBB_2013B_476596,476596,BBB,2013B,F,B,Pass,1,1,0,Yorkshire Region,Lower Than A Level,70-80%,35-55,N,0,60
BBB_2014B_603348,603348,BBB,2014B,F,B,Withdrawn,0,0,0,South Region,Lower Than A Level,40-50%,0-35,N,0,60
BBB_2014B_588685,588685,BBB,2014B,F,B,Fail,0,0,0,Scotland,HE Qualification,50-60%,35-55,Y,1,120
BBB_2014J_2213814,2213814,BBB,2014J,F,B,Withdrawn,0,0,0,South West Region,Lower Than A Level,0-10%,35-55,Y,0,60
BBB_2013B_352364,352364,BBB,2013B,F,B,Distinction,1,1,0,South Region,A Level or Equivalent,,35-55,N,0,60
BBB_2013J_610725,610725,BBB,2013J,M,A,Pass,1,1,0,Wales,A Level or Equivalent,60-70%,0-35,N,0,60
BBB_2013J_598986,598986,BBB,2013J,F,B,Fail,0,0,0,London Region,Lower Than A Level,0-10%,35-55,N,0,60
BBB_2014J_677203,677203,BBB,2014J,M,A,Pass,1,1,0,West Midlands Region,A Level or Equivalent,90-100%,35-55,N,0,120
BBB_2014B_618292,618292,BBB,2014B,F,B,Withdrawn,0,0,0,London Region,Lower Than A Level,10-20,0-35,N,0,60
BBB_2014B_1625718,1625718,BBB,2014B,F,B,Distinction,1,1,0,South West Region,A Level or Equivalent,0-10%,35-55,N,0,60
BBB_2013J_605255,605255,BBB,2013J,F,B,Fail,0,0,0,Yorkshire Region,A Level or Equivalent,20-30%,0-35,N,0,120
BBB_2014J_2692969,2692969,BBB,2014J,F,B,Pass,1,1,0,Scotland,HE Qualification,80-90%,35-55,N,0,75
BBB_2013J_593711,593711,BBB,2013J,F,B,Pass,1,1,0,Ireland,Lower Than A Level,50-60%,35-55,N,0,60
BBB_2014J_506020,506020,BBB,2014J,F,B,Pass,1,1,0,Scotland,HE Qualification,60-70%,0-35,N,2,60
BBB_2013J_600449,600449,BBB,2013J,F,B,Withdrawn,0,0,0,South East Region,A Level or Equivalent,30-40%,0-35,N,0,60
BBB_2014J_694329,694329,BBB,2014J,F,B,Withdrawn,0,0,0,Ireland,HE Qualification,50-60%,0-35,N,0,60
BBB_2013B_535618,535618,BBB,2013B,M,A,Fail,0,0,0,North Region,Lower Than A Level,80-90%,0-35,N,0,120
BBB_2014B_611979,611979,BBB,2014B,M,A,Withdrawn,0,0,0,West Midlands Region,A Level or Equivalent,0-10%,0-35,N,0,60
BBB_2013J_510149,510149,BBB,2013J,F,B,Fail,0,0,0,East Anglian Region,Lower Than A Level,90-100%,35-55,N,0,180
BBB_2014J_32930,32930,BBB,2014J,F,B,Pass,1,1,0,South Region,A Level or Equivalent,40-50%,35-55,N,0,60
BBB_2013J_256998,256998,BBB,2013J,F,B,Pass,1,1,0,East Midlands Region,Lower Than A Level,0-10%,0-35,N,1,60
BBB_2014J_488854,488854,BBB,2014J,F,B,Withdrawn,0,0,0,South East Region,Lower Than A Level,30-40%,35-55,N,0,60
BBB_2014J_639724,639724,BBB,2014J,F,B,Distinction,1,1,0,East Midlands Region,Lower Than A Level,30-40%,0-35,N,0,90
BBB_2013B_541073,541073,BBB,2013B,F,B,Pass,1,1,0,East Anglian Region,Lower Than A Level,70-80%,0-35,Y,0,60
BBB_2013J_599644,599644,BBB,2013J,F,B,Fail,0,0,0,Wales,Lower Than A Level,10-20,35-55,Y,0,120
BBB_2013J_1988213,1988213,BBB,2013J,F,B,Withdrawn,0,0,0,Yorkshire Region,A Level or Equivalent,60-70%,0-35,N,0,90
BBB_2013B_281564,281564,BBB,2013B,F,B,Pass,1,1,0,Wales,Lower Than A Level,10-20,0-35,N,0,60
BBB_2014B_64275,64275,BBB,2014B,F,B,Pass,1,1,0,West Midlands Region,Lower Than A Level,0-10%,0-35,Y,2,60
BBB_2014B_2513954,2513954,BBB,2014B,F,B,Distinction,1,1,0,South East Region,Lower Than A Level,60-70%,35-55,N,0,60
BBB_2013B_544455,544455,BBB,2013B,F,B,Pass,1,1,0,North Western Region,Lower Than A Level,0-10%,0-35,N,0,60
BBB_2013J_382575,382575,BBB,2013J,M,A,Fail,0,0,0,East Anglian Region,A Level or Equivalent,30-40%,0-35,N,0,60
BBB_2013B_1797614,1797614,BBB,2013B,M,A,Distinction,1,1,0,South Region,HE Qualification,20-30%,35-55,N,1,120
BBB_2014J_681150,681150,BBB,2014J,F,B,Pass,1,1,0,South West Region,Lower Than A Level,70-80%,0-35,N,0,60
BBB_2014J_648487,648487,BBB,2014J,M,A,Pass,1,1,0,North Region,Lower Than A Level,80-90%,0-35,N,0,60
BBB_2014B_606075,606075,BBB,2014B,F,B,Fail,0,0,0,Ireland,Lower Than A Level,60-70%,0-35,N,0,60
BBB_2013J_509913,509913,BBB,2013J,F,B,Fail,0,0,0,North Western Region,Lower Than A Level,10-20,35-55,N,0,60
BBB_2014B_75118,75118,BBB,2014B,F,B,Withdrawn,0,0,0,North Western Region,Lower Than A Level,0-10%,0-35,Y,0,150
BBB_2013J_517553,517553,BBB,2013J,F,B,Withdrawn,0,0,0,Wales,Lower Than A Level,80-90%,0-35,N,1,60
BBB_2013B_2327072,2327072,BBB,2013B,F,B,Pass,1,1,0,Wales,HE Qualification,50-60%,0-35,N,0,120
BBB_2013J_593385,593385,BBB,2013J,F,B,Pass,1,1,0,Wales,HE Qualification,80-90%,0-35,N,0,120
BBB_2014J_2333415,2333415,BBB,2014J,F,B,Pass,1,1,0,Scotland,A Level or Equivalent,80-90%,35-55,N,0,120
BBB_2013B_537875,537875,BBB,2013B,F,B,Pass,1,1,0,East Anglian Region,A Level or Equivalent,60-70%,0-35,N,0,60
BBB_2014J_430530,430530,BBB,2014J,F,B,Withdrawn,0,0,0,South Region,Lower Than A Level,50-60%,0-35,N,0,60
BBB_2013J_2588742,2588742,BBB,2013J,F,B,Pass,1,1,0,East Midlands Region,Lower Than A Level,90-100%,0-35,N,2,60
BBB_2013J_597886,597886,BBB,2013J,F,B,Distinction,1,1,0,South Region,Lower Than A Level,90-100%,0-35,N,0,120
BBB_2013J_2468706,2468706,BBB,2013J,F,B,Distinction,1,1,0,Scotland,HE Qualification,70-80%,35-55,N,0,75
BBB_2013B_545480,545480,BBB,2013B,F,B,Withdrawn,0,0,0,London Region,A Level or Equivalent,0-10%,35-55,N,0,60
BBB_2014B_444872,444872,BBB,2014B,F,B,Pass,1,1,0,South East Region,Lower Than A Level,40-50%,35-55,N,0,60
BBB_2014B_279557,279557,BBB,2014B,F,B,Withdrawn,0,0,0,North Western Region,A Level or Equivalent,20-30%,35-55,N,0,60
BBB_2013B_554362,554362,BBB,2013B,F,B,Withdrawn,0,0,0,South East Region,A Level or Equivalent,60-70%,0-35,N,0,60
BBB_2014J_1835389,1835389,BBB,2014J,F,B,Pass,1,1,0,North Western Region,HE Qualification,80-90%,35-55,N,0,60
BBB_2013J_595594,595594,BBB,2013J,F,B,Withdrawn,0,0,0,South Region,Lower Than A Level,70-80%,0-35,N,0,60
BBB_2013J_238825,238825,BBB,2013J,F,B,Withdrawn,0,0,0,East Anglian Region,A Level or Equivalent,60-70%,0-35,N,0,60
BBB_2013B_543365,543365,BBB,2013B,F,B,Withdrawn,0,0,0,West Midlands Region,A Level or Equivalent,0-10%,0-35,N,0,60
BBB_2013B_541573,541573,BBB,2013B,F,B,Withdrawn,0,0,0,West Midlands Region,A Level or Equivalent,0-10%,0-35,N,0,60
BBB_2013J_241338,241338,BBB,2013J,F,B,Fail,0,0,0,South West Region,Lower Than A Level,60-70%,35-55,N,0,120
BBB_2014B_627115,627115,BBB,2014B,F,B,Distinction,1,1,0,Yorkshire Region,A Level or Equivalent,10-20,35-55,N,0,120
BBB_2014B_625301,625301,BBB,2014B,F,B,Fail,0,0,0,North Western Region,HE Qualification,0-10%,0-35,N,0,60
BBB_2014J_639659,639659,BBB,2014J,F,B,Withdrawn,0,0,0,East Midlands Region,A Level or Equivalent,60-70%,0-35,N,0,120
BBB_2014J_680816,680816,BBB,2014J,F,B,Withdrawn,0,0,0,Yorkshire Region,Lower Than A Level,0-10%,0-35,N,0,60
BBB_2014J_595018,595018,BBB,2014J,F,B,Withdrawn,0,0,0,Wales,HE Qualification,10-20,35-55,N,0,60
BBB_2014B_508400,508400,BBB,2014B,F,B,Fail,0,0,0,North Region,HE Qualification,0-10%,0-35,N,0,150
BBB_2013B_560970,560970,BBB,2013B,M,A,Pass,1,1,0,Wales,HE Qualification,60-70%,35-55,N,0,120
BBB_2014J_651609,651609,BBB,2014J,F,B,Withdrawn,0,0,0,West Midlands Region,Lower Than A Level,0-10%,0-35,N,0,120
BBB_2013J_500016,500016,BBB,2013J,F,B,Pass,1,1,0,London Region,Lower Than A Level,40-50%,35-55,N,0,180
BBB_2014J_583775,583775,BBB,2014J,M,A,Pass,1,1,0,West Midlands Region,Lower Than A Level,10-20,0-35,N,0,120
BBB_2014J_688927,688927,BBB,2014J,F,B,Withdrawn,0,0,0,East Anglian Region,Lower Than A Level,40-50%,0-35,N,0,120
BBB_2013J_574348,574348,BBB,2013J,F,B,Pass,1,1,0,East Anglian Region,A Level or Equivalent,70-80%,35-55,Y,0,120
BBB_2013J_566358,566358,BBB,2013J,F,B,Fail,0,0,0,East Anglian Region,A Level or Equivalent,70-80%,0-35,N,0,120
BBB_2013J_552205,552205,BBB,2013J,F,B,Pass,1,1,0,Scotland,Lower Than A Level,0-10%,0-35,N,1,60
BBB_2014J_645371,645371,BBB,2014J,F,B,Fail,0,0,0,East Anglian Region,Lower Than A Level,50-60%,0-35,N,0,60
BBB_2013B_560117,560117,BBB,2013B,M,A,Withdrawn,0,0,0,West Midlands Region,Lower Than A Level,40-50%,0-35,N,0,60
BBB_2013J_442144,442144,BBB,2013J,F,B,Withdrawn,0,0,0,North Western Region,Lower Than A Level,10-20,0-35,N,2,120
BBB_2013B_509797,509797,BBB,2013B,F,B,Fail,0,0,0,London Region,HE Qualification,10-20,0-35,N,0,60
BBB_2013B_340831,340831,BBB,2013B,M,A,Withdrawn,0,0,0,West Midlands Region,A Level or Equivalent,30-40%,35-55,N,0,60
BBB_2014J_647056,647056,BBB,2014J,M,A,Pass,1,1,0,London Region,Lower Than A Level,30-40%,35-55,N,0,60
BBB_2013J_542562,542562,BBB,2013J,F,B,Withdrawn,0,0,0,South East Region,A Level or Equivalent,60-70%,0-35,Y,1,270
BBB_2014J_1926542,1926542,BBB,2014J,F,B,Pass,1,1,0,Scotland,Post Graduate Qualification,80-90%,0-35,N,0,60
BBB_2014B_2248122,2248122,BBB,2014B,F,B,Pass,1,1,0,Wales,A Level or Equivalent,50-60%,35-55,N,0,60
BBB_2013B_536900,536900,BBB,2013B,F,B,Pass,1,1,0,South Region,A Level or Equivalent,80-90%,0-35,N,0,60
BBB_2013J_444225,444225,BBB,2013J,F,B,Fail,0,0,0,Yorkshire Region,A Level or Equivalent,70-80%,0-35,N,2,60
BBB_2013B_2273828,2273828,BBB,2013B,F,B,Withdrawn,0,0,0,North Western Region,A Level or Equivalent,10-20,0-35,N,0,60
BBB_2014B_628765,628765,BBB,2014B,F,B,Withdrawn,0,0,0,East Midlands Region,Lower Than A Level,40-50%,0-35,N,0,60
BBB_2013B_550549,550549,BBB,2013B,F,B,Pass,1,1,0,Wales,HE Qualification,60-70%,35-55,N,0,60
BBB_2013J_2540724,2540724,BBB,2013J,M,A,Distinction,1,1,0,South Region,HE Qualification,40-50%,35-55,N,1,180
BBB_2013J_575281,575281,BBB,2013J,F,B,Fail,0,0,0,South Region,Lower Than A Level,40-50%,0-35,N,0,60
BBB_2013J_593715,593715,BBB,2013J,F,B,Pass,1,1,0,Ireland,Lower Than A Level,50-60%,35-55,N,0,60
BBB_2013B_488364,488364,BBB,2013B,F,B,Fail,0,0,0,Scotland,HE Qualification,30-40%,35-55,N,0,60
BBB_2014J_653244,653244,BBB,2014J,F,B,Withdrawn,0,0,0,South East Region,Lower Than A Level,30-40%,0-35,N,0,60
BBB_2014B_437171,437171,BBB,2014B,F,B,Pass,1,1,0,East Midlands Region,A Level or Equivalent,0-10%,35-55,N,0,60
BBB_2013J_156788,156788,BBB,2013J,M,A,Withdrawn,0,0,0,East Midlands Region,Lower Than A Level,30-40%,35-55,N,0,180
BBB_2014B_634932,634932,BBB,2014B,F,B,Fail,0,0,0,Wales,Lower Than A Level,0-10%,35-55,N,0,60
BBB_2013B_546533,546533,BBB,2013B,F,B,Fail,0,0,0,Scotland,Lower Than A Level,90-100%,0-35,N,0,60
BBB_2013J_240993,240993,BBB,2013J,F,B,Pass,1,1,0,East Midlands Region,A Level or Equivalent,30-40%,35-55,Y,0,60
BBB_2013J_609764,609764,BBB,2013J,M,A,Fail,0,0,0,Scotland,Lower Than A Level,30-40%,0-35,N,0,60
BBB_2014B_508940,508940,BBB,2014B,F,B,Pass,1,1,0,London Region,Lower Than A Level,10-20,0-35,N,2,120
BBB_2013B_509295,509295,BBB,2013B,F,B,Withdrawn,0,0,0,South West Region,Lower Than A Level,0-10%,35-55,N,1,180
BBB_2013J_576940,576940,BBB,2013J,F,B,Pass,1,1,0,South Region,A Level or Equivalent,80-90%,35-55,N,0,60
BBB_2014B_616414,616414,BBB,2014B,F,B,Withdrawn,0,0,0,East Midlands Region,Lower Than A Level,80-90%,0-35,N,0,60
BBB_2013J_428323,428323,BBB,2013J,F,B,Pass,1,1,0,Wales,A Level or Equivalent,30-40%,35-55,N,0,120
BBB_2014B_1525567,1525567,BBB,2014B,M,A,Distinction,1,1,0,Scotland,A Level or Equivalent,80-90%,35-55,N,0,60
BBB_2014J_695981,695981,BBB,2014J,F,B,Withdrawn,0,0,0,East Midlands Region,Lower Than A Level,80-90%,0-35,N,0,60
BBB_2014J_651324,651324,BBB,2014J,F,B,Pass,1,1,0,London Region,Lower Than A Level,30-40%,0-35,N,0,60
BBB_2013B_441181,441181,BBB,2013B,F,B,Pass,1,1,0,East Anglian Region,HE Qualification,20-30%,0-35,N,0,120
BBB_2014J_596128,596128,BBB,2014J,F,B,Fail,0,0,0,East Anglian Region,Lower Than A Level,50-60%,35-55,N,0,60
BBB_2013B_563363,563363,BBB,2013B,F,B,Pass,1,1,0,London Region,A Level or Equivalent,60-70%,0-35,N,0,120
BBB_2014B_407545,407545,BBB,2014B,F,B,Withdrawn,0,0,0,South East Region,A Level or Equivalent,20-30%,0-35,N,0,75
BBB_2014B_629891,629891,BBB,2014B,F,B,Distinction,1,1,0,South West Region,A Level or Equivalent,30-40%,0-35,N,0,60
BBB_2013B_517043,517043,BBB,2013B,F,B,Pass,1,1,0,West Midlands Region,No Formal quals,10-20,0-35,N,1,120
BBB_2014J_610385,610385,BBB,2014J,F,B,Pass,1,1,0,East Anglian Region,A Level or Equivalent,60-70%,0-35,Y,0,60
BBB_2014B_625185,625185,BBB,2014B,F,B,Pass,1,1,0,East Midlands Region,A Level or Equivalent,10-20,0-35,N,0,60
BBB_2013B_540656,540656,BBB,2013B,F,B,Pass,1,1,0,South Region,A Level or Equivalent,30-40%,0-35,N,0,120
BBB_2013J_572051,572051,BBB,2013J,F,B,Pass,1,1,0,East Anglian Region,A Level or Equivalent,50-60%,35-55,N,0,60
BBB_2014B_630920,630920,BBB,2014B,F,B,Withdrawn,0,0,0,Scotland,Lower Than A Level,70-80%,0-35,N,0,60
BBB_2013J_532114,532114,BBB,2013J,F,B,Withdrawn,0,0,0,Yorkshire Region,A Level or Equivalent,0-10%,35-55,N,0,60
BBB_2013J_485560,485560,BBB,2013J,F,B,Withdrawn,0,0,0,East Anglian Region,Lower Than A Level,40-50%,0-35,N,1,120
BBB_2014J_417978,417978,BBB,2014J,F,B,Withdrawn,0,0,0,Wales,HE Qualification,80-90%,35-55,N,0,60
BBB_2014J_642802,642802,BBB,2014J,F,B,Withdrawn,0,0,0,West Midlands Region,A Level or Equivalent,10-20,0-35,N,0,60
BBB_2013J_228513,228513,BBB,2013J,F,B,Withdrawn,0,0,0,Ireland,HE Qualification,90-100%,0-35,N,2,180
BBB_2013J_329030,329030,BBB,2013J,M,A,Fail,0,0,0,East Anglian Region,HE Qualification,70-80%,0-35,N,1,60
BBB_2013J_569426,569426,BBB,2013J,F,B,Withdrawn,0,0,0,Yorkshire Region,Lower Than A Level,0-10%,0-35,N,0,60
BBB_2014J_623689,623689,BBB,2014J,F,B,Pass,1,1,0,North Region,Lower Than A Level,60-70%,0-35,N,0,60
BBB_2014B_611649,611649,BBB,2014B,F,B,Withdrawn,0,0,0,West Midlands Region,A Level or Equivalent,40-50%,0-35,N,0,120
BBB_2014J_629053,629053,BBB,2014J,F,B,Pass,1,1,0,London Region,A Level or Equivalent,50-60%,35-55,N,0,120
BBB_2014J_688208,688208,BBB,2014J,M,A,Withdrawn,0,0,0,South West Region,Lower Than A Level,50-60%,0-35,N,0,120
BBB_2013B_551601,551601,BBB,2013B,F,B,Withdrawn,0,0,0,North Western Region,Lower Than A Level,0-10%,0-35,N,0,60
BBB_2013J_539670,539670,BBB,2013J,M,A,Fail,0,0,0,East Anglian Region,A Level or Equivalent,0-10%,35-55,N,0,120
BBB_2014J_201655,201655,BBB,2014J,F,B,Withdrawn,0,0,0,Yorkshire Region,A Level or Equivalent,50-60%,0-35,N,0,60
BBB_2013B_540953,540953,BBB,2013B,F,B,Withdrawn,0,0,0,South Region,Lower Than A Level,50-60%,0-35,N,0,120
BBB_2014B_627670,627670,BBB,2014B,F,B,Withdrawn,0,0,0,London Region,Lower Than A Level,30-40%,0-35,N,0,120
BBB_2014J_648238,648238,BBB,2014J,F,B,Withdrawn,0,0,0,London Region,A Level or Equivalent,20-30%,35-55,N,0,60
BBB_2014J_572032,572032,BBB,2014J,F,B,Pass,1,1,0,West Midlands Region,Lower Than A Level,10-20,0-35,N,0,60
BBB_2014J_687822,687822,BBB,2014J,F,B,Withdrawn,0,0,0,Scotland,A Level or Equivalent,70-80%,35-55,N,0,60
BBB_2013B_548307,548307,BBB,2013B,F,B,Fail,0,0,0,London Region,A Level or Equivalent,30-40%,0-35,N,0,120
BBB_2013J_312531,312531,BBB,2013J,F,B,Withdrawn,0,0,0,Scotland,A Level or Equivalent,80-90%,0-35,N,2,120
BBB_2013B_543165,543165,BBB,2013B,M,A,Pass,1,1,0,London Region,A Level or Equivalent,60-70%,0-35,Y,0,120
BBB_2013B_433939,433939,BBB,2013B,F,B,Fail,0,0,0,Yorkshire Region,Lower Than A Level,50-60%,35-55,N,0,60
BBB_2013J_592406,592406,BBB,2013J,F,B,Withdrawn,0,0,0,East Anglian Region,A Level or Equivalent,30-40%,35-55,N,0,120
BBB_2013J_603789,603789,BBB,2013J,F,B,Withdrawn,0,0,0,North Western Region,Lower Than A Level,10-20,0-35,N,0,60
BBB_2013B_154125,154125,BBB,2013B,F,B,Fail,0,0,0,Yorkshire Region,A Level or Equivalent,50-60%,0-35,N,0,60
BBB_2014B_559381,559381,BBB,2014B,F,B,Pass,1,1,0,South Region,HE Qualification,90-100%,35-55,N,0,60
BBB_2014J_630773,630773,BBB,2014J,F,B,Fail,0,0,0,Wales,Lower Than A Level,40-50%,0-35,N,0,60
BBB_2013J_556738,556738,BBB,2013J,F,B,Fail,0,0,0,East Anglian Region,Lower Than A Level,70-80%,0-35,N,0,120
BBB_2013B_558903,558903,BBB,2013B,F,B,Fail,0,0,0,East Midlands Region,HE Qualification,70-80%,0-35,N,0,60
BBB_2013J_523857,523857,BBB,2013J,F,B,Pass,1,1,0,West Midlands Region,HE Qualification,20-30%,0-35,Y,0,120
BBB_2014J_485439,485439,BBB,2014J,F,B,Withdrawn,0,0,0,Wales,Lower Than A Level,0-10%,35-55,Y,2,60
BBB_2014J_651429,651429,BBB,2014J,F,B,Pass,1,1,0,Scotland,HE Qualification,70-80%,0-35,N,0,60
BBB_2014B_568042,568042,BBB,2014B,F,B,Fail,0,0,0,East Anglian Region,Lower Than A Level,30-40%,0-35,N,1,120
BBB_2013J_521341,521341,BBB,2013J,F,B,Pass,1,1,0,South Region,HE Qualification,90-100%,35-55,Y,0,120
BBB_2014J_685599,685599,BBB,2014J,F,B,Withdrawn,0,0,0,West Midlands Region,Lower Than A Level,10-20,0-35,N,0,60
BBB_2013B_309709,309709,BBB,2013B,M,A,Pass,1,1,0,South East Region,Lower Than A Level,90-100%,35-55,N,3,195
BBB_2013J_576664,576664,BBB,2013J,F,B,Withdrawn,0,0,0,North Region,A Level or Equivalent,10-20,0-35,N,0,60
BBB_2014J_505871,505871,BBB,2014J,F,B,Fail,0,0,0,South West Region,A Level or Equivalent,0-10%,0-35,N,1,60
BBB_2014J_605089,605089,BBB,2014J,F,B,Pass,1,1,0,West Midlands Region,A Level or Equivalent,10-20,0-35,Y,0,180
BBB_2013J_571601,571601,BBB,2013J,F,B,Withdrawn,0,0,0,South Region,Lower Than A Level,0-10%,0-35,N,0,60
BBB_2014B_608110,608110,BBB,2014B,F,B,Pass,1,1,0,South West Region,A Level or Equivalent,20-30%,0-35,N,0,60
BBB_2013J_600428,600428,BBB,2013J,F,B,Withdrawn,0,0,0,South East Region,A Level or Equivalent,70-80%,35-55,N,0,120
BBB_2013J_198339,198339,BBB,2013J,F,B,Withdrawn,0,0,0,South Region,Lower Than A Level,30-40%,35-55,Y,1,60
BBB_2013B_550960,550960,BBB,2013B,F,B,Withdrawn,0,0,0,Ireland,A Level or Equivalent,60-70%,35-55,N,0,120
BBB_2014B_1624443,1624443,BBB,2014B,F,B,Pass,1,1,0,South Region,Lower Than A Level,30-40%,35-55,N,1,60
BBB_2013B_525942,525942,BBB,2013B,M,A,Withdrawn,0,0,0,Scotland,Lower Than A Level,0-10%,0-35,Y,0,60
BBB_2013J_609193,609193,BBB,2013J,F,B,Withdrawn,0,0,0,South Region,Lower Than A Level,80-90%,0-35,N,0,60
BBB_2013J_574051,574051,BBB,2013J,F,B,Fail,0,0,0,Wales,Lower Than A Level,0-10%,35-55,N,0,120
BBB_2013J_606420,606420,BBB,2013J,F,B,Pass,1,1,0,Ireland,Lower Than A Level,70-80%,0-35,N,0,60
BBB_2014J_584864,584864,BBB,2014J,F,B,Pass,1,1,0,South West Region,A Level or Equivalent,40-50%,35-55,N,0,120
BBB_2014J_255957,255957,BBB,2014J,F,B,Withdrawn,0,0,0,West Midlands Region,Lower Than A Level,10-20,0-35,N,1,60
BBB_2014B_631766,631766,BBB,2014B,F,B,Pass,1,1,0,Scotland,A Level or Equivalent,90-100%,0-35,N,0,60
BBB_2013B_406416,406416,BBB,2013B,F,B,Withdrawn,0,0,0,South West Region,HE Qualification,20-30%,0-35,N,0,120
BBB_2014J_640501,640501,BBB,2014J,F,B,Withdrawn,0,0,0,London Region,A Level or Equivalent,0-10%,0-35,N,0,120
BBB_2013J_1726951,1726951,BBB,2013J,F,B,Distinction,1,1,0,Wales,A Level or Equivalent,90-100%,35-55,N,0,60
BBB_2013J_2691100,2691100,BBB,2013J,F,B,Pass,1,1,0,Yorkshire Region,Lower Than A Level,0-10%,0-35,N,0,120
BBB_2014J_623648,623648,BBB,2014J,F,B,Pass,1,1,0,London Region,A Level or Equivalent,60-70%,0-35,N,0,60
BBB_2013B_555212,555212,BBB,2013B,F,B,Withdrawn,0,0,0,Yorkshire Region,Lower Than A Level,20-30%,0-35,N,0,60
BBB_2013J_613298,613298,BBB,2013J,M,A,Withdrawn,0,0,0,Ireland,HE Qualification,80-90%,0-35,N,0,60
BBB_2013J_530021,530021,BBB,2013J,F,B,Fail,0,0,0,London Region,A Level or Equivalent,40-50%,0-35,N,0,60
BBB_2013B_423314,423314,BBB,2013B,M,A,Fail,0,0,0,East Anglian Region,A Level or Equivalent,30-40%,35-55,N,0,60
BBB_2013J_598503,598503,BBB,2013J,F,B,Withdrawn,0,0,0,Scotland,Lower Than A Level,40-50%,35-55,N,0,60
BBB_2013J_597689,597689,BBB,2013J,F,B,Fail,0,0,0,West Midlands Region,Lower Than A Level,80-90%,0-35,Y,0,60
BBB_2013B_547690,547690,BBB,2013B,F,B,Pass,1,1,0,West Midlands Region,A Level or Equivalent,30-40%,35-55,N,0,60
BBB_2014J_596496,596496,BBB,2014J,F,B,Withdrawn,0,0,0,West Midlands Region,HE Qualification,70-80%,0-35,N,0,180
BBB_2014B_570437,570437,BBB,2014B,F,B,Distinction,1,1,0,Scotland,A Level or Equivalent,0-10%,35-55,Y,0,60
BBB_2013J_161491,161491,BBB,2013J,F,B,Distinction,1,1,0,Scotland,A Level or Equivalent,30-40%,0-35,N,0,120
BBB_2013B_504102,504102,BBB,2013B,F,B,Pass,1,1,0,North Western Region,Lower Than A Level,30-40%,35-55,N,0,75
BBB_2013B_537193,537193,BBB,2013B,F,B,Pass,1,1,0,Yorkshire Region,A Level or Equivalent,70-80%,0-35,N,0,120
BBB_2013B_291194,291194,BBB,2013B,F,B,Pass,1,1,0,East Anglian Region,Lower Than A Level,30-40%,0-35,N,0,90
BBB_2014B_471157,471157,BBB,2014B,M,A,Fail,0,0,0,South West Region,Lower Than A Level,20-30%,35-55,N,0,120
BBB_2014J_687004,687004,BBB,2014J,F,B,Fail,0,0,0,West Midlands Region,Lower Than A Level,0-10%,0-35,N,0,60
BBB_2013J_2111015,2111015,BBB,2013J,F,B,Pass,1,1,0,Ireland,Lower Than A Level,70-80%,35-55,N,0,60
BBB_2014J_649621,649621,BBB,2014J,F,B,Fail,0,0,0,East Anglian Region,Lower Than A Level,80-90%,0-35,N,0,60
BBB_2014J_650269,650269,BBB,2014J,F,B,Pass,1,1,0,Yorkshire Region,Lower Than A Level,50-60%,0-35,N,0,120
BBB_2014J_179297,179297,BBB,2014J,F,B,Fail,0,0,0,East Midlands Region,Lower Than A Level,10-20,35-55,N,1,60
BBB_2013J_582301,582301,BBB,2013J,F,B,Fail,0,0,0,Wales,Lower Than A Level,80-90%,0-35,N,0,60
BBB_2013B_554139,554139,BBB,2013B,F,B,Fail,0,0,0,Scotland,HE Qualification,40-50%,0-35,N,0,60
BBB_2013B_545240,545240,BBB,2013B,F,B,Fail,0,0,0,Scotland,A Level or Equivalent,20-30%,0-35,N,0,60
BBB_2013J_375960,375960,BBB,2013J,F,B,Pass,1,1,0,North Region,A Level or Equivalent,10-20,0-35,N,0,90
BBB_2013B_509901,509901,BBB,2013B,F,B,Fail,0,0,0,East Midlands Region,A Level or Equivalent,20-30%,0-35,Y,1,120
BBB_2013J_565393,565393,BBB,2013J,F,B,Fail,0,0,0,West Midlands Region,A Level or Equivalent,20-30%,0-35,N,0,60
BBB_2013J_423399,423399,BBB,2013J,M,A,Pass,1,1,0,Wales,A Level or Equivalent,90-100%,0-35,N,0,210
BBB_2014J_652366,652366,BBB,2014J,F,B,Withdrawn,0,0,0,Yorkshire Region,Lower Than A Level,80-90%,35-55,N,0,60
BBB_2014B_543963,543963,BBB,2014B,M,A,Withdrawn,0,0,0,South East Region,Lower Than A Level,50-60%,0-35,Y,0,180
BBB_2014J_686633,686633,BBB,2014J,M,A,Withdrawn,0,0,0,East Midlands Region,Lower Than A Level,20-30%,0-35,N,0,60
BBB_2013B_406311,406311,BBB,2013B,M,A,Fail,0,0,0,Scotland,No Formal quals,30-40%,35-55,N,0,60
BBB_2014J_2228010,2228010,BBB,2014J,F,B,Pass,1,1,0,Scotland,Lower Than A Level,50-60%,35-55,N,0,60
BBB_2014J_687769,687769,BBB,2014J,F,B,Pass,1,1,0,Scotland,HE Qualification,30-40%,0-35,N,0,120
BBB_2014B_76196,76196,BBB,2014B,F,B,Withdrawn,0,0,0,North Western Region,Lower Than A Level,0-10%,35-55,Y,1,120
BBB_2013J_388052,388052,BBB,2013J,F,B,Pass,1,1,0,South East Region,Lower Than A Level,60-70%,0-35,Y,0,60
BBB_2013J_1759851,1759851,BBB,2013J,F,B,Withdrawn,0,0,0,East Midlands Region,Lower Than A Level,10-20,35-55,N,0,120
BBB_2014J_590416,590416,BBB,2014J,F,B,Fail,0,0,0,London Region,HE Qualification,20-30%,35-55,N,1,60
BBB_2013J_587409,587409,BBB,2013J,F,B,Pass,1,1,0,Wales,A Level or Equivalent,60-70%,35-55,N,0,120
BBB_2014J_675059,675059,BBB,2014J,F,B,Fail,0,0,0,London Region,Lower Than A Level,0-10%,0-35,N,0,60
BBB_2014B_600407,600407,BBB,2014B,F,B,Withdrawn,0,0,0,North Western Region,Lower Than A Level,40-50%,0-35,N,1,180
BBB_2014J_401317,401317,BBB,2014J,F,B,Pass,1,1,0,Scotland,A Level or Equivalent,20-30%,0-35,N,2,60
BBB_2013J_609812,609812,BBB,2013J,F,B,Pass,1,1,0,Scotland,HE Qualification,90-100%,0-35,N,0,60
BBB_2013B_389369,389369,BBB,2013B,M,A,Distinction,1,1,0,Wales,A Level or Equivalent,10-20,0-35,N,0,120
BBB_2014J_551922,551922,BBB,2014J,F,B,Pass,1,1,0,London Region,Lower Than A Level,40-50%,0-35,N,0,60
BBB_2013B_1847146,1847146,BBB,2013B,F,B,Pass,1,1,0,London Region,Lower Than A Level,10-20,35-55,N,0,120
BBB_2013B_384909,384909,BBB,2013B,F,B,Withdrawn,0,0,0,East Anglian Region,A Level or Equivalent,60-70%,35-55,N,0,120
BBB_2013B_559173,559173,BBB,2013B,F,B,Fail,0,0,0,North Region,A Level or Equivalent,0-10%,0-35,N,0,60
BBB_2014J_491387,491387,BBB,2014J,M,A,Distinction,1,1,0,South Region,A Level or Equivalent,80-90%,0-35,N,0,60
BBB_2013J_2473780,2473780,BBB,2013J,F,B,Distinction,1,1,0,Scotland,HE Qualification,20-30%,0-35,N,0,60
BBB_2013B_543180,543180,BBB,2013B,F,B,Pass,1,1,0,Wales,Lower Than A Level,0-10%,0-35,Y,0,60
BBB_2013B_549158,549158,BBB,2013B,F,B,Pass,1,1,0,North Western Region,A Level or Equivalent,10-20,0-35,N,0,60
BBB_2014B_624549,624549,BBB,2014B,F,B,Withdrawn,0,0,0,London Region,Lower Than A Level,0-10%,0-35,N,0,60
BBB_2014J_578439,578439,BBB,2014J,F,B,Pass,1,1,0,Yorkshire Region,Lower Than A Level,90-100%,0-35,N,0,60
BBB_2014J_2103305,2103305,BBB,2014J,F,B,Withdrawn,0,0,0,East Anglian Region,Lower Than A Level,40-50%,35-55,Y,0,120
BBB_2014B_633162,633162,BBB,2014B,F,B,Fail,0,0,0,South West Region,A Level or Equivalent,60-70%,0-35,N,0,60
BBB_2014J_2631298,2631298,BBB,2014J,F,B,Withdrawn,0,0,0,North Western Region,Lower Than A Level,30-40%,0-35,N,0,60
BBB_2014J_565575,565575,BBB,2014J,F,B,Pass,1,1,0,East Midlands Region,A Level or Equivalent,40-50%,35-55,N,0,60
BBB_2013J_604118,604118,BBB,2013J,F,B,Fail,0,0,0,South Region,HE Qualification,70-80%,35-55,N,0,120
BBB_2014J_656522,656522,BBB,2014J,F,B,Pass,1,1,0,South East Region,A Level or Equivalent,10-20,0-35,N,0,60
BBB_2013J_606465,606465,BBB,2013J,M,A,Pass,1,1,0,South East Region,A Level or Equivalent,70-80%,0-35,N,0,60
BBB_2013J_600833,600833,BBB,2013J,F,B,Fail,0,0,0,Wales,Lower Than A Level,70-80%,0-35,N,0,120
BBB_2013J_609887,609887,BBB,2013J,F,B,Fail,0,0,0,East Anglian Region,No Formal quals,10-20,0-35,N,0,60
BBB_2014J_650371,650371,BBB,2014J,M,A,Pass,1,1,0,South East Region,Lower Than A Level,70-80%,0-35,N,0,60
BBB_2013B_557729,557729,BBB,2013B,F,B,Withdrawn,0,0,0,North Western Region,A Level or Equivalent,10-20,0-35,N,0,60
BBB_2013J_491758,491758,BBB,2013J,F,B,Withdrawn,0,0,0,East Anglian Region,Lower Than A Level,80-90%,35-55,N,0,60
BBB_2014J_688000,688000,BBB,2014J,F,B,Withdrawn,0,0,0,East Midlands Region,A Level or Equivalent,60-70%,0-35,N,0,120
BBB_2013B_480151,480151,BBB,2013B,F,B,Withdrawn,0,0,0,Yorkshire Region,Lower Than A Level,20-30%,0-35,N,0,60
BBB_2013B_548981,548981,BBB,2013B,F,B,Fail,0,0,0,Yorkshire Region,A Level or Equivalent,0-10%,0-35,N,0,60
BBB_2014B_633228,633228,BBB,2014B,F,B,Fail,0,0,0,West Midlands Region,A Level or Equivalent,0-10%,0-35,N,0,60
BBB_2014B_599202,599202,BBB,2014B,F,B,Distinction,1,1,0,Scotland,A Level or Equivalent,70-80%,0-35,N,1,120
BBB_2013J_546941,546941,BBB,2013J,F,B,Distinction,1,1,0,South Region,A Level or Equivalent,80-90%,0-35,N,1,60
BBB_2014J_642988,642988,BBB,2014J,F,B,Fail,0,0,0,London Region,Lower Than A Level,10-20,0-35,N,0,60
BBB_2013B_258402,258402,BBB,2013B,F,B,Withdrawn,0,0,0,South Region,A Level or Equivalent,40-50%,0-35,N,1,180
BBB_2014J_288086,288086,BBB,2014J,F,B,Pass,1,1,0,North Western Region,A Level or Equivalent,40-50%,0-35,N,0,180
BBB_2013J_2390117,2390117,BBB,2013J,M,A,Distinction,1,1,0,South East Region,A Level or Equivalent,90-100%,0-35,N,0,60
BBB_2013J_575794,575794,BBB,2013J,F,B,Withdrawn,0,0,0,Wales,HE Qualification,70-80%,0-35,N,0,60
BBB_2014B_631031,631031,BBB,2014B,F,B,Withdrawn,0,0,0,Scotland,HE Qualification,30-40%,35-55,N,0,60
BBB_2014J_676428,676428,BBB,2014J,F,B,Pass,1,1,0,South East Region,Lower Than A Level,90-100%,35-55,N,0,60
BBB_2014B_627190,627190,BBB,2014B,F,B,Pass,1,1,0,Scotland,A Level or Equivalent,20-30%,35-55,N,0,60
BBB_2014B_623169,623169,BBB,2014B,F,B,Pass,1,1,0,East Midlands Region,Lower Than A Level,90-100%,0-35,N,0,120
BBB_2013J_2545488,2545488,BBB,2013J,F,B,Withdrawn,0,0,0,North Western Region,Lower Than A Level,20-30%,35-55,N,1,60
BBB_2014B_615047,615047,BBB,2014B,F,B,Withdrawn,0,0,0,South West Region,Lower Than A Level,30-40%,0-35,N,0,60
BBB_2014B_575980,575980,BBB,2014B,F,B,Withdrawn,0,0,0,London Region,Lower Than A Level,30-40%,0-35,N,0,120
BBB_2014J_426340,426340,BBB,2014J,F,B,Withdrawn,0,0,0,East Midlands Region,A Level or Equivalent,40-50%,0-35,N,2,120
BBB_2014J_648778,648778,BBB,2014J,F,B,Pass,1,1,0,Scotland,A Level or Equivalent,80-90%,0-35,N,0,60
BBB_2013B_542692,542692,BBB,2013B,F,B,Fail,0,0,0,West Midlands Region,Lower Than A Level,0-10%,0-35,N,0,60
BBB_2013B_534360,534360,BBB,2013B,M,A,Pass,1,1,0,West Midlands Region,A Level or Equivalent,0-10%,0-35,Y,0,60
BBB_2013B_538232,538232,BBB,2013B,F,B,Withdrawn,0,0,0,East Midlands Region,Lower Than A Level,20-30%,35-55,N,0,120
BBB_2014J_691411,691411,BBB,2014J,F,B,Withdrawn,0,0,0,East Anglian Region,A Level or Equivalent,30-40%,0-35,N,0,120
BBB_2014J_300819,300819,BBB,2014J,M,A,Distinction,1,1,0,South Region,HE Qualification,30-40%,0-35,N,0,60
BBB_2013J_398067,398067,BBB,2013J,F,B,Distinction,1,1,0,London Region,A Level or Equivalent,40-50%,0-35,N,0,60
BBB_2013J_496091,496091,BBB,2013J,F,B,Fail,0,0,0,Yorkshire Region,Lower Than A Level,0-10%,0-35,N,1,60
BBB_2013B_551724,551724,BBB,2013B,F,B,Withdrawn,0,0,0,London Region,A Level or Equivalent,0-10%,0-35,N,0,60
BBB_2014J_275296,275296,BBB,2014J,F,B,Fail,0,0,0,East Midlands Region,A Level or Equivalent,60-70%,0-35,N,2,60
BBB_2013B_2642029,2642029,BBB,2013B,F,B,Distinction,1,1,0,South Region,HE Qualification,70-80%,35-55,N,0,120
BBB_2013B_425808,425808,BBB,2013B,F,B,Pass,1,1,0,Scotland,A Level or Equivalent,60-70%,35-55,N,0,60
BBB_2013J_542296,542296,BBB,2013J,F,B,Pass,1,1,0,Wales,Lower Than A Level,30-40%,35-55,N,1,60
BBB_2013B_415760,415760,BBB,2013B,F,B,Pass,1,1,0,West Midlands Region,Lower Than A Level,40-50%,0-35,N,1,180
BBB_2013B_388205,388205,BBB,2013B,F,B,Fail,0,0,0,London Region,A Level or Equivalent,10-20,0-35,N,0,120
BBB_2013B_477011,477011,BBB,2013B,F,B,Pass,1,1,0,London Region,A Level or Equivalent,20-30%,0-35,N,0,60
BBB_2013B_483371,483371,BBB,2013B,F,B,Withdrawn,0,0,0,Scotland,HE Qualification,60-70%,35-55,N,0,120
BBB_2014J_691028,691028,BBB,2014J,F,B,Withdrawn,0,0,0,East Midlands Region,A Level or Equivalent,0-10%,35-55,N,0,180
BBB_2014J_522478,522478,BBB,2014J,F,B,Fail,0,0,0,East Midlands Region,Lower Than A Level,10-20,35-55,Y,0,210
BBB_2013B_271036,271036,BBB,2013B,F,B,Pass,1,1,0,Ireland,Lower Than A Level,80-90%,35-55,N,3,60
BBB_2013J_574212,574212,BBB,2013J,F,B,Distinction,1,1,0,Scotland,A Level or Equivalent,50-60%,0-35,N,0,60
BBB_2013B_341040,341040,BBB,2013B,M,A,Withdrawn,0,0,0,South Region,HE Qualification,60-70%,0-35,N,0,60
BBB_2014J_276925,276925,BBB,2014J,F,B,Pass,1,1,0,Wales,A Level or Equivalent,70-80%,35-55,N,1,60
BBB_2014J_2299745,2299745,BBB,2014J,F,B,Fail,0,0,0,Scotland,HE Qualification,50-60%,0-35,N,0,60
BBB_2014J_524043,524043,BBB,2014J,F,B,Distinction,1,1,0,West Midlands Region,A Level or Equivalent,30-40%,0-35,N,0,60
BBB_2013B_470318,470318,BBB,2013B,F,B,Pass,1,1,0,West Midlands Region,HE Qualification,40-50%,0-35,N,0,120
BBB_2014J_388738,388738,BBB,2014J,M,A,Withdrawn,0,0,0,South Region,A Level or Equivalent,10-20,35-55,N,1,60
BBB_2013B_27891,27891,BBB,2013B,M,A,Withdrawn,0,0,0,Scotland,Lower Than A Level,0-10%,0-35,Y,2,120
BBB_2014B_563945,563945,BBB,2014B,M,A,Withdrawn,0,0,0,Scotland,Lower Than A Level,70-80%,35-55,N,0,90
BBB_2014J_678906,678906,BBB,2014J,F,B,Pass,1,1,0,South Region,Lower Than A Level,50-60%,0-35,N,0,60
BBB_2013J_502391,502391,BBB,2013J,M,A,Fail,0,0,0,Scotland,HE Qualification,10-20,35-55,N,1,120
BBB_2013B_536471,536471,BBB,2013B,F,B,Withdrawn,0,0,0,East Anglian Region,A Level or Equivalent,90-100%,0-35,N,0,60
BBB_2014J_677154,677154,BBB,2014J,F,B,Fail,0,0,0,London Region,Lower Than A Level,10-20,0-35,N,0,60
BBB_2013B_1993672,1993672,BBB,2013B,F,B,Withdrawn,0,0,0,West Midlands Region,Lower Than A Level,0-10%,35-55,Y,3,60
BBB_2014J_683838,683838,BBB,2014J,F,B,Fail,0,0,0,North Western Region,Lower Than A Level,50-60%,0-35,N,0,60
BBB_2013J_529163,529163,BBB,2013J,F,B,Withdrawn,0,0,0,South Region,Lower Than A Level,40-50%,0-35,N,1,60
BBB_2013J_156311,156311,BBB,2013J,F,B,Pass,1,1,0,London Region,A Level or Equivalent,80-90%,35-55,N,0,60
BBB_2013B_543719,543719,BBB,2013B,F,B,Pass,1,1,0,South Region,A Level or Equivalent,60-70%,0-35,N,0,60
BBB_2014J_646691,646691,BBB,2014J,F,B,Fail,0,0,0,Ireland,Lower Than A Level,10-20,0-35,N,0,60
BBB_2013J_604966,604966,BBB,2013J,F,B,Pass,1,1,0,Ireland,Lower Than A Level,20-30%,35-55,N,0,60
BBB_2013B_2019837,2019837,BBB,2013B,F,B,Withdrawn,0,0,0,North Western Region,A Level or Equivalent,20-30%,35-55,N,0,60
BBB_2013J_567059,567059,BBB,2013J,F,B,Withdrawn,0,0,0,East Midlands Region,Lower Than A Level,50-60%,0-35,N,0,120
BBB_2014B_625879,625879,BBB,2014B,F,B,Fail,0,0,0,Yorkshire Region,A Level or Equivalent,40-50%,0-35,N,0,120
BBB_2013B_552701,552701,BBB,2013B,M,A,Pass,1,1,0,East Midlands Region,A Level or Equivalent,40-50%,0-35,N,0,60
BBB_2013B_379402,379402,BBB,2013B,F,B,Fail,0,0,0,Ireland,A Level or Equivalent,80-90%,0-35,N,1,105
BBB_2013B_556553,556553,BBB,2013B,F,B,Pass,1,1,0,South East Region,A Level or Equivalent,30-40%,0-35,N,0,60
BBB_2014J_679218,679218,BBB,2014J,M,A,Pass,1,1,0,South East Region,Lower Than A Level,80-90%,0-35,N,0,60
BBB_2013B_545001,545001,BBB,2013B,F,B,Withdrawn,0,0,0,West Midlands Region,A Level or Equivalent,20-30%,0-35,N,0,60
BBB_2013B_481143,481143,BBB,2013B,F,B,Fail,0,0,0,North Western Region,Lower Than A Level,40-50%,0-35,N,0,60
BBB_2014J_126800,126800,BBB,2014J,F,B,Pass,1,1,0,East Midlands Region,A Level or Equivalent,60-70%,35-55,N,0,120
BBB_2014J_680219,680219,BBB,2014J,F,B,Pass,1,1,0,Yorkshire Region,A Level or Equivalent,80-90%,0-35,N,0,60
BBB_2013B_420604,420604,BBB,2013B,F,B,Fail,0,0,0,Scotland,A Level or Equivalent,60-70%,35-55,N,2,120
BBB_2013B_472586,472586,BBB,2013B,F,B,Pass,1,1,0,East Anglian Region,HE Qualification,80-90%,0-35,N,0,120
BBB_2014J_656206,656206,BBB,2014J,F,B,Pass,1,1,0,Ireland,Lower Than A Level,20-30%,35-55,N,0,60
BBB_2014B_2266377,2266377,BBB,2014B,F,B,Fail,0,0,0,East Midlands Region,Lower Than A Level,30-40%,35-55,N,0,60
BBB_2013J_516364,516364,BBB,2013J,F,B,Withdrawn,0,0,0,East Anglian Region,Lower Than A Level,70-80%,35-55,N,0,60
BBB_2014J_697345,697345,BBB,2014J,F,B,Fail,0,0,0,North Region,A Level or Equivalent,30-40%,0-35,N,0,60
BBB_2013B_554986,554986,BBB,2013B,F,B,Fail,0,0,0,London Region,Lower Than A Level,20-30%,35-55,N,0,60
BBB_2014J_387773,387773,BBB,2014J,F,B,Distinction,1,1,0,Scotland,A Level or Equivalent,10-20,0-35,N,0,120
BBB_2014J_439806,439806,BBB,2014J,F,B,Distinction,1,1,0,Scotland,A Level or Equivalent,10-20,0-35,N,0,60
BBB_2014B_612113,612113,BBB,2014B,F,B,Fail,0,0,0,Wales,A Level or Equivalent,0-10%,35-55,N,0,60
BBB_2014J_585963,585963,BBB,2014J,F,B,Withdrawn,0,0,0,East Midlands Region,A Level or Equivalent,10-20,0-35,Y,1,60
BBB_2014J_586502,586502,BBB,2014J,F,B,Pass,1,1,0,West Midlands Region,Lower Than A Level,0-10%,35-55,N,0,60
BBB_2014J_692384,692384,BBB,2014J,F,B,Withdrawn,0,0,0,East Anglian Region,Lower Than A Level,40-50%,0-35,Y,0,60
BBB_2013J_2631545,2631545,BBB,2013J,F,B,Fail,0,0,0,East Anglian Region,A Level or Equivalent,60-70%,35-55,Y,0,150
BBB_2014B_591547,591547,BBB,2014B,F,B,Fail,0,0,0,North Region,A Level or Equivalent,10-20,0-35,N,0,120
BBB_2013J_596847,596847,BBB,2013J,F,B,Distinction,1,1,0,East Anglian Region,A Level or Equivalent,40-50%,35-55,N,0,120
BBB_2013J_380205,380205,BBB,2013J,F,B,Fail,0,0,0,East Anglian Region,Lower Than A Level,30-40%,0-35,N,2,60
BBB_2014J_618983,618983,BBB,2014J,F,B,Fail,0,0,0,London Region,No Formal quals,50-60%,35-55,N,0,150
BBB_2014J_682223,682223,BBB,2014J,F,B,Distinction,1,1,0,Scotland,HE Qualification,50-60%,0-35,N,0,60
BBB_2013B_501008,501008,BBB,2013B,F,B,Withdrawn,0,0,0,Yorkshire Region,A Level or Equivalent,30-40%,0-35,N,1,180
BBB_2013J_595298,595298,BBB,2013J,F,B,Fail,0,0,0,West Midlands Region,A Level or Equivalent,0-10%,0-35,N,0,60
BBB_2014J_536767,536767,BBB,2014J,F,B,Fail,0,0,0,Wales,Lower Than A Level,60-70%,0-35,Y,0,60
BBB_2014J_34431,34431,BBB,2014J,F,B,Withdrawn,0,0,0,Yorkshire Region,Lower Than A Level,70-80%,0-35,N,1,60
BBB_2014J_397414,397414,BBB,2014J,F,B,Pass,1,1,0,West Midlands Region,A Level or Equivalent,40-50%,0-35,Y,2,60
BBB_2014J_74574,74574,BBB,2014J,F,B,Withdrawn,0,0,0,Scotland,Lower Than A Level,10-20,0-35,Y,0,120
BBB_2014J_126769,126769,BBB,2014J,F,B,Pass,1,1,0,West Midlands Region,Lower Than A Level,0-10%,0-35,N,1,60
BBB_2014B_624722,624722,BBB,2014B,F,B,Fail,0,0,0,London Region,Lower Than A Level,0-10%,35-55,N,0,60
BBB_2014J_691094,691094,BBB,2014J,F,B,Pass,1,1,0,West Midlands Region,Lower Than A Level,0-10%,0-35,N,0,120
BBB_2014J_586376,586376,BBB,2014J,F,B,Pass,1,1,0,South West Region,Lower Than A Level,40-50%,0-35,N,0,60
BBB_2014J_652553,652553,BBB,2014J,F,B,Pass,1,1,0,Yorkshire Region,A Level or Equivalent,20-30%,0-35,N,0,60
BBB_2014J_652288,652288,BBB,2014J,M,A,Fail,0,0,0,South East Region,A Level or Equivalent,20-30%,0-35,N,0,60
BBB_2014J_584539,584539,BBB,2014J,F,B,Pass,1,1,0,Scotland,HE Qualification,10-20,0-35,N,0,60
BBB_2013B_490733,490733,BBB,2013B,F,B,Withdrawn,0,0,0,London Region,Lower Than A Level,30-40%,0-35,N,0,60
BBB_2013B_530065,530065,BBB,2013B,F,B,Pass,1,1,0,Yorkshire Region,A Level or Equivalent,70-80%,35-55,N,0,180
BBB_2013J_108118,108118,BBB,2013J,F,B,Pass,1,1,0,South Region,A Level or Equivalent,90-100%,35-55,N,0,60
BBB_2013B_553320,553320,BBB,2013B,F,B,Fail,0,0,0,Wales,Lower Than A Level,0-10%,35-55,N,0,60
BBB_2013J_544122,544122,BBB,2013J,F,B,Distinction,1,1,0,Wales,A Level or Equivalent,90-100%,0-35,N,0,60
BBB_2014J_654639,654639,BBB,2014J,F,B,Withdrawn,0,0,0,London Region,No Formal quals,20-30%,0-35,N,0,120
BBB_2013B_546015,546015,BBB,2013B,F,B,Withdrawn,0,0,0,West Midlands Region,Lower Than A Level,50-60%,35-55,N,0,60
BBB_2014J_531865,531865,BBB,2014J,M,A,Pass,1,1,0,Scotland,HE Qualification,10-20,35-55,N,0,60
BBB_2013J_592683,592683,BBB,2013J,F,B,Withdrawn,0,0,0,North Western Region,Lower Than A Level,40-50%,0-35,N,0,60
BBB_2014J_643953,643953,BBB,2014J,M,A,Fail,0,0,0,Ireland,Lower Than A Level,0-10%,0-35,Y,0,120
BBB_2013J_578030,578030,BBB,2013J,F,B,Distinction,1,1,0,West Midlands Region,A Level or Equivalent,0-10%,0-35,N,0,120
BBB_2013J_576550,576550,BBB,2013J,F,B,Withdrawn,0,0,0,North Western Region,A Level or Equivalent,0-10%,0-35,N,0,180
BBB_2013J_508517,508517,BBB,2013J,F,B,Fail,0,0,0,Yorkshire Region,No Formal quals,30-40%,0-35,N,2,60
BBB_2014B_624411,624411,BBB,2014B,M,A,Withdrawn,0,0,0,East Midlands Region,Lower Than A Level,20-30%,35-55,N,0,120
BBB_2014J_654923,654923,BBB,2014J,F,B,Withdrawn,0,0,0,East Midlands Region,Lower Than A Level,40-50%,0-35,N,0,60
BBB_2014B_625816,625816,BBB,2014B,F,B,Pass,1,1,0,London Region,A Level or Equivalent,20-30%,35-55,N,0,60
BBB_2014J_594282,594282,BBB,2014J,F,B,Distinction,1,1,0,South East Region,A Level or Equivalent,60-70%,0-35,N,0,120
BBB_2014B_2683697,2683697,BBB,2014B,F,B,Fail,0,0,0,London Region,Lower Than A Level,0-10%,0-35,N,1,120
BBB_2013B_540767,540767,BBB,2013B,F,B,Withdrawn,0,0,0,East Midlands Region,Lower Than A Level,60-70%,0-35,N,0,60
BBB_2014J_684502,684502,BBB,2014J,F,B,Withdrawn,0,0,0,North Region,HE Qualification,0-10%,0-35,N,0,120
BBB_2014J_646798,646798,BBB,2014J,F,B,Pass,1,1,0,South Region,A Level or Equivalent,90-100%,0-35,Y,0,60
BBB_2014J_651257,651257,BBB,2014J,F,B,Pass,1,1,0,Wales,Lower Than A Level,20-30%,35-55,N,0,60
BBB_2014B_634353,634353,BBB,2014B,F,B,Fail,0,0,0,South Region,A Level or Equivalent,80-90%,0-35,N,0,60
BBB_2013B_357038,357038,BBB,2013B,F,B,Fail,0,0,0,South West Region,HE Qualification,10-20,0-35,N,2,180
BBB_2013J_605914,605914,BBB,2013J,F,B,Withdrawn,0,0,0,North Region,Lower Than A Level,50-60%,0-35,N,0,120
BBB_2013J_364871,364871,BBB,2013J,F,B,Pass,1,1,0,South West Region,A Level or Equivalent,50-60%,0-35,N,0,60
BBB_2013B_416654,416654,BBB,2013B,F,B,Pass,1,1,0,Scotland,A Level or Equivalent,50-60%,35-55,N,0,60
BBB_2013J_545297,545297,BBB,2013J,F,B,Fail,0,0,0,East Anglian Region,Lower Than A Level,40-50%,0-35,Y,0,60
BBB_2014B_190565,190565,BBB,2014B,F,B,Pass,1,1,0,Wales,Lower Than A Level,20-30%,35-55,Y,0,60
BBB_2013B_497280,497280,BBB,2013B,F,B,Pass,1,1,0,West Midlands Region,Lower Than A Level,0-10%,0-35,N,0,60
BBB_2013B_523156,523156,BBB,2013B,F,B,Withdrawn,0,0,0,North Region,A Level or Equivalent,60-70%,0-35,N,0,60
BBB_2013J_566133,566133,BBB,2013J,F,B,Distinction,1,1,0,East Anglian Region,A Level or Equivalent,60-70%,0-35,N,0,60
BBB_2014B_620573,620573,BBB,2014B,F,B,Pass,1,1,0,North Region,A Level or Equivalent,80-90%,0-35,N,0,60
BBB_2014J_2497189,2497189,BBB,2014J,F,B,Withdrawn,0,0,0,Scotland,A Level or Equivalent,30-40%,0-35,Y,1,120
BBB_2013J_530753,530753,BBB,2013J,F,B,Fail,0,0,0,Ireland,Lower Than A Level,0-10%,0-35,Y,0,60
BBB_2013B_302550,302550,BBB,2013B,M,A,Withdrawn,0,0,0,South Region,Lower Than A Level,40-50%,35-55,N,1,180
BBB_2013B_524171,524171,BBB,2013B,F,B,Fail,0,0,0,North Western Region,A Level or Equivalent,40-50%,0-35,N,0,120
BBB_2013B_554930,554930,BBB,2013B,F,B,Withdrawn,0,0,0,South East Region,Lower Than A Level,60-70%,35-55,N,0,60
BBB_2013B_548885,548885,BBB,2013B,F,B,Distinction,1,1,0,South East Region,Lower Than A Level,80-90%,0-35,Y,0,60
BBB_2014B_340831,340831,BBB,2014B,M,A,Pass,1,1,0,West Midlands Region,A Level or Equivalent,30-40%,35-55,N,1,60
BBB_2014J_655155,655155,BBB,2014J,F,B,Withdrawn,0,0,0,East Anglian Region,A Level or Equivalent,90-100%,35-55,N,0,60
BBB_2013J_551628,551628,BBB,2013J,F,B,Withdrawn,0,0,0,Yorkshire Region,Lower Than A Level,0-10%,0-35,Y,0,120
BBB_2013J_1963287,1963287,BBB,2013J,F,B,Fail,0,0,0,West Midlands Region,No Formal quals,0-10%,0-35,N,0,60
BBB_2013B_556301,556301,BBB,2013B,F,B,Pass,1,1,0,South East Region,HE Qualification,70-80%,35-55,N,0,120
BBB_2014B_372997,372997,BBB,2014B,F,B,Distinction,1,1,0,Wales,HE Qualification,80-90%,35-55,N,0,120
BBB_2013J_31014,31014,BBB,2013J,F,B,Withdrawn,0,0,0,West Midlands Region,Lower Than A Level,80-90%,35-55,N,0,120
BBB_2013J_573485,573485,BBB,2013J,F,B,Withdrawn,0,0,0,London Region,Lower Than A Level,10-20,0-35,N,0,120
BBB_2014J_651610,651610,BBB,2014J,F,B,Withdrawn,0,0,0,London Region,Lower Than A Level,40-50%,0-35,N,0,60
BBB_2013B_204746,204746,BBB,2013B,F,B,Distinction,1,1,0,London Region,A Level or Equivalent,0-10%,0-35,N,0,120
BBB_2014J_608851,608851,BBB,2014J,F,B,Pass,1,1,0,Scotland,HE Qualification,60-70%,0-35,N,0,60
BBB_2013J_568370,568370,BBB,2013J,F,B,Withdrawn,0,0,0,West Midlands Region,A Level or Equivalent,20-30%,35-55,N,0,120
BBB_2014J_1993672,1993672,BBB,2014J,F,B,Fail,0,0,0,West Midlands Region,Lower Than A Level,0-10%,35-55,Y,5,60
BBB_2014J_638756,638756,BBB,2014J,F,B,Pass,1,1,0,London Region,A Level or Equivalent,30-40%,0-35,N,0,120
BBB_2014B_626604,626604,BBB,2014B,M,A,Pass,1,1,0,South Region,A Level or Equivalent,80-90%,0-35,N,0,60
BBB_2014B_626442,626442,BBB,2014B,F,B,Fail,0,0,0,South Region,Lower Than A Level,70-80%,0-35,N,0,60
BBB_2013B_386957,386957,BBB,2013B,F,B,Fail,0,0,0,Wales,Lower Than A Level,10-20,0-35,N,0,60
BBB_2014B_634615,634615,BBB,2014B,M,A,Fail,0,0,0,London Region,A Level or Equivalent,50-60%,0-35,N,0,60
BBB_2014B_627948,627948,BBB,2014B,F,B,Fail,0,0,0,London Region,A Level or Equivalent,0-10%,0-35,N,0,60
BBB_2014B_321121,321121,BBB,2014B,F,B,Pass,1,1,0,West Midlands Region,Lower Than A Level,40-50%,0-35,N,1,120
BBB_2014J_2009239,2009239,BBB,2014J,F,B,Pass,1,1,0,South East Region,A Level or Equivalent,80-90%,35-55,N,2,120
BBB_2014J_692918,692918,BBB,2014J,F,B,Pass,1,1,0,North Region,A Level or Equivalent,,0-35,N,0,120
BBB_2014J_674616,674616,BBB,2014J,F,B,Fail,0,0,0,Yorkshire Region,A Level or Equivalent,70-80%,0-35,N,0,60
BBB_2013J_303617,303617,BBB,2013J,F,B,Fail,0,0,0,Wales,Lower Than A Level,0-10%,0-35,N,0,60
BBB_2013B_554374,554374,BBB,2013B,F,B,Distinction,1,1,0,London Region,A Level or Equivalent,30-40%,0-35,N,0,120
BBB_2013B_500507,500507,BBB,2013B,F,B,Withdrawn,0,0,0,London Region,A Level or Equivalent,60-70%,0-35,N,0,60
BBB_2013B_2322046,2322046,BBB,2013B,F,B,Withdrawn,0,0,0,South Region,HE Qualification,90-100%,35-55,Y,1,60
BBB_2014B_574057,574057,BBB,2014B,F,B,Fail,0,0,0,London Region,Lower Than A Level,0-10%,35-55,N,0,60
BBB_2013B_559495,559495,BBB,2013B,F,B,Distinction,1,1,0,North Region,A Level or Equivalent,80-90%,35-55,N,0,60
BBB_2013J_493453,493453,BBB,2013J,F,B,Pass,1,1,0,South Region,Lower Than A Level,70-80%,0-35,N,0,60
BBB_2014J_584664,584664,BBB,2014J,F,B,Withdrawn,0,0,0,South East Region,Lower Than A Level,10-20,35-55,Y,0,120
BBB_2014B_576375,576375,BBB,2014B,F,B,Pass,1,1,0,North Western Region,Lower Than A Level,,0-35,N,1,120
BBB_2013J_523757,523757,BBB,2013J,F,B,Fail,0,0,0,North Western Region,Lower Than A Level,0-10%,35-55,N,1,60
BBB_2013J_1503056,1503056,BBB,2013J,F,B,Pass,1,1,0,South West Region,Lower Than A Level,40-50%,35-55,Y,0,120
BBB_2013J_573821,573821,BBB,2013J,F,B,Pass,1,1,0,West Midlands Region,A Level or Equivalent,50-60%,0-35,N,0,60
BBB_2014J_674643,674643,BBB,2014J,M,A,Withdrawn,0,0,0,West Midlands Region,Lower Than A Level,20-30%,0-35,N,0,120
BBB_2014J_697754,697754,BBB,2014J,F,B,Distinction,1,1,0,South West Region,A Level or Equivalent,40-50%,35-55,N,0,120
BBB_2014J_686596,686596,BBB,2014J,F,B,Fail,0,0,0,South West Region,Lower Than A Level,20-30%,0-35,N,0,60
BBB_2013B_529502,529502,BBB,2013B,F,B,Pass,1,1,0,Wales,HE Qualification,30-40%,35-55,N,0,60
BBB_2013J_1998790,1998790,BBB,2013J,M,A,Fail,0,0,0,Wales,A Level or Equivalent,30-40%,35-55,N,0,60
BBB_2014J_574841,574841,BBB,2014J,F,B,Pass,1,1,0,South Region,A Level or Equivalent,70-80%,0-35,N,0,60
BBB_2014J_433939,433939,BBB,2014J,F,B,Fail,0,0,0,Yorkshire Region,Lower Than A Level,50-60%,35-55,N,1,60
BBB_2013B_551895,551895,BBB,2013B,F,B,Pass,1,1,0,Scotland,A Level or Equivalent,20-30%,0-35,N,0,60
BBB_2013J_578854,578854,BBB,2013J,F,B,Withdrawn,0,0,0,Wales,HE Qualification,10-20,0-35,N,0,60
BBB_2013J_1781804,1781804,BBB,2013J,F,B,Fail,0,0,0,London Region,Lower Than A Level,10-20,35-55,N,0,60
BBB_2014J_411150,411150,BBB,2014J,F,B,Withdrawn,0,0,0,Yorkshire Region,Lower Than A Level,50-60%,0-35,N,0,60
BBB_2013B_520049,520049,BBB,2013B,F,B,Withdrawn,0,0,0,West Midlands Region,Lower Than A Level,60-70%,35-55,N,0,60
BBB_2014B_597882,597882,BBB,2014B,F,B,Pass,1,1,0,East Midlands Region,A Level or Equivalent,30-40%,35-55,N,0,150
BBB_2013B_186988,186988,BBB,2013B,F,B,Fail,0,0,0,Yorkshire Region,Lower Than A Level,0-10%,0-35,N,2,60
BBB_2014J_649886,649886,BBB,2014J,F,B,Withdrawn,0,0,0,Yorkshire Region,A Level or Equivalent,60-70%,0-35,N,0,60
BBB_2014J_102067,102067,BBB,2014J,F,B,Withdrawn,0,0,0,North Western Region,A Level or Equivalent,10-20,0-35,N,1,120
BBB_2014B_626460,626460,BBB,2014B,F,B,Withdrawn,0,0,0,Scotland,Lower Than A Level,20-30%,0-35,N,0,60
BBB_2014J_505692,505692,BBB,2014J,F,B,Withdrawn,0,0,0,North Region,Lower Than A Level,10-20,0-35,N,0,120
BBB_2013B_544686,544686,BBB,2013B,F,B,Withdrawn,0,0,0,London Region,Lower Than A Level,10-20,0-35,N,0,60
BBB_2014B_574935,574935,BBB,2014B,F,B,Withdrawn,0,0,0,East Anglian Region,Lower Than A Level,40-50%,35-55,N,0,120
BBB_2014J_697136,697136,BBB,2014J,F,B,Withdrawn,0,0,0,South East Region,Lower Than A Level,20-30%,0-35,N,0,120
BBB_2013J_409945,409945,BBB,2013J,F,B,Pass,1,1,0,Wales,A Level or Equivalent,80-90%,0-35,N,0,180
BBB_2014J_605383,605383,BBB,2014J,F,B,Withdrawn,0,0,0,North Region,A Level or Equivalent,10-20,0-35,N,0,180
BBB_2014B_622767,622767,BBB,2014B,F,B,Withdrawn,0,0,0,South Region,Lower Than A Level,30-40%,0-35,N,0,120
BBB_2013B_562146,562146,BBB,2013B,F,B,Withdrawn,0,0,0,West Midlands Region,A Level or Equivalent,70-80%,35-55,N,0,120
BBB_2013B_230348,230348,BBB,2013B,F,B,Withdrawn,0,0,0,East Anglian Region,A Level or Equivalent,0-10%,0-35,N,2,585
BBB_2013B_525543,525543,BBB,2013B,F,B,Withdrawn,0,0,0,East Midlands Region,Lower Than A Level,10-20,0-35,N,0,120
BBB_2013J_606697,606697,BBB,2013J,F,B,Pass,1,1,0,Scotland,Lower Than A Level,30-40%,0-35,N,0,60
BBB_2013B_502279,502279,BBB,2013B,F,B,Withdrawn,0,0,0,West Midlands Region,HE Qualification,60-70%,0-35,N,1,180
BBB_2014J_689230,689230,BBB,2014J,F,B,Pass,1,1,0,Ireland,A Level or Equivalent,40-50%,35-55,N,0,120
BBB_2014B_172137,172137,BBB,2014B,F,B,Pass,1,1,0,Wales,A Level or Equivalent,90-100%,35-55,N,0,60
BBB_2014J_576913,576913,BBB,2014J,M,A,Fail,0,0,0,Ireland,A Level or Equivalent,10-20,0-35,N,0,60
BBB_2014J_298187,298187,BBB,2014J,F,B,Pass,1,1,0,Scotland,Lower Than A Level,40-50%,0-35,N,0,60
BBB_2013B_548334,548334,BBB,2013B,F,B,Pass,1,1,0,South East Region,A Level or Equivalent,60-70%,35-55,N,0,60
BBB_2013J_417967,417967,BBB,2013J,F,B,Withdrawn,0,0,0,London Region,A Level or Equivalent,40-50%,35-55,N,0,120
BBB_2013J_552865,552865,BBB,2013J,F,B,Withdrawn,0,0,0,North Western Region,Lower Than A Level,0-10%,0-35,N,0,60
BBB_2013B_2366070,2366070,BBB,2013B,F,B,Withdrawn,0,0,0,South East Region,HE Qualification,30-40%,0-35,N,0,240
BBB_2014B_598250,598250,BBB,2014B,F,B,Withdrawn,0,0,0,East Midlands Region,Lower Than A Level,40-50%,0-35,N,0,120
BBB_2013B_2608235,2608235,BBB,2013B,F,B,Pass,1,1,0,East Anglian Region,A Level or Equivalent,10-20,0-35,N,0,60
BBB_2013B_542687,542687,BBB,2013B,F,B,Fail,0,0,0,North Western Region,Lower Than A Level,0-10%,0-35,N,0,60
BBB_2014J_649638,649638,BBB,2014J,F,B,Withdrawn,0,0,0,South West Region,Lower Than A Level,50-60%,0-35,N,0,60
BBB_2013B_349040,349040,BBB,2013B,F,B,Withdrawn,0,0,0,North Region,HE Qualification,80-90%,35-55,N,0,60
BBB_2013J_579762,579762,BBB,2013J,F,B,Pass,1,1,0,East Midlands Region,HE Qualification,80-90%,35-55,N,0,60
BBB_2014B_2440756,2440756,BBB,2014B,F,B,Pass,1,1,0,Wales,HE Qualification,90-100%,35-55,N,0,60
BBB_2013B_561343,561343,BBB,2013B,M,A,Pass,1,1,0,Wales,A Level or Equivalent,70-80%,0-35,N,0,60
BBB_2013B_523596,523596,BBB,2013B,F,B,Fail,0,0,0,East Anglian Region,A Level or Equivalent,90-100%,0-35,N,0,75
BBB_2013B_414958,414958,BBB,2013B,F,B,Pass,1,1,0,South Region,A Level or Equivalent,80-90%,0-35,N,1,60
BBB_2013J_581027,581027,BBB,2013J,F,B,Fail,0,0,0,Wales,Lower Than A Level,30-40%,0-35,N,0,90
BBB_2014J_677892,677892,BBB,2014J,F,B,Pass,1,1,0,Scotland,A Level or Equivalent,10-20,0-35,N,0,60
BBB_2014J_165498,165498,BBB,2014J,F,B,Withdrawn,0,0,0,East Anglian Region,Lower Than A Level,80-90%,35-55,Y,0,270
BBB_2013B_252340,252340,BBB,2013B,F,B,Fail,0,0,0,Scotland,A Level or Equivalent,80-90%,0-35,Y,2,120
BBB_2014J_2542310,2542310,BBB,2014J,F,B,Fail,0,0,0,London Region,Lower Than A Level,40-50%,0-35,N,2,60
BBB_2014B_601010,601010,BBB,2014B,M,A,Pass,1,1,0,Wales,HE Qualification,80-90%,0-35,N,0,60
BBB_2014B_606335,606335,BBB,2014B,F,B,Withdrawn,0,0,0,North Western Region,A Level or Equivalent,40-50%,0-35,Y,0,120
BBB_2013J_587155,587155,BBB,2013J,F,B,Withdrawn,0,0,0,North Western Region,Lower Than A Level,70-80%,0-35,N,0,120
BBB_2014B_596533,596533,BBB,2014B,F,B,Pass,1,1,0,Yorkshire Region,A Level or Equivalent,20-30%,0-35,N,0,180
BBB_2013B_465599,465599,BBB,2013B,F,B,Pass,1,1,0,Scotland,A Level or Equivalent,30-40%,35-55,N,1,60
BBB_2013B_532839,532839,BBB,2013B,F,B,Withdrawn,0,0,0,North Region,HE Qualification,,0-35,N,0,60
BBB_2014J_684982,684982,BBB,2014J,F,B,Withdrawn,0,0,0,London Region,A Level or Equivalent,50-60%,0-35,N,0,60
BBB_2014B_633231,633231,BBB,2014B,F,B,Fail,0,0,0,North Region,Lower Than A Level,0-10%,0-35,N,0,60
BBB_2014B_2652209,2652209,BBB,2014B,F,B,Pass,1,1,0,London Region,Lower Than A Level,10-20,35-55,N,0,60
BBB_2014B_383967,383967,BBB,2014B,F,B,Pass,1,1,0,East Anglian Region,A Level or Equivalent,50-60%,0-35,N,0,90
BBB_2013B_183806,183806,BBB,2013B,F,B,Fail,0,0,0,South West Region,A Level or Equivalent,80-90%,35-55,Y,1,225
BBB_2014B_571732,571732,BBB,2014B,F,B,Withdrawn,0,0,0,South East Region,Lower Than A Level,70-80%,35-55,N,1,180
BBB_2013B_558769,558769,BBB,2013B,F,B,Fail,0,0,0,Scotland,Lower Than A Level,30-40%,0-35,N,0,60
BBB_2014B_613832,613832,BBB,2014B,F,B,Fail,0,0,0,Yorkshire Region,Lower Than A Level,0-10%,35-55,N,0,120
BBB_2014J_530941,530941,BBB,2014J,F,B,Pass,1,1,0,East Anglian Region,Lower Than A Level,20-30%,0-35,N,0,60
BBB_2014B_632658,632658,BBB,2014B,F,B,Pass,1,1,0,Yorkshire Region,Lower Than A Level,0-10%,0-35,N,0,60
BBB_2014B_592725,592725,BBB,2014B,M,A,Pass,1,1,0,West Midlands Region,A Level or Equivalent,,0-35,N,0,180
BBB_2014J_652522,652522,BBB,2014J,F,B,Fail,0,0,0,South West Region,Lower Than A Level,70-80%,0-35,N,0,60
BBB_2013B_2645061,2645061,BBB,2013B,F,B,Pass,1,1,0,South East Region,Lower Than A Level,80-90%,0-35,N,1,180
BBB_2013J_581038,581038,BBB,2013J,F,B,Fail,0,0,0,East Midlands Region,Lower Than A Level,30-40%,0-35,N,0,120
BBB_2014J_645420,645420,BBB,2014J,F,B,Fail,0,0,0,North Western Region,Lower Than A Level,80-90%,0-35,N,0,60
BBB_2013B_517617,517617,BBB,2013B,F,B,Pass,1,1,0,East Midlands Region,A Level or Equivalent,30-40%,0-35,N,0,120
BBB_2014B_622132,622132,BBB,2014B,F,B,Distinction,1,1,0,Scotland,Lower Than A Level,70-80%,0-35,N,0,60
BBB_2013J_564626,564626,BBB,2013J,M,A,Fail,0,0,0,London Region,A Level or Equivalent,80-90%,0-35,N,0,60
BBB_2014J_655230,655230,BBB,2014J,F,B,Withdrawn,0,0,0,East Midlands Region,A Level or Equivalent,20-30%,0-35,N,0,120
BBB_2014B_624663,624663,BBB,2014B,F,B,Withdrawn,0,0,0,East Midlands Region,Lower Than A Level,30-40%,0-35,N,0,60
BBB_2014J_646119,646119,BBB,2014J,F,B,Pass,1,1,0,South West Region,Lower Than A Level,50-60%,35-55,N,0,60
BBB_2014B_590408,590408,BBB,2014B,F,B,Fail,0,0,0,London Region,Lower Than A Level,0-10%,0-35,Y,0,60
BBB_2014J_645248,645248,BBB,2014J,F,B,Withdrawn,0,0,0,East Anglian Region,Lower Than A Level,60-70%,0-35,N,0,60
BBB_2013B_532950,532950,BBB,2013B,F,B,Pass,1,1,0,South West Region,Lower Than A Level,70-80%,0-35,N,0,60
BBB_2014B_629504,629504,BBB,2014B,M,A,Pass,1,1,0,Wales,Lower Than A Level,0-10%,0-35,N,0,60
BBB_2014B_564460,564460,BBB,2014B,F,B,Withdrawn,0,0,0,Yorkshire Region,No Formal quals,0-10%,0-35,N,0,60
BBB_2014B_623882,623882,BBB,2014B,F,B,Pass,1,1,0,North Region,Lower Than A Level,30-40%,0-35,N,0,60
BBB_2014B_617560,617560,BBB,2014B,F,B,Pass,1,1,0,South West Region,A Level or Equivalent,70-80%,0-35,N,0,120
BBB_2013B_506233,506233,BBB,2013B,F,B,Pass,1,1,0,South West Region,A Level or Equivalent,40-50%,35-55,N,0,60
BBB_2013B_550668,550668,BBB,2013B,F,B,Fail,0,0,0,West Midlands Region,A Level or Equivalent,0-10%,0-35,N,0,60
BBB_2013J_573519,573519,BBB,2013J,F,B,Distinction,1,1,0,South East Region,A Level or Equivalent,70-80%,0-35,N,0,60
BBB_2014B_581222,581222,BBB,2014B,M,A,Pass,1,1,0,East Midlands Region,A Level or Equivalent,50-60%,0-35,N,0,240
BBB_2014B_355369,355369,BBB,2014B,F,B,Fail,0,0,0,Yorkshire Region,A Level or Equivalent,80-90%,35-55,N,2,60
BBB_2014J_650548,650548,BBB,2014J,F,B,Fail,0,0,0,Scotland,Lower Than A Level,0-10%,0-35,N,0,60
BBB_2014J_597539,597539,BBB,2014J,F,B,Fail,0,0,0,West Midlands Region,Lower Than A Level,40-50%,0-35,N,0,60
BBB_2013J_608564,608564,BBB,2013J,F,B,Fail,0,0,0,London Region,A Level or Equivalent,10-20,0-35,N,0,60
BBB_2013J_596114,596114,BBB,2013J,F,B,Pass,1,1,0,Wales,HE Qualification,40-50%,35-55,N,0,60
BBB_2013B_513093,513093,BBB,2013B,F,B,Pass,1,1,0,East Anglian Region,A Level or Equivalent,90-100%,0-35,N,0,120
BBB_2014B_244064,244064,BBB,2014B,F,B,Distinction,1,1,0,North Western Region,A Level or Equivalent,30-40%,0-35,N,0,60
BBB_2014J_632722,632722,BBB,2014J,F,B,Withdrawn,0,0,0,South Region,Lower Than A Level,40-50%,0-35,N,0,60
BBB_2013B_1904710,1904710,BBB,2013B,F,B,Withdrawn,0,0,0,Yorkshire Region,Lower Than A Level,30-40%,35-55,Y,0,60
BBB_2014J_655605,655605,BBB,2014J,F,B,Fail,0,0,0,Ireland,Lower Than A Level,50-60%,35-55,N,0,60
BBB_2014J_619052,619052,BBB,2014J,M,A,Fail,0,0,0,East Anglian Region,No Formal quals,60-70%,0-35,N,0,60
BBB_2014J_656222,656222,BBB,2014J,F,B,Fail,0,0,0,East Anglian Region,A Level or Equivalent,40-50%,35-55,N,0,120
